date,name,level,price
2024-09-02,Beras,1,"14,350"
2024-09-03,Beras,1,"14,350"
2024-09-04,Beras,1,"14,350"
2024-09-05,Beras,1,"14,350"
2024-09-06,Beras,1,"14,350"
2024-09-09,Beras,1,"14,350"
2024-09-10,Beras,1,"14,350"
2024-09-11,Beras,1,"14,350"
2024-09-12,Beras,1,"14,350"
2024-09-13,Beras,1,"14,350"
2024-09-16,Beras,1,"14,350"
2024-09-17,Beras,1,"14,350"
2024-09-18,Beras,1,"14,350"
2024-09-19,Beras,1,"14,350"
2024-09-20,Beras,1,"14,350"
2024-09-23,Beras,1,"14,350"
2024-09-24,Beras,1,"14,350"
2024-09-25,Beras,1,"14,350"
2024-09-26,Beras,1,"14,350"
2024-09-27,Beras,1,"14,350"
2024-09-30,Beras,1,"14,350"
2024-09-02,Beras Kualitas Bawah I,2,"13,250"
2024-09-03,Beras Kualitas Bawah I,2,"13,250"
2024-09-04,Beras Kualitas Bawah I,2,"13,250"
2024-09-05,Beras Kualitas Bawah I,2,"13,250"
2024-09-06,Beras Kualitas Bawah I,2,"13,250"
2024-09-09,Beras Kualitas Bawah I,2,"13,250"
2024-09-10,Beras Kualitas Bawah I,2,"13,250"
2024-09-11,Beras Kualitas Bawah I,2,"13,250"
2024-09-12,Beras Kualitas Bawah I,2,"13,250"
2024-09-13,Beras Kualitas Bawah I,2,"13,250"
2024-09-16,Beras Kualitas Bawah I,2,"13,250"
2024-09-17,Beras Kualitas Bawah I,2,"13,250"
2024-09-18,Beras Kualitas Bawah I,2,"13,250"
2024-09-19,Beras Kualitas Bawah I,2,"13,250"
2024-09-20,Beras Kualitas Bawah I,2,"13,200"
2024-09-23,Beras Kualitas Bawah I,2,"13,200"
2024-09-24,Beras Kualitas Bawah I,2,"13,200"
2024-09-25,Beras Kualitas Bawah I,2,"13,200"
2024-09-26,Beras Kualitas Bawah I,2,"13,300"
2024-09-27,Beras Kualitas Bawah I,2,"13,300"
2024-09-30,Beras Kualitas Bawah I,2,"13,300"
2024-09-02,Beras Kualitas Bawah II,2,"13,050"
2024-09-03,Beras Kualitas Bawah II,2,"13,050"
2024-09-04,Beras Kualitas Bawah II,2,"13,000"
2024-09-05,Beras Kualitas Bawah II,2,"13,050"
2024-09-06,Beras Kualitas Bawah II,2,"13,050"
2024-09-09,Beras Kualitas Bawah II,2,"13,050"
2024-09-10,Beras Kualitas Bawah II,2,"13,050"
2024-09-11,Beras Kualitas Bawah II,2,"13,050"
2024-09-12,Beras Kualitas Bawah II,2,"13,050"
2024-09-13,Beras Kualitas Bawah II,2,"13,050"
2024-09-16,Beras Kualitas Bawah II,2,"13,050"
2024-09-17,Beras Kualitas Bawah II,2,"13,050"
2024-09-18,Beras Kualitas Bawah II,2,"13,050"
2024-09-19,Beras Kualitas Bawah II,2,"13,050"
2024-09-20,Beras Kualitas Bawah II,2,"13,000"
2024-09-23,Beras Kualitas Bawah II,2,"13,000"
2024-09-24,Beras Kualitas Bawah II,2,"13,000"
2024-09-25,Beras Kualitas Bawah II,2,"13,000"
2024-09-26,Beras Kualitas Bawah II,2,"13,000"
2024-09-27,Beras Kualitas Bawah II,2,"13,000"
2024-09-30,Beras Kualitas Bawah II,2,"13,000"
2024-09-02,Beras Kualitas Medium I,2,"14,450"
2024-09-03,Beras Kualitas Medium I,2,"14,450"
2024-09-04,Beras Kualitas Medium I,2,"14,500"
2024-09-05,Beras Kualitas Medium I,2,"14,450"
2024-09-06,Beras Kualitas Medium I,2,"14,450"
2024-09-09,Beras Kualitas Medium I,2,"14,450"
2024-09-10,Beras Kualitas Medium I,2,"14,450"
2024-09-11,Beras Kualitas Medium I,2,"14,450"
2024-09-12,Beras Kualitas Medium I,2,"14,450"
2024-09-13,Beras Kualitas Medium I,2,"14,450"
2024-09-16,Beras Kualitas Medium I,2,"14,450"
2024-09-17,Beras Kualitas Medium I,2,"14,450"
2024-09-18,Beras Kualitas Medium I,2,"14,450"
2024-09-19,Beras Kualitas Medium I,2,"14,450"
2024-09-20,Beras Kualitas Medium I,2,"14,450"
2024-09-23,Beras Kualitas Medium I,2,"14,450"
2024-09-24,Beras Kualitas Medium I,2,"14,450"
2024-09-25,Beras Kualitas Medium I,2,"14,450"
2024-09-26,Beras Kualitas Medium I,2,"14,450"
2024-09-27,Beras Kualitas Medium I,2,"14,450"
2024-09-30,Beras Kualitas Medium I,2,"14,450"
2024-09-02,Beras Kualitas Medium II,2,"14,400"
2024-09-03,Beras Kualitas Medium II,2,"14,400"
2024-09-04,Beras Kualitas Medium II,2,"14,400"
2024-09-05,Beras Kualitas Medium II,2,"14,400"
2024-09-06,Beras Kualitas Medium II,2,"14,400"
2024-09-09,Beras Kualitas Medium II,2,"14,400"
2024-09-10,Beras Kualitas Medium II,2,"14,400"
2024-09-11,Beras Kualitas Medium II,2,"14,400"
2024-09-12,Beras Kualitas Medium II,2,"14,400"
2024-09-13,Beras Kualitas Medium II,2,"14,400"
2024-09-16,Beras Kualitas Medium II,2,"14,400"
2024-09-17,Beras Kualitas Medium II,2,"14,400"
2024-09-18,Beras Kualitas Medium II,2,"14,400"
2024-09-19,Beras Kualitas Medium II,2,"14,400"
2024-09-20,Beras Kualitas Medium II,2,"14,400"
2024-09-23,Beras Kualitas Medium II,2,"14,400"
2024-09-24,Beras Kualitas Medium II,2,"14,400"
2024-09-25,Beras Kualitas Medium II,2,"14,400"
2024-09-26,Beras Kualitas Medium II,2,"14,400"
2024-09-27,Beras Kualitas Medium II,2,"14,400"
2024-09-30,Beras Kualitas Medium II,2,"14,400"
2024-09-02,Beras Kualitas Super I,2,"15,700"
2024-09-03,Beras Kualitas Super I,2,"15,700"
2024-09-04,Beras Kualitas Super I,2,"15,700"
2024-09-05,Beras Kualitas Super I,2,"15,700"
2024-09-06,Beras Kualitas Super I,2,"15,700"
2024-09-09,Beras Kualitas Super I,2,"15,700"
2024-09-10,Beras Kualitas Super I,2,"15,700"
2024-09-11,Beras Kualitas Super I,2,"15,700"
2024-09-12,Beras Kualitas Super I,2,"15,700"
2024-09-13,Beras Kualitas Super I,2,"15,700"
2024-09-16,Beras Kualitas Super I,2,"15,700"
2024-09-17,Beras Kualitas Super I,2,"15,700"
2024-09-18,Beras Kualitas Super I,2,"15,700"
2024-09-19,Beras Kualitas Super I,2,"15,700"
2024-09-20,Beras Kualitas Super I,2,"15,700"
2024-09-23,Beras Kualitas Super I,2,"15,700"
2024-09-24,Beras Kualitas Super I,2,"15,700"
2024-09-25,Beras Kualitas Super I,2,"15,700"
2024-09-26,Beras Kualitas Super I,2,"15,700"
2024-09-27,Beras Kualitas Super I,2,"15,700"
2024-09-30,Beras Kualitas Super I,2,"15,700"
2024-09-02,Beras Kualitas Super II,2,"15,300"
2024-09-03,Beras Kualitas Super II,2,"15,300"
2024-09-04,Beras Kualitas Super II,2,"15,300"
2024-09-05,Beras Kualitas Super II,2,"15,300"
2024-09-06,Beras Kualitas Super II,2,"15,300"
2024-09-09,Beras Kualitas Super II,2,"15,300"
2024-09-10,Beras Kualitas Super II,2,"15,300"
2024-09-11,Beras Kualitas Super II,2,"15,300"
2024-09-12,Beras Kualitas Super II,2,"15,250"
2024-09-13,Beras Kualitas Super II,2,"15,300"
2024-09-16,Beras Kualitas Super II,2,"15,300"
2024-09-17,Beras Kualitas Super II,2,"15,300"
2024-09-18,Beras Kualitas Super II,2,"15,300"
2024-09-19,Beras Kualitas Super II,2,"15,300"
2024-09-20,Beras Kualitas Super II,2,"15,300"
2024-09-23,Beras Kualitas Super II,2,"15,300"
2024-09-24,Beras Kualitas Super II,2,"15,300"
2024-09-25,Beras Kualitas Super II,2,"15,300"
2024-09-26,Beras Kualitas Super II,2,"15,300"
2024-09-27,Beras Kualitas Super II,2,"15,300"
2024-09-30,Beras Kualitas Super II,2,"15,300"
2024-09-02,Daging Ayam,1,"29,000"
2024-09-03,Daging Ayam,1,"29,000"
2024-09-04,Daging Ayam,1,"29,100"
2024-09-05,Daging Ayam,1,"28,950"
2024-09-06,Daging Ayam,1,"28,950"
2024-09-09,Daging Ayam,1,"28,950"
2024-09-10,Daging Ayam,1,"28,950"
2024-09-11,Daging Ayam,1,"28,900"
2024-09-12,Daging Ayam,1,"28,850"
2024-09-13,Daging Ayam,1,"28,850"
2024-09-16,Daging Ayam,1,"28,850"
2024-09-17,Daging Ayam,1,"28,850"
2024-09-18,Daging Ayam,1,"28,800"
2024-09-19,Daging Ayam,1,"28,900"
2024-09-20,Daging Ayam,1,"28,900"
2024-09-23,Daging Ayam,1,"28,900"
2024-09-24,Daging Ayam,1,"28,900"
2024-09-25,Daging Ayam,1,"28,950"
2024-09-26,Daging Ayam,1,"29,350"
2024-09-27,Daging Ayam,1,"29,350"
2024-09-30,Daging Ayam,1,"29,350"
2024-09-02,Daging Ayam Ras Segar,2,"29,000"
2024-09-03,Daging Ayam Ras Segar,2,"29,000"
2024-09-04,Daging Ayam Ras Segar,2,"29,100"
2024-09-05,Daging Ayam Ras Segar,2,"28,950"
2024-09-06,Daging Ayam Ras Segar,2,"28,950"
2024-09-09,Daging Ayam Ras Segar,2,"28,950"
2024-09-10,Daging Ayam Ras Segar,2,"28,950"
2024-09-11,Daging Ayam Ras Segar,2,"28,900"
2024-09-12,Daging Ayam Ras Segar,2,"28,850"
2024-09-13,Daging Ayam Ras Segar,2,"28,850"
2024-09-16,Daging Ayam Ras Segar,2,"28,850"
2024-09-17,Daging Ayam Ras Segar,2,"28,850"
2024-09-18,Daging Ayam Ras Segar,2,"28,800"
2024-09-19,Daging Ayam Ras Segar,2,"28,900"
2024-09-20,Daging Ayam Ras Segar,2,"28,900"
2024-09-23,Daging Ayam Ras Segar,2,"28,900"
2024-09-24,Daging Ayam Ras Segar,2,"28,900"
2024-09-25,Daging Ayam Ras Segar,2,"28,950"
2024-09-26,Daging Ayam Ras Segar,2,"29,350"
2024-09-27,Daging Ayam Ras Segar,2,"29,350"
2024-09-30,Daging Ayam Ras Segar,2,"29,350"
2024-09-02,Daging Sapi,1,"127,650"
2024-09-03,Daging Sapi,1,"127,650"
2024-09-04,Daging Sapi,1,"127,600"
2024-09-05,Daging Sapi,1,"127,300"
2024-09-06,Daging Sapi,1,"127,300"
2024-09-09,Daging Sapi,1,"127,300"
2024-09-10,Daging Sapi,1,"127,300"
2024-09-11,Daging Sapi,1,"127,300"
2024-09-12,Daging Sapi,1,"127,300"
2024-09-13,Daging Sapi,1,"127,300"
2024-09-16,Daging Sapi,1,"127,300"
2024-09-17,Daging Sapi,1,"127,300"
2024-09-18,Daging Sapi,1,"127,300"
2024-09-19,Daging Sapi,1,"127,350"
2024-09-20,Daging Sapi,1,"127,350"
2024-09-23,Daging Sapi,1,"127,350"
2024-09-24,Daging Sapi,1,"127,350"
2024-09-25,Daging Sapi,1,"127,350"
2024-09-26,Daging Sapi,1,"127,350"
2024-09-27,Daging Sapi,1,"127,350"
2024-09-30,Daging Sapi,1,"127,350"
2024-09-02,Daging Sapi Kualitas 1,2,"130,000"
2024-09-03,Daging Sapi Kualitas 1,2,"130,000"
2024-09-04,Daging Sapi Kualitas 1,2,"130,000"
2024-09-05,Daging Sapi Kualitas 1,2,"129,750"
2024-09-06,Daging Sapi Kualitas 1,2,"129,750"
2024-09-09,Daging Sapi Kualitas 1,2,"129,750"
2024-09-10,Daging Sapi Kualitas 1,2,"129,750"
2024-09-11,Daging Sapi Kualitas 1,2,"129,750"
2024-09-12,Daging Sapi Kualitas 1,2,"129,650"
2024-09-13,Daging Sapi Kualitas 1,2,"129,650"
2024-09-16,Daging Sapi Kualitas 1,2,"129,650"
2024-09-17,Daging Sapi Kualitas 1,2,"129,650"
2024-09-18,Daging Sapi Kualitas 1,2,"129,650"
2024-09-19,Daging Sapi Kualitas 1,2,"129,650"
2024-09-20,Daging Sapi Kualitas 1,2,"129,700"
2024-09-23,Daging Sapi Kualitas 1,2,"129,700"
2024-09-24,Daging Sapi Kualitas 1,2,"129,700"
2024-09-25,Daging Sapi Kualitas 1,2,"129,700"
2024-09-26,Daging Sapi Kualitas 1,2,"129,650"
2024-09-27,Daging Sapi Kualitas 1,2,"129,650"
2024-09-30,Daging Sapi Kualitas 1,2,"129,650"
2024-09-02,Daging Sapi Kualitas 2,2,"126,100"
2024-09-03,Daging Sapi Kualitas 2,2,"126,100"
2024-09-04,Daging Sapi Kualitas 2,2,"126,100"
2024-09-05,Daging Sapi Kualitas 2,2,"125,650"
2024-09-06,Daging Sapi Kualitas 2,2,"125,650"
2024-09-09,Daging Sapi Kualitas 2,2,"125,650"
2024-09-10,Daging Sapi Kualitas 2,2,"125,650"
2024-09-11,Daging Sapi Kualitas 2,2,"125,650"
2024-09-12,Daging Sapi Kualitas 2,2,"125,750"
2024-09-13,Daging Sapi Kualitas 2,2,"125,750"
2024-09-16,Daging Sapi Kualitas 2,2,"125,750"
2024-09-17,Daging Sapi Kualitas 2,2,"125,750"
2024-09-18,Daging Sapi Kualitas 2,2,"125,750"
2024-09-19,Daging Sapi Kualitas 2,2,"125,900"
2024-09-20,Daging Sapi Kualitas 2,2,"125,900"
2024-09-23,Daging Sapi Kualitas 2,2,"125,900"
2024-09-24,Daging Sapi Kualitas 2,2,"125,900"
2024-09-25,Daging Sapi Kualitas 2,2,"125,900"
2024-09-26,Daging Sapi Kualitas 2,2,"125,900"
2024-09-27,Daging Sapi Kualitas 2,2,"125,900"
2024-09-30,Daging Sapi Kualitas 2,2,"125,900"
2024-09-02,Telur Ayam,1,"26,400"
2024-09-03,Telur Ayam,1,"26,400"
2024-09-04,Telur Ayam,1,"26,400"
2024-09-05,Telur Ayam,1,"26,100"
2024-09-06,Telur Ayam,1,"26,100"
2024-09-09,Telur Ayam,1,"26,100"
2024-09-10,Telur Ayam,1,"26,100"
2024-09-11,Telur Ayam,1,"26,050"
2024-09-12,Telur Ayam,1,"26,450"
2024-09-13,Telur Ayam,1,"26,450"
2024-09-16,Telur Ayam,1,"26,450"
2024-09-17,Telur Ayam,1,"26,450"
2024-09-18,Telur Ayam,1,"26,450"
2024-09-19,Telur Ayam,1,"26,500"
2024-09-20,Telur Ayam,1,"26,500"
2024-09-23,Telur Ayam,1,"26,500"
2024-09-24,Telur Ayam,1,"26,500"
2024-09-25,Telur Ayam,1,"26,500"
2024-09-26,Telur Ayam,1,"26,550"
2024-09-27,Telur Ayam,1,"26,550"
2024-09-30,Telur Ayam,1,"26,550"
2024-09-02,Telur Ayam Ras Segar,2,"26,400"
2024-09-03,Telur Ayam Ras Segar,2,"26,400"
2024-09-04,Telur Ayam Ras Segar,2,"26,400"
2024-09-05,Telur Ayam Ras Segar,2,"26,100"
2024-09-06,Telur Ayam Ras Segar,2,"26,100"
2024-09-09,Telur Ayam Ras Segar,2,"26,100"
2024-09-10,Telur Ayam Ras Segar,2,"26,100"
2024-09-11,Telur Ayam Ras Segar,2,"26,050"
2024-09-12,Telur Ayam Ras Segar,2,"26,450"
2024-09-13,Telur Ayam Ras Segar,2,"26,450"
2024-09-16,Telur Ayam Ras Segar,2,"26,450"
2024-09-17,Telur Ayam Ras Segar,2,"26,450"
2024-09-18,Telur Ayam Ras Segar,2,"26,450"
2024-09-19,Telur Ayam Ras Segar,2,"26,500"
2024-09-20,Telur Ayam Ras Segar,2,"26,500"
2024-09-23,Telur Ayam Ras Segar,2,"26,500"
2024-09-24,Telur Ayam Ras Segar,2,"26,500"
2024-09-25,Telur Ayam Ras Segar,2,"26,500"
2024-09-26,Telur Ayam Ras Segar,2,"26,550"
2024-09-27,Telur Ayam Ras Segar,2,"26,550"
2024-09-30,Telur Ayam Ras Segar,2,"26,550"
2024-09-02,Bawang Merah,1,"21,650"
2024-09-03,Bawang Merah,1,"21,650"
2024-09-04,Bawang Merah,1,"21,650"
2024-09-05,Bawang Merah,1,"22,350"
2024-09-06,Bawang Merah,1,"22,350"
2024-09-09,Bawang Merah,1,"22,350"
2024-09-10,Bawang Merah,1,"22,350"
2024-09-11,Bawang Merah,1,"22,400"
2024-09-12,Bawang Merah,1,"22,700"
2024-09-13,Bawang Merah,1,"22,700"
2024-09-16,Bawang Merah,1,"22,700"
2024-09-17,Bawang Merah,1,"22,700"
2024-09-18,Bawang Merah,1,"22,750"
2024-09-19,Bawang Merah,1,"23,150"
2024-09-20,Bawang Merah,1,"23,000"
2024-09-23,Bawang Merah,1,"23,000"
2024-09-24,Bawang Merah,1,"23,000"
2024-09-25,Bawang Merah,1,"23,050"
2024-09-26,Bawang Merah,1,"23,950"
2024-09-27,Bawang Merah,1,"23,950"
2024-09-30,Bawang Merah,1,"23,950"
2024-09-02,Bawang Merah Ukuran Sedang,2,"21,650"
2024-09-03,Bawang Merah Ukuran Sedang,2,"21,650"
2024-09-04,Bawang Merah Ukuran Sedang,2,"21,650"
2024-09-05,Bawang Merah Ukuran Sedang,2,"22,350"
2024-09-06,Bawang Merah Ukuran Sedang,2,"22,350"
2024-09-09,Bawang Merah Ukuran Sedang,2,"22,350"
2024-09-10,Bawang Merah Ukuran Sedang,2,"22,350"
2024-09-11,Bawang Merah Ukuran Sedang,2,"22,400"
2024-09-12,Bawang Merah Ukuran Sedang,2,"22,700"
2024-09-13,Bawang Merah Ukuran Sedang,2,"22,700"
2024-09-16,Bawang Merah Ukuran Sedang,2,"22,700"
2024-09-17,Bawang Merah Ukuran Sedang,2,"22,700"
2024-09-18,Bawang Merah Ukuran Sedang,2,"22,750"
2024-09-19,Bawang Merah Ukuran Sedang,2,"23,150"
2024-09-20,Bawang Merah Ukuran Sedang,2,"23,000"
2024-09-23,Bawang Merah Ukuran Sedang,2,"23,000"
2024-09-24,Bawang Merah Ukuran Sedang,2,"23,000"
2024-09-25,Bawang Merah Ukuran Sedang,2,"23,050"
2024-09-26,Bawang Merah Ukuran Sedang,2,"23,950"
2024-09-27,Bawang Merah Ukuran Sedang,2,"23,950"
2024-09-30,Bawang Merah Ukuran Sedang,2,"23,950"
2024-09-02,Bawang Putih,1,"35,500"
2024-09-03,Bawang Putih,1,"35,500"
2024-09-04,Bawang Putih,1,"35,500"
2024-09-05,Bawang Putih,1,"35,400"
2024-09-06,Bawang Putih,1,"35,400"
2024-09-09,Bawang Putih,1,"35,400"
2024-09-10,Bawang Putih,1,"35,400"
2024-09-11,Bawang Putih,1,"35,400"
2024-09-12,Bawang Putih,1,"35,450"
2024-09-13,Bawang Putih,1,"35,350"
2024-09-16,Bawang Putih,1,"35,350"
2024-09-17,Bawang Putih,1,"35,350"
2024-09-18,Bawang Putih,1,"35,450"
2024-09-19,Bawang Putih,1,"35,300"
2024-09-20,Bawang Putih,1,"35,300"
2024-09-23,Bawang Putih,1,"35,300"
2024-09-24,Bawang Putih,1,"35,300"
2024-09-25,Bawang Putih,1,"35,250"
2024-09-26,Bawang Putih,1,"35,250"
2024-09-27,Bawang Putih,1,"35,250"
2024-09-30,Bawang Putih,1,"35,250"
2024-09-02,Bawang Putih Ukuran Sedang,2,"35,500"
2024-09-03,Bawang Putih Ukuran Sedang,2,"35,500"
2024-09-04,Bawang Putih Ukuran Sedang,2,"35,500"
2024-09-05,Bawang Putih Ukuran Sedang,2,"35,400"
2024-09-06,Bawang Putih Ukuran Sedang,2,"35,400"
2024-09-09,Bawang Putih Ukuran Sedang,2,"35,400"
2024-09-10,Bawang Putih Ukuran Sedang,2,"35,400"
2024-09-11,Bawang Putih Ukuran Sedang,2,"35,400"
2024-09-12,Bawang Putih Ukuran Sedang,2,"35,450"
2024-09-13,Bawang Putih Ukuran Sedang,2,"35,350"
2024-09-16,Bawang Putih Ukuran Sedang,2,"35,350"
2024-09-17,Bawang Putih Ukuran Sedang,2,"35,350"
2024-09-18,Bawang Putih Ukuran Sedang,2,"35,450"
2024-09-19,Bawang Putih Ukuran Sedang,2,"35,300"
2024-09-20,Bawang Putih Ukuran Sedang,2,"35,300"
2024-09-23,Bawang Putih Ukuran Sedang,2,"35,300"
2024-09-24,Bawang Putih Ukuran Sedang,2,"35,300"
2024-09-25,Bawang Putih Ukuran Sedang,2,"35,250"
2024-09-26,Bawang Putih Ukuran Sedang,2,"35,250"
2024-09-27,Bawang Putih Ukuran Sedang,2,"35,250"
2024-09-30,Bawang Putih Ukuran Sedang,2,"35,250"
2024-09-02,Cabai Merah,1,"36,750"
2024-09-03,Cabai Merah,1,"36,750"
2024-09-04,Cabai Merah,1,"36,800"
2024-09-05,Cabai Merah,1,"33,600"
2024-09-06,Cabai Merah,1,"33,450"
2024-09-09,Cabai Merah,1,"33,450"
2024-09-10,Cabai Merah,1,"33,450"
2024-09-11,Cabai Merah,1,"33,150"
2024-09-12,Cabai Merah,1,"30,100"
2024-09-13,Cabai Merah,1,"30,100"
2024-09-16,Cabai Merah,1,"30,100"
2024-09-17,Cabai Merah,1,"30,100"
2024-09-18,Cabai Merah,1,"30,150"
2024-09-19,Cabai Merah,1,"29,750"
2024-09-20,Cabai Merah,1,"29,750"
2024-09-23,Cabai Merah,1,"29,750"
2024-09-24,Cabai Merah,1,"29,750"
2024-09-25,Cabai Merah,1,"29,550"
2024-09-26,Cabai Merah,1,"27,450"
2024-09-27,Cabai Merah,1,"27,450"
2024-09-30,Cabai Merah,1,"27,450"
2024-09-02,Cabai Merah Besar,2,"34,400"
2024-09-03,Cabai Merah Besar,2,"34,400"
2024-09-04,Cabai Merah Besar,2,"34,450"
2024-09-05,Cabai Merah Besar,2,"32,400"
2024-09-06,Cabai Merah Besar,2,"32,400"
2024-09-09,Cabai Merah Besar,2,"32,400"
2024-09-10,Cabai Merah Besar,2,"32,400"
2024-09-11,Cabai Merah Besar,2,"32,200"
2024-09-12,Cabai Merah Besar,2,"30,100"
2024-09-13,Cabai Merah Besar,2,"29,000"
2024-09-16,Cabai Merah Besar,2,"29,000"
2024-09-17,Cabai Merah Besar,2,"29,000"
2024-09-18,Cabai Merah Besar,2,"29,050"
2024-09-19,Cabai Merah Besar,2,"27,400"
2024-09-20,Cabai Merah Besar,2,"27,400"
2024-09-23,Cabai Merah Besar,2,"27,400"
2024-09-24,Cabai Merah Besar,2,"27,400"
2024-09-25,Cabai Merah Besar,2,"27,050"
2024-09-26,Cabai Merah Besar,2,"25,650"
2024-09-27,Cabai Merah Besar,2,"25,650"
2024-09-30,Cabai Merah Besar,2,"25,650"
2024-09-02,Cabai Merah Keriting ,2,"37,250"
2024-09-03,Cabai Merah Keriting ,2,"37,250"
2024-09-04,Cabai Merah Keriting ,2,"37,300"
2024-09-05,Cabai Merah Keriting ,2,"33,150"
2024-09-06,Cabai Merah Keriting ,2,"33,150"
2024-09-09,Cabai Merah Keriting ,2,"33,150"
2024-09-10,Cabai Merah Keriting ,2,"33,150"
2024-09-11,Cabai Merah Keriting ,2,"32,650"
2024-09-12,Cabai Merah Keriting ,2,"29,700"
2024-09-13,Cabai Merah Keriting ,2,"29,700"
2024-09-16,Cabai Merah Keriting ,2,"29,700"
2024-09-17,Cabai Merah Keriting ,2,"29,700"
2024-09-18,Cabai Merah Keriting ,2,"29,650"
2024-09-19,Cabai Merah Keriting ,2,"29,850"
2024-09-20,Cabai Merah Keriting ,2,"29,850"
2024-09-23,Cabai Merah Keriting ,2,"29,850"
2024-09-24,Cabai Merah Keriting ,2,"29,850"
2024-09-25,Cabai Merah Keriting ,2,"29,700"
2024-09-26,Cabai Merah Keriting ,2,"27,550"
2024-09-27,Cabai Merah Keriting ,2,"27,550"
2024-09-30,Cabai Merah Keriting ,2,"27,550"
2024-09-02,Cabai Rawit,1,"44,650"
2024-09-03,Cabai Rawit,1,"44,650"
2024-09-04,Cabai Rawit,1,"44,650"
2024-09-05,Cabai Rawit,1,"43,100"
2024-09-06,Cabai Rawit,1,"43,200"
2024-09-09,Cabai Rawit,1,"43,200"
2024-09-10,Cabai Rawit,1,"43,200"
2024-09-11,Cabai Rawit,1,"42,900"
2024-09-12,Cabai Rawit,1,"42,200"
2024-09-13,Cabai Rawit,1,"42,200"
2024-09-16,Cabai Rawit,1,"42,200"
2024-09-17,Cabai Rawit,1,"42,200"
2024-09-18,Cabai Rawit,1,"42,200"
2024-09-19,Cabai Rawit,1,"41,100"
2024-09-20,Cabai Rawit,1,"41,100"
2024-09-23,Cabai Rawit,1,"41,100"
2024-09-24,Cabai Rawit,1,"41,100"
2024-09-25,Cabai Rawit,1,"41,100"
2024-09-26,Cabai Rawit,1,"40,000"
2024-09-27,Cabai Rawit,1,"40,000"
2024-09-30,Cabai Rawit,1,"40,000"
2024-09-02,Cabai Rawit Hijau,2,"44,000"
2024-09-03,Cabai Rawit Hijau,2,"44,000"
2024-09-04,Cabai Rawit Hijau,2,"44,000"
2024-09-05,Cabai Rawit Hijau,2,"42,300"
2024-09-06,Cabai Rawit Hijau,2,"42,650"
2024-09-09,Cabai Rawit Hijau,2,"42,650"
2024-09-10,Cabai Rawit Hijau,2,"42,650"
2024-09-11,Cabai Rawit Hijau,2,"42,400"
2024-09-12,Cabai Rawit Hijau,2,"40,350"
2024-09-13,Cabai Rawit Hijau,2,"40,350"
2024-09-16,Cabai Rawit Hijau,2,"40,350"
2024-09-17,Cabai Rawit Hijau,2,"40,350"
2024-09-18,Cabai Rawit Hijau,2,"40,350"
2024-09-19,Cabai Rawit Hijau,2,"38,100"
2024-09-20,Cabai Rawit Hijau,2,"38,100"
2024-09-23,Cabai Rawit Hijau,2,"38,100"
2024-09-24,Cabai Rawit Hijau,2,"38,100"
2024-09-25,Cabai Rawit Hijau,2,"37,900"
2024-09-26,Cabai Rawit Hijau,2,"37,400"
2024-09-27,Cabai Rawit Hijau,2,"37,400"
2024-09-30,Cabai Rawit Hijau,2,"37,400"
2024-09-02,Cabai Rawit Merah,2,"45,150"
2024-09-03,Cabai Rawit Merah,2,"45,150"
2024-09-04,Cabai Rawit Merah,2,"45,050"
2024-09-05,Cabai Rawit Merah,2,"43,450"
2024-09-06,Cabai Rawit Merah,2,"43,450"
2024-09-09,Cabai Rawit Merah,2,"43,450"
2024-09-10,Cabai Rawit Merah,2,"43,450"
2024-09-11,Cabai Rawit Merah,2,"43,050"
2024-09-12,Cabai Rawit Merah,2,"43,800"
2024-09-13,Cabai Rawit Merah,2,"43,800"
2024-09-16,Cabai Rawit Merah,2,"43,800"
2024-09-17,Cabai Rawit Merah,2,"43,800"
2024-09-18,Cabai Rawit Merah,2,"43,800"
2024-09-19,Cabai Rawit Merah,2,"43,900"
2024-09-20,Cabai Rawit Merah,2,"43,900"
2024-09-23,Cabai Rawit Merah,2,"43,900"
2024-09-24,Cabai Rawit Merah,2,"43,900"
2024-09-25,Cabai Rawit Merah,2,"44,100"
2024-09-26,Cabai Rawit Merah,2,"42,800"
2024-09-27,Cabai Rawit Merah,2,"42,800"
2024-09-30,Cabai Rawit Merah,2,"42,800"
2024-09-02,Minyak Goreng,1,"17,750"
2024-09-03,Minyak Goreng,1,"17,750"
2024-09-04,Minyak Goreng,1,"17,750"
2024-09-05,Minyak Goreng,1,"17,800"
2024-09-06,Minyak Goreng,1,"17,800"
2024-09-09,Minyak Goreng,1,"17,800"
2024-09-10,Minyak Goreng,1,"17,800"
2024-09-11,Minyak Goreng,1,"17,800"
2024-09-12,Minyak Goreng,1,"17,900"
2024-09-13,Minyak Goreng,1,"17,900"
2024-09-16,Minyak Goreng,1,"17,900"
2024-09-17,Minyak Goreng,1,"17,900"
2024-09-18,Minyak Goreng,1,"17,900"
2024-09-19,Minyak Goreng,1,"17,900"
2024-09-20,Minyak Goreng,1,"17,900"
2024-09-23,Minyak Goreng,1,"17,900"
2024-09-24,Minyak Goreng,1,"17,900"
2024-09-25,Minyak Goreng,1,"17,900"
2024-09-26,Minyak Goreng,1,"17,900"
2024-09-27,Minyak Goreng,1,"17,900"
2024-09-30,Minyak Goreng,1,"17,900"
2024-09-02,Minyak Goreng Curah,2,"15,750"
2024-09-03,Minyak Goreng Curah,2,"15,750"
2024-09-04,Minyak Goreng Curah,2,"15,750"
2024-09-05,Minyak Goreng Curah,2,"15,950"
2024-09-06,Minyak Goreng Curah,2,"15,950"
2024-09-09,Minyak Goreng Curah,2,"15,950"
2024-09-10,Minyak Goreng Curah,2,"15,950"
2024-09-11,Minyak Goreng Curah,2,"15,950"
2024-09-12,Minyak Goreng Curah,2,"15,950"
2024-09-13,Minyak Goreng Curah,2,"15,950"
2024-09-16,Minyak Goreng Curah,2,"15,950"
2024-09-17,Minyak Goreng Curah,2,"15,950"
2024-09-18,Minyak Goreng Curah,2,"15,950"
2024-09-19,Minyak Goreng Curah,2,"16,000"
2024-09-20,Minyak Goreng Curah,2,"16,000"
2024-09-23,Minyak Goreng Curah,2,"16,000"
2024-09-24,Minyak Goreng Curah,2,"16,000"
2024-09-25,Minyak Goreng Curah,2,"16,000"
2024-09-26,Minyak Goreng Curah,2,"16,050"
2024-09-27,Minyak Goreng Curah,2,"16,050"
2024-09-30,Minyak Goreng Curah,2,"16,050"
2024-09-02,Minyak Goreng Kemasan Bermerk 1,2,"18,750"
2024-09-03,Minyak Goreng Kemasan Bermerk 1,2,"18,750"
2024-09-04,Minyak Goreng Kemasan Bermerk 1,2,"18,750"
2024-09-05,Minyak Goreng Kemasan Bermerk 1,2,"18,850"
2024-09-06,Minyak Goreng Kemasan Bermerk 1,2,"18,850"
2024-09-09,Minyak Goreng Kemasan Bermerk 1,2,"18,850"
2024-09-10,Minyak Goreng Kemasan Bermerk 1,2,"18,850"
2024-09-11,Minyak Goreng Kemasan Bermerk 1,2,"18,850"
2024-09-12,Minyak Goreng Kemasan Bermerk 1,2,"18,950"
2024-09-13,Minyak Goreng Kemasan Bermerk 1,2,"18,950"
2024-09-16,Minyak Goreng Kemasan Bermerk 1,2,"18,950"
2024-09-17,Minyak Goreng Kemasan Bermerk 1,2,"18,950"
2024-09-18,Minyak Goreng Kemasan Bermerk 1,2,"18,950"
2024-09-19,Minyak Goreng Kemasan Bermerk 1,2,"18,950"
2024-09-20,Minyak Goreng Kemasan Bermerk 1,2,"18,950"
2024-09-23,Minyak Goreng Kemasan Bermerk 1,2,"18,950"
2024-09-24,Minyak Goreng Kemasan Bermerk 1,2,"18,950"
2024-09-25,Minyak Goreng Kemasan Bermerk 1,2,"18,950"
2024-09-26,Minyak Goreng Kemasan Bermerk 1,2,"18,950"
2024-09-27,Minyak Goreng Kemasan Bermerk 1,2,"18,950"
2024-09-30,Minyak Goreng Kemasan Bermerk 1,2,"18,950"
2024-09-02,Minyak Goreng Kemasan Bermerk 2,2,"17,950"
2024-09-03,Minyak Goreng Kemasan Bermerk 2,2,"17,950"
2024-09-04,Minyak Goreng Kemasan Bermerk 2,2,"17,950"
2024-09-05,Minyak Goreng Kemasan Bermerk 2,2,"17,950"
2024-09-06,Minyak Goreng Kemasan Bermerk 2,2,"18,000"
2024-09-09,Minyak Goreng Kemasan Bermerk 2,2,"18,000"
2024-09-10,Minyak Goreng Kemasan Bermerk 2,2,"18,000"
2024-09-11,Minyak Goreng Kemasan Bermerk 2,2,"18,000"
2024-09-12,Minyak Goreng Kemasan Bermerk 2,2,"18,100"
2024-09-13,Minyak Goreng Kemasan Bermerk 2,2,"18,100"
2024-09-16,Minyak Goreng Kemasan Bermerk 2,2,"18,100"
2024-09-17,Minyak Goreng Kemasan Bermerk 2,2,"18,100"
2024-09-18,Minyak Goreng Kemasan Bermerk 2,2,"18,100"
2024-09-19,Minyak Goreng Kemasan Bermerk 2,2,"18,100"
2024-09-20,Minyak Goreng Kemasan Bermerk 2,2,"18,100"
2024-09-23,Minyak Goreng Kemasan Bermerk 2,2,"18,100"
2024-09-24,Minyak Goreng Kemasan Bermerk 2,2,"18,100"
2024-09-25,Minyak Goreng Kemasan Bermerk 2,2,"18,100"
2024-09-26,Minyak Goreng Kemasan Bermerk 2,2,"18,100"
2024-09-27,Minyak Goreng Kemasan Bermerk 2,2,"18,100"
2024-09-30,Minyak Goreng Kemasan Bermerk 2,2,"18,100"
2024-09-02,Gula Pasir,1,"16,900"
2024-09-03,Gula Pasir,1,"16,900"
2024-09-04,Gula Pasir,1,"16,950"
2024-09-05,Gula Pasir,1,"16,950"
2024-09-06,Gula Pasir,1,"16,950"
2024-09-09,Gula Pasir,1,"16,950"
2024-09-10,Gula Pasir,1,"16,950"
2024-09-11,Gula Pasir,1,"16,950"
2024-09-12,Gula Pasir,1,"16,950"
2024-09-13,Gula Pasir,1,"16,950"
2024-09-16,Gula Pasir,1,"16,950"
2024-09-17,Gula Pasir,1,"16,950"
2024-09-18,Gula Pasir,1,"16,950"
2024-09-19,Gula Pasir,1,"17,000"
2024-09-20,Gula Pasir,1,"17,000"
2024-09-23,Gula Pasir,1,"17,000"
2024-09-24,Gula Pasir,1,"17,000"
2024-09-25,Gula Pasir,1,"17,000"
2024-09-26,Gula Pasir,1,"17,050"
2024-09-27,Gula Pasir,1,"17,050"
2024-09-30,Gula Pasir,1,"17,050"
2024-09-02,Gula Pasir Kualitas Premium,2,"17,650"
2024-09-03,Gula Pasir Kualitas Premium,2,"17,650"
2024-09-04,Gula Pasir Kualitas Premium,2,"17,650"
2024-09-05,Gula Pasir Kualitas Premium,2,"17,700"
2024-09-06,Gula Pasir Kualitas Premium,2,"17,700"
2024-09-09,Gula Pasir Kualitas Premium,2,"17,700"
2024-09-10,Gula Pasir Kualitas Premium,2,"17,700"
2024-09-11,Gula Pasir Kualitas Premium,2,"17,700"
2024-09-12,Gula Pasir Kualitas Premium,2,"17,700"
2024-09-13,Gula Pasir Kualitas Premium,2,"17,700"
2024-09-16,Gula Pasir Kualitas Premium,2,"17,700"
2024-09-17,Gula Pasir Kualitas Premium,2,"17,700"
2024-09-18,Gula Pasir Kualitas Premium,2,"17,700"
2024-09-19,Gula Pasir Kualitas Premium,2,"17,700"
2024-09-20,Gula Pasir Kualitas Premium,2,"17,700"
2024-09-23,Gula Pasir Kualitas Premium,2,"17,700"
2024-09-24,Gula Pasir Kualitas Premium,2,"17,700"
2024-09-25,Gula Pasir Kualitas Premium,2,"17,700"
2024-09-26,Gula Pasir Kualitas Premium,2,"17,700"
2024-09-27,Gula Pasir Kualitas Premium,2,"17,700"
2024-09-30,Gula Pasir Kualitas Premium,2,"17,700"
2024-09-02,Gula Pasir Lokal,2,"16,350"
2024-09-03,Gula Pasir Lokal,2,"16,350"
2024-09-04,Gula Pasir Lokal,2,"16,350"
2024-09-05,Gula Pasir Lokal,2,"16,350"
2024-09-06,Gula Pasir Lokal,2,"16,350"
2024-09-09,Gula Pasir Lokal,2,"16,350"
2024-09-10,Gula Pasir Lokal,2,"16,350"
2024-09-11,Gula Pasir Lokal,2,"16,350"
2024-09-12,Gula Pasir Lokal,2,"16,400"
2024-09-13,Gula Pasir Lokal,2,"16,400"
2024-09-16,Gula Pasir Lokal,2,"16,400"
2024-09-17,Gula Pasir Lokal,2,"16,400"
2024-09-18,Gula Pasir Lokal,2,"16,400"
2024-09-19,Gula Pasir Lokal,2,"16,400"
2024-09-20,Gula Pasir Lokal,2,"16,400"
2024-09-23,Gula Pasir Lokal,2,"16,400"
2024-09-24,Gula Pasir Lokal,2,"16,400"
2024-09-25,Gula Pasir Lokal,2,"16,400"
2024-09-26,Gula Pasir Lokal,2,"16,450"
2024-09-27,Gula Pasir Lokal,2,"16,450"
2024-09-30,Gula Pasir Lokal,2,"16,450"
2024-10-01,Beras,1,"14,350"
2024-10-02,Beras,1,"14,350"
2024-10-03,Beras,1,"14,350"
2024-10-04,Beras,1,"14,350"
2024-10-07,Beras,1,"14,350"
2024-10-08,Beras,1,"14,350"
2024-10-09,Beras,1,"14,350"
2024-10-10,Beras,1,"14,350"
2024-10-11,Beras,1,"14,350"
2024-10-14,Beras,1,"14,350"
2024-10-15,Beras,1,"14,350"
2024-10-16,Beras,1,"14,350"
2024-10-17,Beras,1,"14,300"
2024-10-18,Beras,1,"14,300"
2024-10-21,Beras,1,"14,300"
2024-10-22,Beras,1,"14,300"
2024-10-23,Beras,1,"14,300"
2024-10-24,Beras,1,"14,300"
2024-10-25,Beras,1,"14,300"
2024-10-28,Beras,1,"14,300"
2024-10-29,Beras,1,"14,300"
2024-10-30,Beras,1,"14,300"
2024-10-31,Beras,1,"14,250"
2024-10-01,Beras Kualitas Bawah I,2,"13,300"
2024-10-02,Beras Kualitas Bawah I,2,"13,300"
2024-10-03,Beras Kualitas Bawah I,2,"13,250"
2024-10-04,Beras Kualitas Bawah I,2,"13,250"
2024-10-07,Beras Kualitas Bawah I,2,"13,250"
2024-10-08,Beras Kualitas Bawah I,2,"13,250"
2024-10-09,Beras Kualitas Bawah I,2,"13,300"
2024-10-10,Beras Kualitas Bawah I,2,"13,250"
2024-10-11,Beras Kualitas Bawah I,2,"13,300"
2024-10-14,Beras Kualitas Bawah I,2,"13,300"
2024-10-15,Beras Kualitas Bawah I,2,"13,300"
2024-10-16,Beras Kualitas Bawah I,2,"13,300"
2024-10-17,Beras Kualitas Bawah I,2,"13,250"
2024-10-18,Beras Kualitas Bawah I,2,"13,250"
2024-10-21,Beras Kualitas Bawah I,2,"13,250"
2024-10-22,Beras Kualitas Bawah I,2,"13,250"
2024-10-23,Beras Kualitas Bawah I,2,"13,250"
2024-10-24,Beras Kualitas Bawah I,2,"13,250"
2024-10-25,Beras Kualitas Bawah I,2,"13,250"
2024-10-28,Beras Kualitas Bawah I,2,"13,250"
2024-10-29,Beras Kualitas Bawah I,2,"13,250"
2024-10-30,Beras Kualitas Bawah I,2,"13,250"
2024-10-31,Beras Kualitas Bawah I,2,"13,200"
2024-10-01,Beras Kualitas Bawah II,2,"13,000"
2024-10-02,Beras Kualitas Bawah II,2,"13,000"
2024-10-03,Beras Kualitas Bawah II,2,"13,050"
2024-10-04,Beras Kualitas Bawah II,2,"13,050"
2024-10-07,Beras Kualitas Bawah II,2,"13,050"
2024-10-08,Beras Kualitas Bawah II,2,"13,050"
2024-10-09,Beras Kualitas Bawah II,2,"13,050"
2024-10-10,Beras Kualitas Bawah II,2,"13,050"
2024-10-11,Beras Kualitas Bawah II,2,"13,000"
2024-10-14,Beras Kualitas Bawah II,2,"13,050"
2024-10-15,Beras Kualitas Bawah II,2,"13,050"
2024-10-16,Beras Kualitas Bawah II,2,"13,050"
2024-10-17,Beras Kualitas Bawah II,2,"13,000"
2024-10-18,Beras Kualitas Bawah II,2,"13,000"
2024-10-21,Beras Kualitas Bawah II,2,"13,000"
2024-10-22,Beras Kualitas Bawah II,2,"13,000"
2024-10-23,Beras Kualitas Bawah II,2,"13,000"
2024-10-24,Beras Kualitas Bawah II,2,"13,000"
2024-10-25,Beras Kualitas Bawah II,2,"13,000"
2024-10-28,Beras Kualitas Bawah II,2,"13,000"
2024-10-29,Beras Kualitas Bawah II,2,"13,000"
2024-10-30,Beras Kualitas Bawah II,2,"13,000"
2024-10-31,Beras Kualitas Bawah II,2,"12,950"
2024-10-01,Beras Kualitas Medium I,2,"14,450"
2024-10-02,Beras Kualitas Medium I,2,"14,450"
2024-10-03,Beras Kualitas Medium I,2,"14,450"
2024-10-04,Beras Kualitas Medium I,2,"14,450"
2024-10-07,Beras Kualitas Medium I,2,"14,450"
2024-10-08,Beras Kualitas Medium I,2,"14,450"
2024-10-09,Beras Kualitas Medium I,2,"14,450"
2024-10-10,Beras Kualitas Medium I,2,"14,400"
2024-10-11,Beras Kualitas Medium I,2,"14,450"
2024-10-14,Beras Kualitas Medium I,2,"14,400"
2024-10-15,Beras Kualitas Medium I,2,"14,400"
2024-10-16,Beras Kualitas Medium I,2,"14,400"
2024-10-17,Beras Kualitas Medium I,2,"14,400"
2024-10-18,Beras Kualitas Medium I,2,"14,400"
2024-10-21,Beras Kualitas Medium I,2,"14,400"
2024-10-22,Beras Kualitas Medium I,2,"14,400"
2024-10-23,Beras Kualitas Medium I,2,"14,400"
2024-10-24,Beras Kualitas Medium I,2,"14,350"
2024-10-25,Beras Kualitas Medium I,2,"14,350"
2024-10-28,Beras Kualitas Medium I,2,"14,350"
2024-10-29,Beras Kualitas Medium I,2,"14,350"
2024-10-30,Beras Kualitas Medium I,2,"14,350"
2024-10-31,Beras Kualitas Medium I,2,"14,350"
2024-10-01,Beras Kualitas Medium II,2,"14,400"
2024-10-02,Beras Kualitas Medium II,2,"14,400"
2024-10-03,Beras Kualitas Medium II,2,"14,400"
2024-10-04,Beras Kualitas Medium II,2,"14,400"
2024-10-07,Beras Kualitas Medium II,2,"14,400"
2024-10-08,Beras Kualitas Medium II,2,"14,400"
2024-10-09,Beras Kualitas Medium II,2,"14,400"
2024-10-10,Beras Kualitas Medium II,2,"14,400"
2024-10-11,Beras Kualitas Medium II,2,"14,400"
2024-10-14,Beras Kualitas Medium II,2,"14,400"
2024-10-15,Beras Kualitas Medium II,2,"14,400"
2024-10-16,Beras Kualitas Medium II,2,"14,400"
2024-10-17,Beras Kualitas Medium II,2,"14,350"
2024-10-18,Beras Kualitas Medium II,2,"14,350"
2024-10-21,Beras Kualitas Medium II,2,"14,350"
2024-10-22,Beras Kualitas Medium II,2,"14,350"
2024-10-23,Beras Kualitas Medium II,2,"14,350"
2024-10-24,Beras Kualitas Medium II,2,"14,350"
2024-10-25,Beras Kualitas Medium II,2,"14,350"
2024-10-28,Beras Kualitas Medium II,2,"14,350"
2024-10-29,Beras Kualitas Medium II,2,"14,350"
2024-10-30,Beras Kualitas Medium II,2,"14,350"
2024-10-31,Beras Kualitas Medium II,2,"14,300"
2024-10-01,Beras Kualitas Super I,2,"15,700"
2024-10-02,Beras Kualitas Super I,2,"15,700"
2024-10-03,Beras Kualitas Super I,2,"15,700"
2024-10-04,Beras Kualitas Super I,2,"15,700"
2024-10-07,Beras Kualitas Super I,2,"15,700"
2024-10-08,Beras Kualitas Super I,2,"15,700"
2024-10-09,Beras Kualitas Super I,2,"15,700"
2024-10-10,Beras Kualitas Super I,2,"15,650"
2024-10-11,Beras Kualitas Super I,2,"15,700"
2024-10-14,Beras Kualitas Super I,2,"15,650"
2024-10-15,Beras Kualitas Super I,2,"15,650"
2024-10-16,Beras Kualitas Super I,2,"15,650"
2024-10-17,Beras Kualitas Super I,2,"15,650"
2024-10-18,Beras Kualitas Super I,2,"15,650"
2024-10-21,Beras Kualitas Super I,2,"15,650"
2024-10-22,Beras Kualitas Super I,2,"15,650"
2024-10-23,Beras Kualitas Super I,2,"15,650"
2024-10-24,Beras Kualitas Super I,2,"15,600"
2024-10-25,Beras Kualitas Super I,2,"15,600"
2024-10-28,Beras Kualitas Super I,2,"15,600"
2024-10-29,Beras Kualitas Super I,2,"15,600"
2024-10-30,Beras Kualitas Super I,2,"15,600"
2024-10-31,Beras Kualitas Super I,2,"15,550"
2024-10-01,Beras Kualitas Super II,2,"15,300"
2024-10-02,Beras Kualitas Super II,2,"15,300"
2024-10-03,Beras Kualitas Super II,2,"15,300"
2024-10-04,Beras Kualitas Super II,2,"15,300"
2024-10-07,Beras Kualitas Super II,2,"15,300"
2024-10-08,Beras Kualitas Super II,2,"15,300"
2024-10-09,Beras Kualitas Super II,2,"15,300"
2024-10-10,Beras Kualitas Super II,2,"15,300"
2024-10-11,Beras Kualitas Super II,2,"15,350"
2024-10-14,Beras Kualitas Super II,2,"15,300"
2024-10-15,Beras Kualitas Super II,2,"15,300"
2024-10-16,Beras Kualitas Super II,2,"15,300"
2024-10-17,Beras Kualitas Super II,2,"15,300"
2024-10-18,Beras Kualitas Super II,2,"15,300"
2024-10-21,Beras Kualitas Super II,2,"15,300"
2024-10-22,Beras Kualitas Super II,2,"15,300"
2024-10-23,Beras Kualitas Super II,2,"15,300"
2024-10-24,Beras Kualitas Super II,2,"15,300"
2024-10-25,Beras Kualitas Super II,2,"15,300"
2024-10-28,Beras Kualitas Super II,2,"15,300"
2024-10-29,Beras Kualitas Super II,2,"15,300"
2024-10-30,Beras Kualitas Super II,2,"15,300"
2024-10-31,Beras Kualitas Super II,2,"15,250"
2024-10-01,Daging Ayam,1,"29,350"
2024-10-02,Daging Ayam,1,"29,300"
2024-10-03,Daging Ayam,1,"29,350"
2024-10-04,Daging Ayam,1,"29,350"
2024-10-07,Daging Ayam,1,"29,350"
2024-10-08,Daging Ayam,1,"29,350"
2024-10-09,Daging Ayam,1,"29,400"
2024-10-10,Daging Ayam,1,"29,650"
2024-10-11,Daging Ayam,1,"29,650"
2024-10-14,Daging Ayam,1,"29,900"
2024-10-15,Daging Ayam,1,"29,900"
2024-10-16,Daging Ayam,1,"30,000"
2024-10-17,Daging Ayam,1,"30,700"
2024-10-18,Daging Ayam,1,"30,700"
2024-10-21,Daging Ayam,1,"30,700"
2024-10-22,Daging Ayam,1,"30,700"
2024-10-23,Daging Ayam,1,"30,850"
2024-10-24,Daging Ayam,1,"31,600"
2024-10-25,Daging Ayam,1,"31,600"
2024-10-28,Daging Ayam,1,"31,600"
2024-10-29,Daging Ayam,1,"31,600"
2024-10-30,Daging Ayam,1,"31,700"
2024-10-31,Daging Ayam,1,"31,850"
2024-10-01,Daging Ayam Ras Segar,2,"29,350"
2024-10-02,Daging Ayam Ras Segar,2,"29,300"
2024-10-03,Daging Ayam Ras Segar,2,"29,350"
2024-10-04,Daging Ayam Ras Segar,2,"29,350"
2024-10-07,Daging Ayam Ras Segar,2,"29,350"
2024-10-08,Daging Ayam Ras Segar,2,"29,350"
2024-10-09,Daging Ayam Ras Segar,2,"29,400"
2024-10-10,Daging Ayam Ras Segar,2,"29,650"
2024-10-11,Daging Ayam Ras Segar,2,"29,650"
2024-10-14,Daging Ayam Ras Segar,2,"29,900"
2024-10-15,Daging Ayam Ras Segar,2,"29,900"
2024-10-16,Daging Ayam Ras Segar,2,"30,000"
2024-10-17,Daging Ayam Ras Segar,2,"30,700"
2024-10-18,Daging Ayam Ras Segar,2,"30,700"
2024-10-21,Daging Ayam Ras Segar,2,"30,700"
2024-10-22,Daging Ayam Ras Segar,2,"30,700"
2024-10-23,Daging Ayam Ras Segar,2,"30,850"
2024-10-24,Daging Ayam Ras Segar,2,"31,600"
2024-10-25,Daging Ayam Ras Segar,2,"31,600"
2024-10-28,Daging Ayam Ras Segar,2,"31,600"
2024-10-29,Daging Ayam Ras Segar,2,"31,600"
2024-10-30,Daging Ayam Ras Segar,2,"31,700"
2024-10-31,Daging Ayam Ras Segar,2,"31,850"
2024-10-01,Daging Sapi,1,"127,350"
2024-10-02,Daging Sapi,1,"127,350"
2024-10-03,Daging Sapi,1,"127,400"
2024-10-04,Daging Sapi,1,"127,400"
2024-10-07,Daging Sapi,1,"127,400"
2024-10-08,Daging Sapi,1,"127,400"
2024-10-09,Daging Sapi,1,"127,400"
2024-10-10,Daging Sapi,1,"127,100"
2024-10-11,Daging Sapi,1,"127,250"
2024-10-14,Daging Sapi,1,"127,100"
2024-10-15,Daging Sapi,1,"127,100"
2024-10-16,Daging Sapi,1,"127,100"
2024-10-17,Daging Sapi,1,"127,100"
2024-10-18,Daging Sapi,1,"127,150"
2024-10-21,Daging Sapi,1,"127,150"
2024-10-22,Daging Sapi,1,"127,150"
2024-10-23,Daging Sapi,1,"127,050"
2024-10-24,Daging Sapi,1,"127,200"
2024-10-25,Daging Sapi,1,"127,200"
2024-10-28,Daging Sapi,1,"127,200"
2024-10-29,Daging Sapi,1,"127,200"
2024-10-30,Daging Sapi,1,"127,200"
2024-10-31,Daging Sapi,1,"127,100"
2024-10-01,Daging Sapi Kualitas 1,2,"129,650"
2024-10-02,Daging Sapi Kualitas 1,2,"129,650"
2024-10-03,Daging Sapi Kualitas 1,2,"129,600"
2024-10-04,Daging Sapi Kualitas 1,2,"129,600"
2024-10-07,Daging Sapi Kualitas 1,2,"129,600"
2024-10-08,Daging Sapi Kualitas 1,2,"129,600"
2024-10-09,Daging Sapi Kualitas 1,2,"129,600"
2024-10-10,Daging Sapi Kualitas 1,2,"129,350"
2024-10-11,Daging Sapi Kualitas 1,2,"129,450"
2024-10-14,Daging Sapi Kualitas 1,2,"129,350"
2024-10-15,Daging Sapi Kualitas 1,2,"129,350"
2024-10-16,Daging Sapi Kualitas 1,2,"129,350"
2024-10-17,Daging Sapi Kualitas 1,2,"129,350"
2024-10-18,Daging Sapi Kualitas 1,2,"129,350"
2024-10-21,Daging Sapi Kualitas 1,2,"129,350"
2024-10-22,Daging Sapi Kualitas 1,2,"129,350"
2024-10-23,Daging Sapi Kualitas 1,2,"129,250"
2024-10-24,Daging Sapi Kualitas 1,2,"129,350"
2024-10-25,Daging Sapi Kualitas 1,2,"129,350"
2024-10-28,Daging Sapi Kualitas 1,2,"129,350"
2024-10-29,Daging Sapi Kualitas 1,2,"129,350"
2024-10-30,Daging Sapi Kualitas 1,2,"129,350"
2024-10-31,Daging Sapi Kualitas 1,2,"129,250"
2024-10-01,Daging Sapi Kualitas 2,2,"125,900"
2024-10-02,Daging Sapi Kualitas 2,2,"125,900"
2024-10-03,Daging Sapi Kualitas 2,2,"126,050"
2024-10-04,Daging Sapi Kualitas 2,2,"126,050"
2024-10-07,Daging Sapi Kualitas 2,2,"126,050"
2024-10-08,Daging Sapi Kualitas 2,2,"126,050"
2024-10-09,Daging Sapi Kualitas 2,2,"126,050"
2024-10-10,Daging Sapi Kualitas 2,2,"125,900"
2024-10-11,Daging Sapi Kualitas 2,2,"126,100"
2024-10-14,Daging Sapi Kualitas 2,2,"125,900"
2024-10-15,Daging Sapi Kualitas 2,2,"125,900"
2024-10-16,Daging Sapi Kualitas 2,2,"125,900"
2024-10-17,Daging Sapi Kualitas 2,2,"125,900"
2024-10-18,Daging Sapi Kualitas 2,2,"126,100"
2024-10-21,Daging Sapi Kualitas 2,2,"126,100"
2024-10-22,Daging Sapi Kualitas 2,2,"126,100"
2024-10-23,Daging Sapi Kualitas 2,2,"125,900"
2024-10-24,Daging Sapi Kualitas 2,2,"126,150"
2024-10-25,Daging Sapi Kualitas 2,2,"126,150"
2024-10-28,Daging Sapi Kualitas 2,2,"126,150"
2024-10-29,Daging Sapi Kualitas 2,2,"126,150"
2024-10-30,Daging Sapi Kualitas 2,2,"126,150"
2024-10-31,Daging Sapi Kualitas 2,2,"125,900"
2024-10-01,Telur Ayam,1,"26,550"
2024-10-02,Telur Ayam,1,"26,550"
2024-10-03,Telur Ayam,1,"26,650"
2024-10-04,Telur Ayam,1,"26,650"
2024-10-07,Telur Ayam,1,"26,650"
2024-10-08,Telur Ayam,1,"26,650"
2024-10-09,Telur Ayam,1,"26,650"
2024-10-10,Telur Ayam,1,"26,650"
2024-10-11,Telur Ayam,1,"26,700"
2024-10-14,Telur Ayam,1,"26,650"
2024-10-15,Telur Ayam,1,"26,650"
2024-10-16,Telur Ayam,1,"26,650"
2024-10-17,Telur Ayam,1,"26,400"
2024-10-18,Telur Ayam,1,"26,350"
2024-10-21,Telur Ayam,1,"26,350"
2024-10-22,Telur Ayam,1,"26,350"
2024-10-23,Telur Ayam,1,"26,400"
2024-10-24,Telur Ayam,1,"26,550"
2024-10-25,Telur Ayam,1,"26,550"
2024-10-28,Telur Ayam,1,"26,550"
2024-10-29,Telur Ayam,1,"26,550"
2024-10-30,Telur Ayam,1,"26,550"
2024-10-31,Telur Ayam,1,"26,550"
2024-10-01,Telur Ayam Ras Segar,2,"26,550"
2024-10-02,Telur Ayam Ras Segar,2,"26,550"
2024-10-03,Telur Ayam Ras Segar,2,"26,650"
2024-10-04,Telur Ayam Ras Segar,2,"26,650"
2024-10-07,Telur Ayam Ras Segar,2,"26,650"
2024-10-08,Telur Ayam Ras Segar,2,"26,650"
2024-10-09,Telur Ayam Ras Segar,2,"26,650"
2024-10-10,Telur Ayam Ras Segar,2,"26,650"
2024-10-11,Telur Ayam Ras Segar,2,"26,700"
2024-10-14,Telur Ayam Ras Segar,2,"26,650"
2024-10-15,Telur Ayam Ras Segar,2,"26,650"
2024-10-16,Telur Ayam Ras Segar,2,"26,650"
2024-10-17,Telur Ayam Ras Segar,2,"26,400"
2024-10-18,Telur Ayam Ras Segar,2,"26,350"
2024-10-21,Telur Ayam Ras Segar,2,"26,350"
2024-10-22,Telur Ayam Ras Segar,2,"26,350"
2024-10-23,Telur Ayam Ras Segar,2,"26,400"
2024-10-24,Telur Ayam Ras Segar,2,"26,550"
2024-10-25,Telur Ayam Ras Segar,2,"26,550"
2024-10-28,Telur Ayam Ras Segar,2,"26,550"
2024-10-29,Telur Ayam Ras Segar,2,"26,550"
2024-10-30,Telur Ayam Ras Segar,2,"26,550"
2024-10-31,Telur Ayam Ras Segar,2,"26,550"
2024-10-01,Bawang Merah,1,"23,950"
2024-10-02,Bawang Merah,1,"24,000"
2024-10-03,Bawang Merah,1,"24,400"
2024-10-04,Bawang Merah,1,"24,400"
2024-10-07,Bawang Merah,1,"24,400"
2024-10-08,Bawang Merah,1,"24,400"
2024-10-09,Bawang Merah,1,"24,500"
2024-10-10,Bawang Merah,1,"24,800"
2024-10-11,Bawang Merah,1,"24,650"
2024-10-14,Bawang Merah,1,"24,750"
2024-10-15,Bawang Merah,1,"24,750"
2024-10-16,Bawang Merah,1,"24,750"
2024-10-17,Bawang Merah,1,"24,900"
2024-10-18,Bawang Merah,1,"24,950"
2024-10-21,Bawang Merah,1,"24,950"
2024-10-22,Bawang Merah,1,"24,950"
2024-10-23,Bawang Merah,1,"24,950"
2024-10-24,Bawang Merah,1,"25,800"
2024-10-25,Bawang Merah,1,"25,800"
2024-10-28,Bawang Merah,1,"25,800"
2024-10-29,Bawang Merah,1,"25,800"
2024-10-30,Bawang Merah,1,"25,850"
2024-10-31,Bawang Merah,1,"27,950"
2024-10-01,Bawang Merah Ukuran Sedang,2,"23,950"
2024-10-02,Bawang Merah Ukuran Sedang,2,"24,000"
2024-10-03,Bawang Merah Ukuran Sedang,2,"24,400"
2024-10-04,Bawang Merah Ukuran Sedang,2,"24,400"
2024-10-07,Bawang Merah Ukuran Sedang,2,"24,400"
2024-10-08,Bawang Merah Ukuran Sedang,2,"24,400"
2024-10-09,Bawang Merah Ukuran Sedang,2,"24,500"
2024-10-10,Bawang Merah Ukuran Sedang,2,"24,800"
2024-10-11,Bawang Merah Ukuran Sedang,2,"24,650"
2024-10-14,Bawang Merah Ukuran Sedang,2,"24,750"
2024-10-15,Bawang Merah Ukuran Sedang,2,"24,750"
2024-10-16,Bawang Merah Ukuran Sedang,2,"24,750"
2024-10-17,Bawang Merah Ukuran Sedang,2,"24,900"
2024-10-18,Bawang Merah Ukuran Sedang,2,"24,950"
2024-10-21,Bawang Merah Ukuran Sedang,2,"24,950"
2024-10-22,Bawang Merah Ukuran Sedang,2,"24,950"
2024-10-23,Bawang Merah Ukuran Sedang,2,"24,950"
2024-10-24,Bawang Merah Ukuran Sedang,2,"25,800"
2024-10-25,Bawang Merah Ukuran Sedang,2,"25,800"
2024-10-28,Bawang Merah Ukuran Sedang,2,"25,800"
2024-10-29,Bawang Merah Ukuran Sedang,2,"25,800"
2024-10-30,Bawang Merah Ukuran Sedang,2,"25,850"
2024-10-31,Bawang Merah Ukuran Sedang,2,"27,950"
2024-10-01,Bawang Putih,1,"35,250"
2024-10-02,Bawang Putih,1,"35,200"
2024-10-03,Bawang Putih,1,"35,450"
2024-10-04,Bawang Putih,1,"35,450"
2024-10-07,Bawang Putih,1,"35,450"
2024-10-08,Bawang Putih,1,"35,450"
2024-10-09,Bawang Putih,1,"35,500"
2024-10-10,Bawang Putih,1,"35,850"
2024-10-11,Bawang Putih,1,"35,750"
2024-10-14,Bawang Putih,1,"35,800"
2024-10-15,Bawang Putih,1,"35,800"
2024-10-16,Bawang Putih,1,"35,800"
2024-10-17,Bawang Putih,1,"35,900"
2024-10-18,Bawang Putih,1,"35,900"
2024-10-21,Bawang Putih,1,"35,900"
2024-10-22,Bawang Putih,1,"35,900"
2024-10-23,Bawang Putih,1,"35,900"
2024-10-24,Bawang Putih,1,"35,900"
2024-10-25,Bawang Putih,1,"35,950"
2024-10-28,Bawang Putih,1,"35,950"
2024-10-29,Bawang Putih,1,"35,950"
2024-10-30,Bawang Putih,1,"35,950"
2024-10-31,Bawang Putih,1,"35,950"
2024-10-01,Bawang Putih Ukuran Sedang,2,"35,250"
2024-10-02,Bawang Putih Ukuran Sedang,2,"35,200"
2024-10-03,Bawang Putih Ukuran Sedang,2,"35,450"
2024-10-04,Bawang Putih Ukuran Sedang,2,"35,450"
2024-10-07,Bawang Putih Ukuran Sedang,2,"35,450"
2024-10-08,Bawang Putih Ukuran Sedang,2,"35,450"
2024-10-09,Bawang Putih Ukuran Sedang,2,"35,500"
2024-10-10,Bawang Putih Ukuran Sedang,2,"35,850"
2024-10-11,Bawang Putih Ukuran Sedang,2,"35,750"
2024-10-14,Bawang Putih Ukuran Sedang,2,"35,800"
2024-10-15,Bawang Putih Ukuran Sedang,2,"35,800"
2024-10-16,Bawang Putih Ukuran Sedang,2,"35,800"
2024-10-17,Bawang Putih Ukuran Sedang,2,"35,900"
2024-10-18,Bawang Putih Ukuran Sedang,2,"35,900"
2024-10-21,Bawang Putih Ukuran Sedang,2,"35,900"
2024-10-22,Bawang Putih Ukuran Sedang,2,"35,900"
2024-10-23,Bawang Putih Ukuran Sedang,2,"35,900"
2024-10-24,Bawang Putih Ukuran Sedang,2,"35,950"
2024-10-25,Bawang Putih Ukuran Sedang,2,"35,950"
2024-10-28,Bawang Putih Ukuran Sedang,2,"35,950"
2024-10-29,Bawang Putih Ukuran Sedang,2,"35,950"
2024-10-30,Bawang Putih Ukuran Sedang,2,"35,950"
2024-10-31,Bawang Putih Ukuran Sedang,2,"35,950"
2024-10-01,Cabai Merah,1,"27,450"
2024-10-02,Cabai Merah,1,"27,650"
2024-10-03,Cabai Merah,1,"27,550"
2024-10-04,Cabai Merah,1,"27,550"
2024-10-07,Cabai Merah,1,"27,550"
2024-10-08,Cabai Merah,1,"27,550"
2024-10-09,Cabai Merah,1,"27,200"
2024-10-10,Cabai Merah,1,"26,300"
2024-10-11,Cabai Merah,1,"26,000"
2024-10-14,Cabai Merah,1,"26,150"
2024-10-15,Cabai Merah,1,"26,150"
2024-10-16,Cabai Merah,1,"26,100"
2024-10-17,Cabai Merah,1,"26,500"
2024-10-18,Cabai Merah,1,"26,550"
2024-10-21,Cabai Merah,1,"26,550"
2024-10-22,Cabai Merah,1,"26,550"
2024-10-23,Cabai Merah,1,"26,600"
2024-10-24,Cabai Merah,1,"26,150"
2024-10-25,Cabai Merah,1,"26,100"
2024-10-28,Cabai Merah,1,"26,100"
2024-10-29,Cabai Merah,1,"26,100"
2024-10-30,Cabai Merah,1,"26,100"
2024-10-31,Cabai Merah,1,"24,100"
2024-10-01,Cabai Merah Besar,2,"25,650"
2024-10-02,Cabai Merah Besar,2,"25,700"
2024-10-03,Cabai Merah Besar,2,"25,300"
2024-10-04,Cabai Merah Besar,2,"25,300"
2024-10-07,Cabai Merah Besar,2,"25,300"
2024-10-08,Cabai Merah Besar,2,"25,300"
2024-10-09,Cabai Merah Besar,2,"25,150"
2024-10-10,Cabai Merah Besar,2,"24,150"
2024-10-11,Cabai Merah Besar,2,"23,800"
2024-10-14,Cabai Merah Besar,2,"23,900"
2024-10-15,Cabai Merah Besar,2,"23,900"
2024-10-16,Cabai Merah Besar,2,"23,850"
2024-10-17,Cabai Merah Besar,2,"23,850"
2024-10-18,Cabai Merah Besar,2,"23,850"
2024-10-21,Cabai Merah Besar,2,"23,850"
2024-10-22,Cabai Merah Besar,2,"23,850"
2024-10-23,Cabai Merah Besar,2,"23,900"
2024-10-24,Cabai Merah Besar,2,"25,000"
2024-10-25,Cabai Merah Besar,2,"25,000"
2024-10-28,Cabai Merah Besar,2,"25,000"
2024-10-29,Cabai Merah Besar,2,"25,000"
2024-10-30,Cabai Merah Besar,2,"25,000"
2024-10-31,Cabai Merah Besar,2,"23,450"
2024-10-01,Cabai Merah Keriting ,2,"27,550"
2024-10-02,Cabai Merah Keriting ,2,"27,950"
2024-10-03,Cabai Merah Keriting ,2,"27,350"
2024-10-04,Cabai Merah Keriting ,2,"27,350"
2024-10-07,Cabai Merah Keriting ,2,"27,350"
2024-10-08,Cabai Merah Keriting ,2,"27,350"
2024-10-09,Cabai Merah Keriting ,2,"26,750"
2024-10-10,Cabai Merah Keriting ,2,"25,750"
2024-10-11,Cabai Merah Keriting ,2,"25,450"
2024-10-14,Cabai Merah Keriting ,2,"25,700"
2024-10-15,Cabai Merah Keriting ,2,"25,700"
2024-10-16,Cabai Merah Keriting ,2,"25,650"
2024-10-17,Cabai Merah Keriting ,2,"25,850"
2024-10-18,Cabai Merah Keriting ,2,"25,850"
2024-10-21,Cabai Merah Keriting ,2,"25,850"
2024-10-22,Cabai Merah Keriting ,2,"25,850"
2024-10-23,Cabai Merah Keriting ,2,"25,850"
2024-10-24,Cabai Merah Keriting ,2,"25,300"
2024-10-25,Cabai Merah Keriting ,2,"25,300"
2024-10-28,Cabai Merah Keriting ,2,"25,300"
2024-10-29,Cabai Merah Keriting ,2,"25,300"
2024-10-30,Cabai Merah Keriting ,2,"25,300"
2024-10-31,Cabai Merah Keriting ,2,"23,200"
2024-10-01,Cabai Rawit,1,"40,000"
2024-10-02,Cabai Rawit,1,"40,150"
2024-10-03,Cabai Rawit,1,"39,300"
2024-10-04,Cabai Rawit,1,"39,600"
2024-10-07,Cabai Rawit,1,"39,600"
2024-10-08,Cabai Rawit,1,"39,600"
2024-10-09,Cabai Rawit,1,"39,500"
2024-10-10,Cabai Rawit,1,"38,650"
2024-10-11,Cabai Rawit,1,"38,600"
2024-10-14,Cabai Rawit,1,"38,750"
2024-10-15,Cabai Rawit,1,"38,750"
2024-10-16,Cabai Rawit,1,"38,750"
2024-10-17,Cabai Rawit,1,"38,050"
2024-10-18,Cabai Rawit,1,"38,100"
2024-10-21,Cabai Rawit,1,"38,100"
2024-10-22,Cabai Rawit,1,"38,100"
2024-10-23,Cabai Rawit,1,"38,000"
2024-10-24,Cabai Rawit,1,"35,150"
2024-10-25,Cabai Rawit,1,"35,250"
2024-10-28,Cabai Rawit,1,"35,250"
2024-10-29,Cabai Rawit,1,"35,250"
2024-10-30,Cabai Rawit,1,"34,950"
2024-10-31,Cabai Rawit,1,"32,500"
2024-10-01,Cabai Rawit Hijau,2,"37,400"
2024-10-02,Cabai Rawit Hijau,2,"37,650"
2024-10-03,Cabai Rawit Hijau,2,"36,100"
2024-10-04,Cabai Rawit Hijau,2,"36,300"
2024-10-07,Cabai Rawit Hijau,2,"36,300"
2024-10-08,Cabai Rawit Hijau,2,"36,300"
2024-10-09,Cabai Rawit Hijau,2,"36,050"
2024-10-10,Cabai Rawit Hijau,2,"34,500"
2024-10-11,Cabai Rawit Hijau,2,"34,150"
2024-10-14,Cabai Rawit Hijau,2,"34,400"
2024-10-15,Cabai Rawit Hijau,2,"34,400"
2024-10-16,Cabai Rawit Hijau,2,"34,400"
2024-10-17,Cabai Rawit Hijau,2,"34,850"
2024-10-18,Cabai Rawit Hijau,2,"34,850"
2024-10-21,Cabai Rawit Hijau,2,"34,850"
2024-10-22,Cabai Rawit Hijau,2,"34,850"
2024-10-23,Cabai Rawit Hijau,2,"34,450"
2024-10-24,Cabai Rawit Hijau,2,"32,600"
2024-10-25,Cabai Rawit Hijau,2,"32,650"
2024-10-28,Cabai Rawit Hijau,2,"32,650"
2024-10-29,Cabai Rawit Hijau,2,"32,650"
2024-10-30,Cabai Rawit Hijau,2,"32,450"
2024-10-31,Cabai Rawit Hijau,2,"31,100"
2024-10-01,Cabai Rawit Merah,2,"42,800"
2024-10-02,Cabai Rawit Merah,2,"42,750"
2024-10-03,Cabai Rawit Merah,2,"42,500"
2024-10-04,Cabai Rawit Merah,2,"42,500"
2024-10-07,Cabai Rawit Merah,2,"42,500"
2024-10-08,Cabai Rawit Merah,2,"42,500"
2024-10-09,Cabai Rawit Merah,2,"42,550"
2024-10-10,Cabai Rawit Merah,2,"43,050"
2024-10-11,Cabai Rawit Merah,2,"43,300"
2024-10-14,Cabai Rawit Merah,2,"43,400"
2024-10-15,Cabai Rawit Merah,2,"43,400"
2024-10-16,Cabai Rawit Merah,2,"43,400"
2024-10-17,Cabai Rawit Merah,2,"41,900"
2024-10-18,Cabai Rawit Merah,2,"41,900"
2024-10-21,Cabai Rawit Merah,2,"41,900"
2024-10-22,Cabai Rawit Merah,2,"41,900"
2024-10-23,Cabai Rawit Merah,2,"42,100"
2024-10-24,Cabai Rawit Merah,2,"38,400"
2024-10-25,Cabai Rawit Merah,2,"38,400"
2024-10-28,Cabai Rawit Merah,2,"38,400"
2024-10-29,Cabai Rawit Merah,2,"38,400"
2024-10-30,Cabai Rawit Merah,2,"38,000"
2024-10-31,Cabai Rawit Merah,2,"34,800"
2024-10-01,Minyak Goreng,1,"17,900"
2024-10-02,Minyak Goreng,1,"17,900"
2024-10-03,Minyak Goreng,1,"18,000"
2024-10-04,Minyak Goreng,1,"18,000"
2024-10-07,Minyak Goreng,1,"18,000"
2024-10-08,Minyak Goreng,1,"18,000"
2024-10-09,Minyak Goreng,1,"18,000"
2024-10-10,Minyak Goreng,1,"18,050"
2024-10-11,Minyak Goreng,1,"18,050"
2024-10-14,Minyak Goreng,1,"18,050"
2024-10-15,Minyak Goreng,1,"18,050"
2024-10-16,Minyak Goreng,1,"18,050"
2024-10-17,Minyak Goreng,1,"18,100"
2024-10-18,Minyak Goreng,1,"18,100"
2024-10-21,Minyak Goreng,1,"18,100"
2024-10-22,Minyak Goreng,1,"18,100"
2024-10-23,Minyak Goreng,1,"18,100"
2024-10-24,Minyak Goreng,1,"18,150"
2024-10-25,Minyak Goreng,1,"18,150"
2024-10-28,Minyak Goreng,1,"18,150"
2024-10-29,Minyak Goreng,1,"18,150"
2024-10-30,Minyak Goreng,1,"18,150"
2024-10-31,Minyak Goreng,1,"18,200"
2024-10-01,Minyak Goreng Curah,2,"16,050"
2024-10-02,Minyak Goreng Curah,2,"16,050"
2024-10-03,Minyak Goreng Curah,2,"16,250"
2024-10-04,Minyak Goreng Curah,2,"16,250"
2024-10-07,Minyak Goreng Curah,2,"16,250"
2024-10-08,Minyak Goreng Curah,2,"16,250"
2024-10-09,Minyak Goreng Curah,2,"16,250"
2024-10-10,Minyak Goreng Curah,2,"16,350"
2024-10-11,Minyak Goreng Curah,2,"16,350"
2024-10-14,Minyak Goreng Curah,2,"16,350"
2024-10-15,Minyak Goreng Curah,2,"16,350"
2024-10-16,Minyak Goreng Curah,2,"16,350"
2024-10-17,Minyak Goreng Curah,2,"16,500"
2024-10-18,Minyak Goreng Curah,2,"16,450"
2024-10-21,Minyak Goreng Curah,2,"16,450"
2024-10-22,Minyak Goreng Curah,2,"16,450"
2024-10-23,Minyak Goreng Curah,2,"16,500"
2024-10-24,Minyak Goreng Curah,2,"16,550"
2024-10-25,Minyak Goreng Curah,2,"16,550"
2024-10-28,Minyak Goreng Curah,2,"16,550"
2024-10-29,Minyak Goreng Curah,2,"16,550"
2024-10-30,Minyak Goreng Curah,2,"16,550"
2024-10-31,Minyak Goreng Curah,2,"16,600"
2024-10-01,Minyak Goreng Kemasan Bermerk 1,2,"18,950"
2024-10-02,Minyak Goreng Kemasan Bermerk 1,2,"18,950"
2024-10-03,Minyak Goreng Kemasan Bermerk 1,2,"18,950"
2024-10-04,Minyak Goreng Kemasan Bermerk 1,2,"18,950"
2024-10-07,Minyak Goreng Kemasan Bermerk 1,2,"18,950"
2024-10-08,Minyak Goreng Kemasan Bermerk 1,2,"18,950"
2024-10-09,Minyak Goreng Kemasan Bermerk 1,2,"18,950"
2024-10-10,Minyak Goreng Kemasan Bermerk 1,2,"19,050"
2024-10-11,Minyak Goreng Kemasan Bermerk 1,2,"19,050"
2024-10-14,Minyak Goreng Kemasan Bermerk 1,2,"19,050"
2024-10-15,Minyak Goreng Kemasan Bermerk 1,2,"19,050"
2024-10-16,Minyak Goreng Kemasan Bermerk 1,2,"19,050"
2024-10-17,Minyak Goreng Kemasan Bermerk 1,2,"19,050"
2024-10-18,Minyak Goreng Kemasan Bermerk 1,2,"19,050"
2024-10-21,Minyak Goreng Kemasan Bermerk 1,2,"19,050"
2024-10-22,Minyak Goreng Kemasan Bermerk 1,2,"19,050"
2024-10-23,Minyak Goreng Kemasan Bermerk 1,2,"19,050"
2024-10-24,Minyak Goreng Kemasan Bermerk 1,2,"19,050"
2024-10-25,Minyak Goreng Kemasan Bermerk 1,2,"19,050"
2024-10-28,Minyak Goreng Kemasan Bermerk 1,2,"19,050"
2024-10-29,Minyak Goreng Kemasan Bermerk 1,2,"19,050"
2024-10-30,Minyak Goreng Kemasan Bermerk 1,2,"19,050"
2024-10-31,Minyak Goreng Kemasan Bermerk 1,2,"19,100"
2024-10-01,Minyak Goreng Kemasan Bermerk 2,2,"18,100"
2024-10-02,Minyak Goreng Kemasan Bermerk 2,2,"18,100"
2024-10-03,Minyak Goreng Kemasan Bermerk 2,2,"18,100"
2024-10-04,Minyak Goreng Kemasan Bermerk 2,2,"18,150"
2024-10-07,Minyak Goreng Kemasan Bermerk 2,2,"18,150"
2024-10-08,Minyak Goreng Kemasan Bermerk 2,2,"18,150"
2024-10-09,Minyak Goreng Kemasan Bermerk 2,2,"18,150"
2024-10-10,Minyak Goreng Kemasan Bermerk 2,2,"18,150"
2024-10-11,Minyak Goreng Kemasan Bermerk 2,2,"18,100"
2024-10-14,Minyak Goreng Kemasan Bermerk 2,2,"18,150"
2024-10-15,Minyak Goreng Kemasan Bermerk 2,2,"18,150"
2024-10-16,Minyak Goreng Kemasan Bermerk 2,2,"18,150"
2024-10-17,Minyak Goreng Kemasan Bermerk 2,2,"18,150"
2024-10-18,Minyak Goreng Kemasan Bermerk 2,2,"18,100"
2024-10-21,Minyak Goreng Kemasan Bermerk 2,2,"18,100"
2024-10-22,Minyak Goreng Kemasan Bermerk 2,2,"18,100"
2024-10-23,Minyak Goreng Kemasan Bermerk 2,2,"18,100"
2024-10-24,Minyak Goreng Kemasan Bermerk 2,2,"18,150"
2024-10-25,Minyak Goreng Kemasan Bermerk 2,2,"18,150"
2024-10-28,Minyak Goreng Kemasan Bermerk 2,2,"18,150"
2024-10-29,Minyak Goreng Kemasan Bermerk 2,2,"18,150"
2024-10-30,Minyak Goreng Kemasan Bermerk 2,2,"18,150"
2024-10-31,Minyak Goreng Kemasan Bermerk 2,2,"18,250"
2024-10-01,Gula Pasir,1,"17,050"
2024-10-02,Gula Pasir,1,"17,050"
2024-10-03,Gula Pasir,1,"17,050"
2024-10-04,Gula Pasir,1,"17,050"
2024-10-07,Gula Pasir,1,"17,050"
2024-10-08,Gula Pasir,1,"17,050"
2024-10-09,Gula Pasir,1,"17,050"
2024-10-10,Gula Pasir,1,"17,100"
2024-10-11,Gula Pasir,1,"17,100"
2024-10-14,Gula Pasir,1,"17,100"
2024-10-15,Gula Pasir,1,"17,100"
2024-10-16,Gula Pasir,1,"17,100"
2024-10-17,Gula Pasir,1,"17,050"
2024-10-18,Gula Pasir,1,"17,050"
2024-10-21,Gula Pasir,1,"17,050"
2024-10-22,Gula Pasir,1,"17,050"
2024-10-23,Gula Pasir,1,"17,050"
2024-10-24,Gula Pasir,1,"17,050"
2024-10-25,Gula Pasir,1,"17,050"
2024-10-28,Gula Pasir,1,"17,050"
2024-10-29,Gula Pasir,1,"17,050"
2024-10-30,Gula Pasir,1,"17,050"
2024-10-31,Gula Pasir,1,"17,050"
2024-10-01,Gula Pasir Kualitas Premium,2,"17,700"
2024-10-02,Gula Pasir Kualitas Premium,2,"17,700"
2024-10-03,Gula Pasir Kualitas Premium,2,"17,700"
2024-10-04,Gula Pasir Kualitas Premium,2,"17,700"
2024-10-07,Gula Pasir Kualitas Premium,2,"17,700"
2024-10-08,Gula Pasir Kualitas Premium,2,"17,700"
2024-10-09,Gula Pasir Kualitas Premium,2,"17,700"
2024-10-10,Gula Pasir Kualitas Premium,2,"17,700"
2024-10-11,Gula Pasir Kualitas Premium,2,"17,700"
2024-10-14,Gula Pasir Kualitas Premium,2,"17,700"
2024-10-15,Gula Pasir Kualitas Premium,2,"17,700"
2024-10-16,Gula Pasir Kualitas Premium,2,"17,700"
2024-10-17,Gula Pasir Kualitas Premium,2,"17,700"
2024-10-18,Gula Pasir Kualitas Premium,2,"17,700"
2024-10-21,Gula Pasir Kualitas Premium,2,"17,700"
2024-10-22,Gula Pasir Kualitas Premium,2,"17,700"
2024-10-23,Gula Pasir Kualitas Premium,2,"17,700"
2024-10-24,Gula Pasir Kualitas Premium,2,"17,700"
2024-10-25,Gula Pasir Kualitas Premium,2,"17,700"
2024-10-28,Gula Pasir Kualitas Premium,2,"17,700"
2024-10-29,Gula Pasir Kualitas Premium,2,"17,700"
2024-10-30,Gula Pasir Kualitas Premium,2,"17,700"
2024-10-31,Gula Pasir Kualitas Premium,2,"17,700"
2024-10-01,Gula Pasir Lokal,2,"16,450"
2024-10-02,Gula Pasir Lokal,2,"16,450"
2024-10-03,Gula Pasir Lokal,2,"16,500"
2024-10-04,Gula Pasir Lokal,2,"16,500"
2024-10-07,Gula Pasir Lokal,2,"16,500"
2024-10-08,Gula Pasir Lokal,2,"16,500"
2024-10-09,Gula Pasir Lokal,2,"16,550"
2024-10-10,Gula Pasir Lokal,2,"16,550"
2024-10-11,Gula Pasir Lokal,2,"16,550"
2024-10-14,Gula Pasir Lokal,2,"16,550"
2024-10-15,Gula Pasir Lokal,2,"16,550"
2024-10-16,Gula Pasir Lokal,2,"16,550"
2024-10-17,Gula Pasir Lokal,2,"16,500"
2024-10-18,Gula Pasir Lokal,2,"16,500"
2024-10-21,Gula Pasir Lokal,2,"16,500"
2024-10-22,Gula Pasir Lokal,2,"16,500"
2024-10-23,Gula Pasir Lokal,2,"16,500"
2024-10-24,Gula Pasir Lokal,2,"16,550"
2024-10-25,Gula Pasir Lokal,2,"16,550"
2024-10-28,Gula Pasir Lokal,2,"16,550"
2024-10-29,Gula Pasir Lokal,2,"16,550"
2024-10-30,Gula Pasir Lokal,2,"16,550"
2024-10-31,Gula Pasir Lokal,2,"16,550"
2024-11-01,Beras,1,"14,250"
2024-11-04,Beras,1,"14,250"
2024-11-05,Beras,1,"14,250"
2024-11-06,Beras,1,"14,250"
2024-11-07,Beras,1,"14,250"
2024-11-08,Beras,1,"14,250"
2024-11-11,Beras,1,"14,250"
2024-11-12,Beras,1,"14,250"
2024-11-13,Beras,1,"14,250"
2024-11-14,Beras,1,"14,250"
2024-11-15,Beras,1,"14,250"
2024-11-18,Beras,1,"14,250"
2024-11-19,Beras,1,"14,250"
2024-11-20,Beras,1,"14,250"
2024-11-21,Beras,1,"14,250"
2024-11-22,Beras,1,"14,250"
2024-11-25,Beras,1,"14,250"
2024-11-26,Beras,1,"14,250"
2024-11-27,Beras,1,"14,250"
2024-11-28,Beras,1,"14,200"
2024-11-29,Beras,1,"14,200"
2024-11-01,Beras Kualitas Bawah I,2,"13,250"
2024-11-04,Beras Kualitas Bawah I,2,"13,250"
2024-11-05,Beras Kualitas Bawah I,2,"13,250"
2024-11-06,Beras Kualitas Bawah I,2,"13,250"
2024-11-07,Beras Kualitas Bawah I,2,"13,200"
2024-11-08,Beras Kualitas Bawah I,2,"13,200"
2024-11-11,Beras Kualitas Bawah I,2,"13,200"
2024-11-12,Beras Kualitas Bawah I,2,"13,200"
2024-11-13,Beras Kualitas Bawah I,2,"13,200"
2024-11-14,Beras Kualitas Bawah I,2,"13,200"
2024-11-15,Beras Kualitas Bawah I,2,"13,200"
2024-11-18,Beras Kualitas Bawah I,2,"13,200"
2024-11-19,Beras Kualitas Bawah I,2,"13,200"
2024-11-20,Beras Kualitas Bawah I,2,"13,200"
2024-11-21,Beras Kualitas Bawah I,2,"13,200"
2024-11-22,Beras Kualitas Bawah I,2,"13,200"
2024-11-25,Beras Kualitas Bawah I,2,"13,200"
2024-11-26,Beras Kualitas Bawah I,2,"13,200"
2024-11-27,Beras Kualitas Bawah I,2,"13,200"
2024-11-28,Beras Kualitas Bawah I,2,"13,150"
2024-11-29,Beras Kualitas Bawah I,2,"13,150"
2024-11-01,Beras Kualitas Bawah II,2,"13,000"
2024-11-04,Beras Kualitas Bawah II,2,"13,000"
2024-11-05,Beras Kualitas Bawah II,2,"13,000"
2024-11-06,Beras Kualitas Bawah II,2,"13,000"
2024-11-07,Beras Kualitas Bawah II,2,"13,000"
2024-11-08,Beras Kualitas Bawah II,2,"12,950"
2024-11-11,Beras Kualitas Bawah II,2,"12,950"
2024-11-12,Beras Kualitas Bawah II,2,"13,000"
2024-11-13,Beras Kualitas Bawah II,2,"13,000"
2024-11-14,Beras Kualitas Bawah II,2,"13,000"
2024-11-15,Beras Kualitas Bawah II,2,"12,950"
2024-11-18,Beras Kualitas Bawah II,2,"12,950"
2024-11-19,Beras Kualitas Bawah II,2,"12,950"
2024-11-20,Beras Kualitas Bawah II,2,"12,950"
2024-11-21,Beras Kualitas Bawah II,2,"12,950"
2024-11-22,Beras Kualitas Bawah II,2,"12,950"
2024-11-25,Beras Kualitas Bawah II,2,"12,950"
2024-11-26,Beras Kualitas Bawah II,2,"12,950"
2024-11-27,Beras Kualitas Bawah II,2,"12,950"
2024-11-28,Beras Kualitas Bawah II,2,"12,950"
2024-11-29,Beras Kualitas Bawah II,2,"12,950"
2024-11-01,Beras Kualitas Medium I,2,"14,350"
2024-11-04,Beras Kualitas Medium I,2,"14,350"
2024-11-05,Beras Kualitas Medium I,2,"14,350"
2024-11-06,Beras Kualitas Medium I,2,"14,350"
2024-11-07,Beras Kualitas Medium I,2,"14,350"
2024-11-08,Beras Kualitas Medium I,2,"14,350"
2024-11-11,Beras Kualitas Medium I,2,"14,350"
2024-11-12,Beras Kualitas Medium I,2,"14,350"
2024-11-13,Beras Kualitas Medium I,2,"14,350"
2024-11-14,Beras Kualitas Medium I,2,"14,300"
2024-11-15,Beras Kualitas Medium I,2,"14,300"
2024-11-18,Beras Kualitas Medium I,2,"14,300"
2024-11-19,Beras Kualitas Medium I,2,"14,300"
2024-11-20,Beras Kualitas Medium I,2,"14,300"
2024-11-21,Beras Kualitas Medium I,2,"14,350"
2024-11-22,Beras Kualitas Medium I,2,"14,350"
2024-11-25,Beras Kualitas Medium I,2,"14,350"
2024-11-26,Beras Kualitas Medium I,2,"14,350"
2024-11-27,Beras Kualitas Medium I,2,"14,350"
2024-11-28,Beras Kualitas Medium I,2,"14,300"
2024-11-29,Beras Kualitas Medium I,2,"14,300"
2024-11-01,Beras Kualitas Medium II,2,"14,250"
2024-11-04,Beras Kualitas Medium II,2,"14,250"
2024-11-05,Beras Kualitas Medium II,2,"14,250"
2024-11-06,Beras Kualitas Medium II,2,"14,250"
2024-11-07,Beras Kualitas Medium II,2,"14,200"
2024-11-08,Beras Kualitas Medium II,2,"14,250"
2024-11-11,Beras Kualitas Medium II,2,"14,250"
2024-11-12,Beras Kualitas Medium II,2,"14,250"
2024-11-13,Beras Kualitas Medium II,2,"14,250"
2024-11-14,Beras Kualitas Medium II,2,"14,200"
2024-11-15,Beras Kualitas Medium II,2,"14,200"
2024-11-18,Beras Kualitas Medium II,2,"14,200"
2024-11-19,Beras Kualitas Medium II,2,"14,200"
2024-11-20,Beras Kualitas Medium II,2,"14,200"
2024-11-21,Beras Kualitas Medium II,2,"14,200"
2024-11-22,Beras Kualitas Medium II,2,"14,200"
2024-11-25,Beras Kualitas Medium II,2,"14,200"
2024-11-26,Beras Kualitas Medium II,2,"14,200"
2024-11-27,Beras Kualitas Medium II,2,"14,200"
2024-11-28,Beras Kualitas Medium II,2,"14,200"
2024-11-29,Beras Kualitas Medium II,2,"14,200"
2024-11-01,Beras Kualitas Super I,2,"15,600"
2024-11-04,Beras Kualitas Super I,2,"15,600"
2024-11-05,Beras Kualitas Super I,2,"15,600"
2024-11-06,Beras Kualitas Super I,2,"15,600"
2024-11-07,Beras Kualitas Super I,2,"15,550"
2024-11-08,Beras Kualitas Super I,2,"15,600"
2024-11-11,Beras Kualitas Super I,2,"15,600"
2024-11-12,Beras Kualitas Super I,2,"15,550"
2024-11-13,Beras Kualitas Super I,2,"15,550"
2024-11-14,Beras Kualitas Super I,2,"15,550"
2024-11-15,Beras Kualitas Super I,2,"15,550"
2024-11-18,Beras Kualitas Super I,2,"15,550"
2024-11-19,Beras Kualitas Super I,2,"15,550"
2024-11-20,Beras Kualitas Super I,2,"15,550"
2024-11-21,Beras Kualitas Super I,2,"15,500"
2024-11-22,Beras Kualitas Super I,2,"15,500"
2024-11-25,Beras Kualitas Super I,2,"15,500"
2024-11-26,Beras Kualitas Super I,2,"15,500"
2024-11-27,Beras Kualitas Super I,2,"15,500"
2024-11-28,Beras Kualitas Super I,2,"15,500"
2024-11-29,Beras Kualitas Super I,2,"15,500"
2024-11-01,Beras Kualitas Super II,2,"15,250"
2024-11-04,Beras Kualitas Super II,2,"15,250"
2024-11-05,Beras Kualitas Super II,2,"15,250"
2024-11-06,Beras Kualitas Super II,2,"15,250"
2024-11-07,Beras Kualitas Super II,2,"15,250"
2024-11-08,Beras Kualitas Super II,2,"15,250"
2024-11-11,Beras Kualitas Super II,2,"15,250"
2024-11-12,Beras Kualitas Super II,2,"15,250"
2024-11-13,Beras Kualitas Super II,2,"15,250"
2024-11-14,Beras Kualitas Super II,2,"15,250"
2024-11-15,Beras Kualitas Super II,2,"15,250"
2024-11-18,Beras Kualitas Super II,2,"15,250"
2024-11-19,Beras Kualitas Super II,2,"15,250"
2024-11-20,Beras Kualitas Super II,2,"15,250"
2024-11-21,Beras Kualitas Super II,2,"15,250"
2024-11-22,Beras Kualitas Super II,2,"15,250"
2024-11-25,Beras Kualitas Super II,2,"15,250"
2024-11-26,Beras Kualitas Super II,2,"15,250"
2024-11-27,Beras Kualitas Super II,2,"15,250"
2024-11-28,Beras Kualitas Super II,2,"15,250"
2024-11-29,Beras Kualitas Super II,2,"15,250"
2024-11-01,Daging Ayam,1,"31,650"
2024-11-04,Daging Ayam,1,"31,650"
2024-11-05,Daging Ayam,1,"31,650"
2024-11-06,Daging Ayam,1,"31,600"
2024-11-07,Daging Ayam,1,"31,300"
2024-11-08,Daging Ayam,1,"31,300"
2024-11-11,Daging Ayam,1,"31,300"
2024-11-12,Daging Ayam,1,"31,300"
2024-11-13,Daging Ayam,1,"31,400"
2024-11-14,Daging Ayam,1,"31,500"
2024-11-15,Daging Ayam,1,"31,500"
2024-11-18,Daging Ayam,1,"31,500"
2024-11-19,Daging Ayam,1,"31,500"
2024-11-20,Daging Ayam,1,"31,500"
2024-11-21,Daging Ayam,1,"31,700"
2024-11-22,Daging Ayam,1,"31,550"
2024-11-25,Daging Ayam,1,"31,700"
2024-11-26,Daging Ayam,1,"31,700"
2024-11-27,Daging Ayam,1,"31,700"
2024-11-28,Daging Ayam,1,"31,450"
2024-11-29,Daging Ayam,1,"31,450"
2024-11-01,Daging Ayam Ras Segar,2,"31,650"
2024-11-04,Daging Ayam Ras Segar,2,"31,650"
2024-11-05,Daging Ayam Ras Segar,2,"31,650"
2024-11-06,Daging Ayam Ras Segar,2,"31,600"
2024-11-07,Daging Ayam Ras Segar,2,"31,300"
2024-11-08,Daging Ayam Ras Segar,2,"31,300"
2024-11-11,Daging Ayam Ras Segar,2,"31,300"
2024-11-12,Daging Ayam Ras Segar,2,"31,400"
2024-11-13,Daging Ayam Ras Segar,2,"31,350"
2024-11-14,Daging Ayam Ras Segar,2,"31,450"
2024-11-15,Daging Ayam Ras Segar,2,"31,500"
2024-11-18,Daging Ayam Ras Segar,2,"31,500"
2024-11-19,Daging Ayam Ras Segar,2,"31,500"
2024-11-20,Daging Ayam Ras Segar,2,"31,500"
2024-11-21,Daging Ayam Ras Segar,2,"31,700"
2024-11-22,Daging Ayam Ras Segar,2,"31,550"
2024-11-25,Daging Ayam Ras Segar,2,"31,700"
2024-11-26,Daging Ayam Ras Segar,2,"31,700"
2024-11-27,Daging Ayam Ras Segar,2,"31,700"
2024-11-28,Daging Ayam Ras Segar,2,"31,450"
2024-11-29,Daging Ayam Ras Segar,2,"31,450"
2024-11-01,Daging Sapi,1,"127,450"
2024-11-04,Daging Sapi,1,"127,450"
2024-11-05,Daging Sapi,1,"127,450"
2024-11-06,Daging Sapi,1,"127,450"
2024-11-07,Daging Sapi,1,"127,450"
2024-11-08,Daging Sapi,1,"127,250"
2024-11-11,Daging Sapi,1,"127,250"
2024-11-12,Daging Sapi,1,"127,250"
2024-11-13,Daging Sapi,1,"127,300"
2024-11-14,Daging Sapi,1,"127,200"
2024-11-15,Daging Sapi,1,"127,050"
2024-11-18,Daging Sapi,1,"127,050"
2024-11-19,Daging Sapi,1,"127,050"
2024-11-20,Daging Sapi,1,"126,850"
2024-11-21,Daging Sapi,1,"126,950"
2024-11-22,Daging Sapi,1,"126,800"
2024-11-25,Daging Sapi,1,"126,700"
2024-11-26,Daging Sapi,1,"126,700"
2024-11-27,Daging Sapi,1,"126,700"
2024-11-28,Daging Sapi,1,"126,950"
2024-11-29,Daging Sapi,1,"126,950"
2024-11-01,Daging Sapi Kualitas 1,2,"129,650"
2024-11-04,Daging Sapi Kualitas 1,2,"129,650"
2024-11-05,Daging Sapi Kualitas 1,2,"129,650"
2024-11-06,Daging Sapi Kualitas 1,2,"129,650"
2024-11-07,Daging Sapi Kualitas 1,2,"129,650"
2024-11-08,Daging Sapi Kualitas 1,2,"129,400"
2024-11-11,Daging Sapi Kualitas 1,2,"129,400"
2024-11-12,Daging Sapi Kualitas 1,2,"129,500"
2024-11-13,Daging Sapi Kualitas 1,2,"129,500"
2024-11-14,Daging Sapi Kualitas 1,2,"129,400"
2024-11-15,Daging Sapi Kualitas 1,2,"129,250"
2024-11-18,Daging Sapi Kualitas 1,2,"129,250"
2024-11-19,Daging Sapi Kualitas 1,2,"129,250"
2024-11-20,Daging Sapi Kualitas 1,2,"129,000"
2024-11-21,Daging Sapi Kualitas 1,2,"129,150"
2024-11-22,Daging Sapi Kualitas 1,2,"128,850"
2024-11-25,Daging Sapi Kualitas 1,2,"128,800"
2024-11-26,Daging Sapi Kualitas 1,2,"128,800"
2024-11-27,Daging Sapi Kualitas 1,2,"128,800"
2024-11-28,Daging Sapi Kualitas 1,2,"129,100"
2024-11-29,Daging Sapi Kualitas 1,2,"129,100"
2024-11-01,Daging Sapi Kualitas 2,2,"126,350"
2024-11-04,Daging Sapi Kualitas 2,2,"126,350"
2024-11-05,Daging Sapi Kualitas 2,2,"126,350"
2024-11-06,Daging Sapi Kualitas 2,2,"126,350"
2024-11-07,Daging Sapi Kualitas 2,2,"126,350"
2024-11-08,Daging Sapi Kualitas 2,2,"126,150"
2024-11-11,Daging Sapi Kualitas 2,2,"126,150"
2024-11-12,Daging Sapi Kualitas 2,2,"126,150"
2024-11-13,Daging Sapi Kualitas 2,2,"126,150"
2024-11-14,Daging Sapi Kualitas 2,2,"126,000"
2024-11-15,Daging Sapi Kualitas 2,2,"125,850"
2024-11-18,Daging Sapi Kualitas 2,2,"125,850"
2024-11-19,Daging Sapi Kualitas 2,2,"125,850"
2024-11-20,Daging Sapi Kualitas 2,2,"125,650"
2024-11-21,Daging Sapi Kualitas 2,2,"125,600"
2024-11-22,Daging Sapi Kualitas 2,2,"125,550"
2024-11-25,Daging Sapi Kualitas 2,2,"125,450"
2024-11-26,Daging Sapi Kualitas 2,2,"125,450"
2024-11-27,Daging Sapi Kualitas 2,2,"125,450"
2024-11-28,Daging Sapi Kualitas 2,2,"125,650"
2024-11-29,Daging Sapi Kualitas 2,2,"125,650"
2024-11-01,Telur Ayam,1,"26,500"
2024-11-04,Telur Ayam,1,"26,500"
2024-11-05,Telur Ayam,1,"26,500"
2024-11-06,Telur Ayam,1,"26,500"
2024-11-07,Telur Ayam,1,"26,500"
2024-11-08,Telur Ayam,1,"26,600"
2024-11-11,Telur Ayam,1,"26,600"
2024-11-12,Telur Ayam,1,"26,600"
2024-11-13,Telur Ayam,1,"26,500"
2024-11-14,Telur Ayam,1,"26,350"
2024-11-15,Telur Ayam,1,"26,400"
2024-11-18,Telur Ayam,1,"26,400"
2024-11-19,Telur Ayam,1,"26,400"
2024-11-20,Telur Ayam,1,"26,400"
2024-11-21,Telur Ayam,1,"26,300"
2024-11-22,Telur Ayam,1,"26,350"
2024-11-25,Telur Ayam,1,"26,300"
2024-11-26,Telur Ayam,1,"26,300"
2024-11-27,Telur Ayam,1,"26,300"
2024-11-28,Telur Ayam,1,"26,250"
2024-11-29,Telur Ayam,1,"26,300"
2024-11-01,Telur Ayam Ras Segar,2,"26,500"
2024-11-04,Telur Ayam Ras Segar,2,"26,500"
2024-11-05,Telur Ayam Ras Segar,2,"26,500"
2024-11-06,Telur Ayam Ras Segar,2,"26,500"
2024-11-07,Telur Ayam Ras Segar,2,"26,500"
2024-11-08,Telur Ayam Ras Segar,2,"26,600"
2024-11-11,Telur Ayam Ras Segar,2,"26,600"
2024-11-12,Telur Ayam Ras Segar,2,"26,500"
2024-11-13,Telur Ayam Ras Segar,2,"26,450"
2024-11-14,Telur Ayam Ras Segar,2,"26,350"
2024-11-15,Telur Ayam Ras Segar,2,"26,400"
2024-11-18,Telur Ayam Ras Segar,2,"26,400"
2024-11-19,Telur Ayam Ras Segar,2,"26,400"
2024-11-20,Telur Ayam Ras Segar,2,"26,400"
2024-11-21,Telur Ayam Ras Segar,2,"26,300"
2024-11-22,Telur Ayam Ras Segar,2,"26,350"
2024-11-25,Telur Ayam Ras Segar,2,"26,300"
2024-11-26,Telur Ayam Ras Segar,2,"26,300"
2024-11-27,Telur Ayam Ras Segar,2,"26,300"
2024-11-28,Telur Ayam Ras Segar,2,"26,250"
2024-11-29,Telur Ayam Ras Segar,2,"26,300"
2024-11-01,Bawang Merah,1,"27,850"
2024-11-04,Bawang Merah,1,"27,850"
2024-11-05,Bawang Merah,1,"27,850"
2024-11-06,Bawang Merah,1,"28,100"
2024-11-07,Bawang Merah,1,"30,850"
2024-11-08,Bawang Merah,1,"30,900"
2024-11-11,Bawang Merah,1,"30,900"
2024-11-12,Bawang Merah,1,"30,900"
2024-11-13,Bawang Merah,1,"30,950"
2024-11-14,Bawang Merah,1,"32,950"
2024-11-15,Bawang Merah,1,"32,950"
2024-11-18,Bawang Merah,1,"32,950"
2024-11-19,Bawang Merah,1,"32,950"
2024-11-20,Bawang Merah,1,"33,050"
2024-11-21,Bawang Merah,1,"34,350"
2024-11-22,Bawang Merah,1,"34,400"
2024-11-25,Bawang Merah,1,"34,350"
2024-11-26,Bawang Merah,1,"34,350"
2024-11-27,Bawang Merah,1,"34,350"
2024-11-28,Bawang Merah,1,"35,300"
2024-11-29,Bawang Merah,1,"35,300"
2024-11-01,Bawang Merah Ukuran Sedang,2,"27,850"
2024-11-04,Bawang Merah Ukuran Sedang,2,"27,850"
2024-11-05,Bawang Merah Ukuran Sedang,2,"27,850"
2024-11-06,Bawang Merah Ukuran Sedang,2,"28,100"
2024-11-07,Bawang Merah Ukuran Sedang,2,"30,850"
2024-11-08,Bawang Merah Ukuran Sedang,2,"30,900"
2024-11-11,Bawang Merah Ukuran Sedang,2,"30,900"
2024-11-12,Bawang Merah Ukuran Sedang,2,"30,900"
2024-11-13,Bawang Merah Ukuran Sedang,2,"31,150"
2024-11-14,Bawang Merah Ukuran Sedang,2,"32,950"
2024-11-15,Bawang Merah Ukuran Sedang,2,"32,950"
2024-11-18,Bawang Merah Ukuran Sedang,2,"32,950"
2024-11-19,Bawang Merah Ukuran Sedang,2,"32,950"
2024-11-20,Bawang Merah Ukuran Sedang,2,"33,050"
2024-11-21,Bawang Merah Ukuran Sedang,2,"34,350"
2024-11-22,Bawang Merah Ukuran Sedang,2,"34,400"
2024-11-25,Bawang Merah Ukuran Sedang,2,"34,350"
2024-11-26,Bawang Merah Ukuran Sedang,2,"34,350"
2024-11-27,Bawang Merah Ukuran Sedang,2,"34,350"
2024-11-28,Bawang Merah Ukuran Sedang,2,"35,300"
2024-11-29,Bawang Merah Ukuran Sedang,2,"35,300"
2024-11-01,Bawang Putih,1,"35,850"
2024-11-04,Bawang Putih,1,"35,850"
2024-11-05,Bawang Putih,1,"35,850"
2024-11-06,Bawang Putih,1,"35,900"
2024-11-07,Bawang Putih,1,"36,400"
2024-11-08,Bawang Putih,1,"36,400"
2024-11-11,Bawang Putih,1,"36,400"
2024-11-12,Bawang Putih,1,"36,400"
2024-11-13,Bawang Putih,1,"36,450"
2024-11-14,Bawang Putih,1,"36,600"
2024-11-15,Bawang Putih,1,"36,650"
2024-11-18,Bawang Putih,1,"36,650"
2024-11-19,Bawang Putih,1,"36,650"
2024-11-20,Bawang Putih,1,"36,750"
2024-11-21,Bawang Putih,1,"36,550"
2024-11-22,Bawang Putih,1,"36,500"
2024-11-25,Bawang Putih,1,"36,550"
2024-11-26,Bawang Putih,1,"36,550"
2024-11-27,Bawang Putih,1,"36,600"
2024-11-28,Bawang Putih,1,"36,950"
2024-11-29,Bawang Putih,1,"36,950"
2024-11-01,Bawang Putih Ukuran Sedang,2,"35,850"
2024-11-04,Bawang Putih Ukuran Sedang,2,"35,850"
2024-11-05,Bawang Putih Ukuran Sedang,2,"35,850"
2024-11-06,Bawang Putih Ukuran Sedang,2,"35,900"
2024-11-07,Bawang Putih Ukuran Sedang,2,"36,400"
2024-11-08,Bawang Putih Ukuran Sedang,2,"36,400"
2024-11-11,Bawang Putih Ukuran Sedang,2,"36,400"
2024-11-12,Bawang Putih Ukuran Sedang,2,"36,450"
2024-11-13,Bawang Putih Ukuran Sedang,2,"36,550"
2024-11-14,Bawang Putih Ukuran Sedang,2,"36,600"
2024-11-15,Bawang Putih Ukuran Sedang,2,"36,650"
2024-11-18,Bawang Putih Ukuran Sedang,2,"36,650"
2024-11-19,Bawang Putih Ukuran Sedang,2,"36,650"
2024-11-20,Bawang Putih Ukuran Sedang,2,"36,750"
2024-11-21,Bawang Putih Ukuran Sedang,2,"36,550"
2024-11-22,Bawang Putih Ukuran Sedang,2,"36,500"
2024-11-25,Bawang Putih Ukuran Sedang,2,"36,550"
2024-11-26,Bawang Putih Ukuran Sedang,2,"36,550"
2024-11-27,Bawang Putih Ukuran Sedang,2,"36,600"
2024-11-28,Bawang Putih Ukuran Sedang,2,"36,950"
2024-11-29,Bawang Putih Ukuran Sedang,2,"36,950"
2024-11-01,Cabai Merah,1,"24,000"
2024-11-04,Cabai Merah,1,"24,000"
2024-11-05,Cabai Merah,1,"24,000"
2024-11-06,Cabai Merah,1,"23,950"
2024-11-07,Cabai Merah,1,"23,950"
2024-11-08,Cabai Merah,1,"24,000"
2024-11-11,Cabai Merah,1,"24,000"
2024-11-12,Cabai Merah,1,"24,000"
2024-11-13,Cabai Merah,1,"24,150"
2024-11-14,Cabai Merah,1,"24,400"
2024-11-15,Cabai Merah,1,"24,250"
2024-11-18,Cabai Merah,1,"24,250"
2024-11-19,Cabai Merah,1,"24,250"
2024-11-20,Cabai Merah,1,"24,250"
2024-11-21,Cabai Merah,1,"25,250"
2024-11-22,Cabai Merah,1,"25,100"
2024-11-25,Cabai Merah,1,"25,150"
2024-11-26,Cabai Merah,1,"25,150"
2024-11-27,Cabai Merah,1,"25,350"
2024-11-28,Cabai Merah,1,"26,100"
2024-11-29,Cabai Merah,1,"26,100"
2024-11-01,Cabai Merah Besar,2,"23,450"
2024-11-04,Cabai Merah Besar,2,"23,450"
2024-11-05,Cabai Merah Besar,2,"23,450"
2024-11-06,Cabai Merah Besar,2,"23,350"
2024-11-07,Cabai Merah Besar,2,"23,350"
2024-11-08,Cabai Merah Besar,2,"23,200"
2024-11-11,Cabai Merah Besar,2,"23,200"
2024-11-12,Cabai Merah Besar,2,"23,300"
2024-11-13,Cabai Merah Besar,2,"23,550"
2024-11-14,Cabai Merah Besar,2,"24,700"
2024-11-15,Cabai Merah Besar,2,"24,700"
2024-11-18,Cabai Merah Besar,2,"24,700"
2024-11-19,Cabai Merah Besar,2,"24,700"
2024-11-20,Cabai Merah Besar,2,"24,750"
2024-11-21,Cabai Merah Besar,2,"25,400"
2024-11-22,Cabai Merah Besar,2,"24,800"
2024-11-25,Cabai Merah Besar,2,"24,850"
2024-11-26,Cabai Merah Besar,2,"24,850"
2024-11-27,Cabai Merah Besar,2,"25,300"
2024-11-28,Cabai Merah Besar,2,"25,250"
2024-11-29,Cabai Merah Besar,2,"25,250"
2024-11-01,Cabai Merah Keriting ,2,"23,150"
2024-11-04,Cabai Merah Keriting ,2,"23,150"
2024-11-05,Cabai Merah Keriting ,2,"23,150"
2024-11-06,Cabai Merah Keriting ,2,"23,050"
2024-11-07,Cabai Merah Keriting ,2,"23,050"
2024-11-08,Cabai Merah Keriting ,2,"22,850"
2024-11-11,Cabai Merah Keriting ,2,"22,850"
2024-11-12,Cabai Merah Keriting ,2,"23,000"
2024-11-13,Cabai Merah Keriting ,2,"23,100"
2024-11-14,Cabai Merah Keriting ,2,"23,050"
2024-11-15,Cabai Merah Keriting ,2,"22,900"
2024-11-18,Cabai Merah Keriting ,2,"22,900"
2024-11-19,Cabai Merah Keriting ,2,"22,900"
2024-11-20,Cabai Merah Keriting ,2,"22,900"
2024-11-21,Cabai Merah Keriting ,2,"24,500"
2024-11-22,Cabai Merah Keriting ,2,"24,400"
2024-11-25,Cabai Merah Keriting ,2,"24,500"
2024-11-26,Cabai Merah Keriting ,2,"24,500"
2024-11-27,Cabai Merah Keriting ,2,"24,500"
2024-11-28,Cabai Merah Keriting ,2,"25,000"
2024-11-29,Cabai Merah Keriting ,2,"25,000"
2024-11-01,Cabai Rawit,1,"32,550"
2024-11-04,Cabai Rawit,1,"32,550"
2024-11-05,Cabai Rawit,1,"32,550"
2024-11-06,Cabai Rawit,1,"32,550"
2024-11-07,Cabai Rawit,1,"33,350"
2024-11-08,Cabai Rawit,1,"33,250"
2024-11-11,Cabai Rawit,1,"33,250"
2024-11-12,Cabai Rawit,1,"33,250"
2024-11-13,Cabai Rawit,1,"33,350"
2024-11-14,Cabai Rawit,1,"35,000"
2024-11-15,Cabai Rawit,1,"35,000"
2024-11-18,Cabai Rawit,1,"35,000"
2024-11-19,Cabai Rawit,1,"35,000"
2024-11-20,Cabai Rawit,1,"34,900"
2024-11-21,Cabai Rawit,1,"34,250"
2024-11-22,Cabai Rawit,1,"34,100"
2024-11-25,Cabai Rawit,1,"34,200"
2024-11-26,Cabai Rawit,1,"34,200"
2024-11-27,Cabai Rawit,1,"33,950"
2024-11-28,Cabai Rawit,1,"33,100"
2024-11-29,Cabai Rawit,1,"33,100"
2024-11-01,Cabai Rawit Hijau,2,"31,150"
2024-11-04,Cabai Rawit Hijau,2,"31,150"
2024-11-05,Cabai Rawit Hijau,2,"31,150"
2024-11-06,Cabai Rawit Hijau,2,"31,050"
2024-11-07,Cabai Rawit Hijau,2,"30,400"
2024-11-08,Cabai Rawit Hijau,2,"30,150"
2024-11-11,Cabai Rawit Hijau,2,"30,150"
2024-11-12,Cabai Rawit Hijau,2,"30,400"
2024-11-13,Cabai Rawit Hijau,2,"30,400"
2024-11-14,Cabai Rawit Hijau,2,"30,150"
2024-11-15,Cabai Rawit Hijau,2,"30,150"
2024-11-18,Cabai Rawit Hijau,2,"30,150"
2024-11-19,Cabai Rawit Hijau,2,"30,150"
2024-11-20,Cabai Rawit Hijau,2,"30,100"
2024-11-21,Cabai Rawit Hijau,2,"30,450"
2024-11-22,Cabai Rawit Hijau,2,"29,800"
2024-11-25,Cabai Rawit Hijau,2,"30,150"
2024-11-26,Cabai Rawit Hijau,2,"30,150"
2024-11-27,Cabai Rawit Hijau,2,"30,100"
2024-11-28,Cabai Rawit Hijau,2,"29,600"
2024-11-29,Cabai Rawit Hijau,2,"29,600"
2024-11-01,Cabai Rawit Merah,2,"34,750"
2024-11-04,Cabai Rawit Merah,2,"34,750"
2024-11-05,Cabai Rawit Merah,2,"34,750"
2024-11-06,Cabai Rawit Merah,2,"34,950"
2024-11-07,Cabai Rawit Merah,2,"36,250"
2024-11-08,Cabai Rawit Merah,2,"36,200"
2024-11-11,Cabai Rawit Merah,2,"36,200"
2024-11-12,Cabai Rawit Merah,2,"36,200"
2024-11-13,Cabai Rawit Merah,2,"36,150"
2024-11-14,Cabai Rawit Merah,2,"40,300"
2024-11-15,Cabai Rawit Merah,2,"40,300"
2024-11-18,Cabai Rawit Merah,2,"40,300"
2024-11-19,Cabai Rawit Merah,2,"40,300"
2024-11-20,Cabai Rawit Merah,2,"40,200"
2024-11-21,Cabai Rawit Merah,2,"38,100"
2024-11-22,Cabai Rawit Merah,2,"38,200"
2024-11-25,Cabai Rawit Merah,2,"38,050"
2024-11-26,Cabai Rawit Merah,2,"38,050"
2024-11-27,Cabai Rawit Merah,2,"37,650"
2024-11-28,Cabai Rawit Merah,2,"35,750"
2024-11-29,Cabai Rawit Merah,2,"35,750"
2024-11-01,Minyak Goreng,1,"18,250"
2024-11-04,Minyak Goreng,1,"18,250"
2024-11-05,Minyak Goreng,1,"18,250"
2024-11-06,Minyak Goreng,1,"18,250"
2024-11-07,Minyak Goreng,1,"18,350"
2024-11-08,Minyak Goreng,1,"18,350"
2024-11-11,Minyak Goreng,1,"18,350"
2024-11-12,Minyak Goreng,1,"18,350"
2024-11-13,Minyak Goreng,1,"18,350"
2024-11-14,Minyak Goreng,1,"18,500"
2024-11-15,Minyak Goreng,1,"18,500"
2024-11-18,Minyak Goreng,1,"18,500"
2024-11-19,Minyak Goreng,1,"18,500"
2024-11-20,Minyak Goreng,1,"18,500"
2024-11-21,Minyak Goreng,1,"18,700"
2024-11-22,Minyak Goreng,1,"18,650"
2024-11-25,Minyak Goreng,1,"18,700"
2024-11-26,Minyak Goreng,1,"18,700"
2024-11-27,Minyak Goreng,1,"18,700"
2024-11-28,Minyak Goreng,1,"18,700"
2024-11-29,Minyak Goreng,1,"18,700"
2024-11-01,Minyak Goreng Curah,2,"16,600"
2024-11-04,Minyak Goreng Curah,2,"16,600"
2024-11-05,Minyak Goreng Curah,2,"16,600"
2024-11-06,Minyak Goreng Curah,2,"16,600"
2024-11-07,Minyak Goreng Curah,2,"16,800"
2024-11-08,Minyak Goreng Curah,2,"16,800"
2024-11-11,Minyak Goreng Curah,2,"16,800"
2024-11-12,Minyak Goreng Curah,2,"16,800"
2024-11-13,Minyak Goreng Curah,2,"16,800"
2024-11-14,Minyak Goreng Curah,2,"17,000"
2024-11-15,Minyak Goreng Curah,2,"17,000"
2024-11-18,Minyak Goreng Curah,2,"17,000"
2024-11-19,Minyak Goreng Curah,2,"17,000"
2024-11-20,Minyak Goreng Curah,2,"17,050"
2024-11-21,Minyak Goreng Curah,2,"17,250"
2024-11-22,Minyak Goreng Curah,2,"17,250"
2024-11-25,Minyak Goreng Curah,2,"17,250"
2024-11-26,Minyak Goreng Curah,2,"17,250"
2024-11-27,Minyak Goreng Curah,2,"17,250"
2024-11-28,Minyak Goreng Curah,2,"17,300"
2024-11-29,Minyak Goreng Curah,2,"17,300"
2024-11-01,Minyak Goreng Kemasan Bermerk 1,2,"19,150"
2024-11-04,Minyak Goreng Kemasan Bermerk 1,2,"19,150"
2024-11-05,Minyak Goreng Kemasan Bermerk 1,2,"19,150"
2024-11-06,Minyak Goreng Kemasan Bermerk 1,2,"19,150"
2024-11-07,Minyak Goreng Kemasan Bermerk 1,2,"19,200"
2024-11-08,Minyak Goreng Kemasan Bermerk 1,2,"19,200"
2024-11-11,Minyak Goreng Kemasan Bermerk 1,2,"19,200"
2024-11-12,Minyak Goreng Kemasan Bermerk 1,2,"19,200"
2024-11-13,Minyak Goreng Kemasan Bermerk 1,2,"19,200"
2024-11-14,Minyak Goreng Kemasan Bermerk 1,2,"19,300"
2024-11-15,Minyak Goreng Kemasan Bermerk 1,2,"19,300"
2024-11-18,Minyak Goreng Kemasan Bermerk 1,2,"19,300"
2024-11-19,Minyak Goreng Kemasan Bermerk 1,2,"19,300"
2024-11-20,Minyak Goreng Kemasan Bermerk 1,2,"19,300"
2024-11-21,Minyak Goreng Kemasan Bermerk 1,2,"19,450"
2024-11-22,Minyak Goreng Kemasan Bermerk 1,2,"19,450"
2024-11-25,Minyak Goreng Kemasan Bermerk 1,2,"19,450"
2024-11-26,Minyak Goreng Kemasan Bermerk 1,2,"19,450"
2024-11-27,Minyak Goreng Kemasan Bermerk 1,2,"19,450"
2024-11-28,Minyak Goreng Kemasan Bermerk 1,2,"19,450"
2024-11-29,Minyak Goreng Kemasan Bermerk 1,2,"19,450"
2024-11-01,Minyak Goreng Kemasan Bermerk 2,2,"18,250"
2024-11-04,Minyak Goreng Kemasan Bermerk 2,2,"18,250"
2024-11-05,Minyak Goreng Kemasan Bermerk 2,2,"18,250"
2024-11-06,Minyak Goreng Kemasan Bermerk 2,2,"18,250"
2024-11-07,Minyak Goreng Kemasan Bermerk 2,2,"18,350"
2024-11-08,Minyak Goreng Kemasan Bermerk 2,2,"18,300"
2024-11-11,Minyak Goreng Kemasan Bermerk 2,2,"18,300"
2024-11-12,Minyak Goreng Kemasan Bermerk 2,2,"18,350"
2024-11-13,Minyak Goreng Kemasan Bermerk 2,2,"18,350"
2024-11-14,Minyak Goreng Kemasan Bermerk 2,2,"18,500"
2024-11-15,Minyak Goreng Kemasan Bermerk 2,2,"18,500"
2024-11-18,Minyak Goreng Kemasan Bermerk 2,2,"18,500"
2024-11-19,Minyak Goreng Kemasan Bermerk 2,2,"18,500"
2024-11-20,Minyak Goreng Kemasan Bermerk 2,2,"18,500"
2024-11-21,Minyak Goreng Kemasan Bermerk 2,2,"18,650"
2024-11-22,Minyak Goreng Kemasan Bermerk 2,2,"18,650"
2024-11-25,Minyak Goreng Kemasan Bermerk 2,2,"18,650"
2024-11-26,Minyak Goreng Kemasan Bermerk 2,2,"18,650"
2024-11-27,Minyak Goreng Kemasan Bermerk 2,2,"18,650"
2024-11-28,Minyak Goreng Kemasan Bermerk 2,2,"18,700"
2024-11-29,Minyak Goreng Kemasan Bermerk 2,2,"18,700"
2024-11-01,Gula Pasir,1,"17,050"
2024-11-04,Gula Pasir,1,"17,050"
2024-11-05,Gula Pasir,1,"17,050"
2024-11-06,Gula Pasir,1,"17,050"
2024-11-07,Gula Pasir,1,"17,050"
2024-11-08,Gula Pasir,1,"17,050"
2024-11-11,Gula Pasir,1,"17,050"
2024-11-12,Gula Pasir,1,"17,050"
2024-11-13,Gula Pasir,1,"17,050"
2024-11-14,Gula Pasir,1,"17,050"
2024-11-15,Gula Pasir,1,"17,050"
2024-11-18,Gula Pasir,1,"17,050"
2024-11-19,Gula Pasir,1,"17,050"
2024-11-20,Gula Pasir,1,"17,050"
2024-11-21,Gula Pasir,1,"17,050"
2024-11-22,Gula Pasir,1,"17,050"
2024-11-25,Gula Pasir,1,"17,050"
2024-11-26,Gula Pasir,1,"17,050"
2024-11-27,Gula Pasir,1,"17,050"
2024-11-28,Gula Pasir,1,"17,050"
2024-11-29,Gula Pasir,1,"17,050"
2024-11-01,Gula Pasir Kualitas Premium,2,"17,650"
2024-11-04,Gula Pasir Kualitas Premium,2,"17,650"
2024-11-05,Gula Pasir Kualitas Premium,2,"17,650"
2024-11-06,Gula Pasir Kualitas Premium,2,"17,650"
2024-11-07,Gula Pasir Kualitas Premium,2,"17,700"
2024-11-08,Gula Pasir Kualitas Premium,2,"17,700"
2024-11-11,Gula Pasir Kualitas Premium,2,"17,700"
2024-11-12,Gula Pasir Kualitas Premium,2,"17,700"
2024-11-13,Gula Pasir Kualitas Premium,2,"17,700"
2024-11-14,Gula Pasir Kualitas Premium,2,"17,700"
2024-11-15,Gula Pasir Kualitas Premium,2,"17,700"
2024-11-18,Gula Pasir Kualitas Premium,2,"17,700"
2024-11-19,Gula Pasir Kualitas Premium,2,"17,700"
2024-11-20,Gula Pasir Kualitas Premium,2,"17,700"
2024-11-21,Gula Pasir Kualitas Premium,2,"17,700"
2024-11-22,Gula Pasir Kualitas Premium,2,"17,700"
2024-11-25,Gula Pasir Kualitas Premium,2,"17,700"
2024-11-26,Gula Pasir Kualitas Premium,2,"17,700"
2024-11-27,Gula Pasir Kualitas Premium,2,"17,700"
2024-11-28,Gula Pasir Kualitas Premium,2,"17,700"
2024-11-29,Gula Pasir Kualitas Premium,2,"17,750"
2024-11-01,Gula Pasir Lokal,2,"16,500"
2024-11-04,Gula Pasir Lokal,2,"16,500"
2024-11-05,Gula Pasir Lokal,2,"16,500"
2024-11-06,Gula Pasir Lokal,2,"16,500"
2024-11-07,Gula Pasir Lokal,2,"16,500"
2024-11-08,Gula Pasir Lokal,2,"16,500"
2024-11-11,Gula Pasir Lokal,2,"16,500"
2024-11-12,Gula Pasir Lokal,2,"16,500"
2024-11-13,Gula Pasir Lokal,2,"16,500"
2024-11-14,Gula Pasir Lokal,2,"16,500"
2024-11-15,Gula Pasir Lokal,2,"16,500"
2024-11-18,Gula Pasir Lokal,2,"16,500"
2024-11-19,Gula Pasir Lokal,2,"16,500"
2024-11-20,Gula Pasir Lokal,2,"16,500"
2024-11-21,Gula Pasir Lokal,2,"16,500"
2024-11-22,Gula Pasir Lokal,2,"16,500"
2024-11-25,Gula Pasir Lokal,2,"16,500"
2024-11-26,Gula Pasir Lokal,2,"16,500"
2024-11-27,Gula Pasir Lokal,2,"16,500"
2024-11-28,Gula Pasir Lokal,2,"16,550"
2024-11-29,Gula Pasir Lokal,2,"16,550"
2024-12-02,Beras,1,"14,200"
2024-12-03,Beras,1,"14,200"
2024-12-04,Beras,1,"14,200"
2024-12-05,Beras,1,"14,250"
2024-12-06,Beras,1,"14,250"
2024-12-09,Beras,1,"14,250"
2024-12-10,Beras,1,"14,250"
2024-12-11,Beras,1,"14,250"
2024-12-12,Beras,1,"14,250"
2024-12-13,Beras,1,"14,250"
2024-12-16,Beras,1,"14,250"
2024-12-17,Beras,1,"14,250"
2024-12-18,Beras,1,"14,250"
2024-12-19,Beras,1,"14,250"
2024-12-20,Beras,1,"14,250"
2024-12-23,Beras,1,"14,250"
2024-12-24,Beras,1,"14,250"
2024-12-25,Beras,1,"14,250"
2024-12-26,Beras,1,"14,250"
2024-12-27,Beras,1,"14,200"
2024-12-30,Beras,1,"14,200"
2024-12-31,Beras,1,"14,200"
2024-12-02,Beras Kualitas Bawah I,2,"13,150"
2024-12-03,Beras Kualitas Bawah I,2,"13,150"
2024-12-04,Beras Kualitas Bawah I,2,"13,150"
2024-12-05,Beras Kualitas Bawah I,2,"13,200"
2024-12-06,Beras Kualitas Bawah I,2,"13,200"
2024-12-09,Beras Kualitas Bawah I,2,"13,200"
2024-12-10,Beras Kualitas Bawah I,2,"13,200"
2024-12-11,Beras Kualitas Bawah I,2,"13,200"
2024-12-12,Beras Kualitas Bawah I,2,"13,200"
2024-12-13,Beras Kualitas Bawah I,2,"13,200"
2024-12-16,Beras Kualitas Bawah I,2,"13,200"
2024-12-17,Beras Kualitas Bawah I,2,"13,200"
2024-12-18,Beras Kualitas Bawah I,2,"13,200"
2024-12-19,Beras Kualitas Bawah I,2,"13,200"
2024-12-20,Beras Kualitas Bawah I,2,"13,200"
2024-12-23,Beras Kualitas Bawah I,2,"13,200"
2024-12-24,Beras Kualitas Bawah I,2,"13,200"
2024-12-25,Beras Kualitas Bawah I,2,"13,200"
2024-12-26,Beras Kualitas Bawah I,2,"13,200"
2024-12-27,Beras Kualitas Bawah I,2,"13,150"
2024-12-30,Beras Kualitas Bawah I,2,"13,150"
2024-12-31,Beras Kualitas Bawah I,2,"13,150"
2024-12-02,Beras Kualitas Bawah II,2,"12,950"
2024-12-03,Beras Kualitas Bawah II,2,"12,950"
2024-12-04,Beras Kualitas Bawah II,2,"12,950"
2024-12-05,Beras Kualitas Bawah II,2,"12,950"
2024-12-06,Beras Kualitas Bawah II,2,"12,950"
2024-12-09,Beras Kualitas Bawah II,2,"12,950"
2024-12-10,Beras Kualitas Bawah II,2,"12,950"
2024-12-11,Beras Kualitas Bawah II,2,"12,950"
2024-12-12,Beras Kualitas Bawah II,2,"12,950"
2024-12-13,Beras Kualitas Bawah II,2,"12,950"
2024-12-16,Beras Kualitas Bawah II,2,"12,950"
2024-12-17,Beras Kualitas Bawah II,2,"12,950"
2024-12-18,Beras Kualitas Bawah II,2,"12,950"
2024-12-19,Beras Kualitas Bawah II,2,"12,950"
2024-12-20,Beras Kualitas Bawah II,2,"12,950"
2024-12-23,Beras Kualitas Bawah II,2,"12,950"
2024-12-24,Beras Kualitas Bawah II,2,"12,950"
2024-12-25,Beras Kualitas Bawah II,2,"12,950"
2024-12-26,Beras Kualitas Bawah II,2,"12,950"
2024-12-27,Beras Kualitas Bawah II,2,"12,800"
2024-12-30,Beras Kualitas Bawah II,2,"12,800"
2024-12-31,Beras Kualitas Bawah II,2,"12,800"
2024-12-02,Beras Kualitas Medium I,2,"14,300"
2024-12-03,Beras Kualitas Medium I,2,"14,300"
2024-12-04,Beras Kualitas Medium I,2,"14,300"
2024-12-05,Beras Kualitas Medium I,2,"14,350"
2024-12-06,Beras Kualitas Medium I,2,"14,350"
2024-12-09,Beras Kualitas Medium I,2,"14,350"
2024-12-10,Beras Kualitas Medium I,2,"14,350"
2024-12-11,Beras Kualitas Medium I,2,"14,350"
2024-12-12,Beras Kualitas Medium I,2,"14,350"
2024-12-13,Beras Kualitas Medium I,2,"14,350"
2024-12-16,Beras Kualitas Medium I,2,"14,350"
2024-12-17,Beras Kualitas Medium I,2,"14,350"
2024-12-18,Beras Kualitas Medium I,2,"14,350"
2024-12-19,Beras Kualitas Medium I,2,"14,350"
2024-12-20,Beras Kualitas Medium I,2,"14,350"
2024-12-23,Beras Kualitas Medium I,2,"14,350"
2024-12-24,Beras Kualitas Medium I,2,"14,350"
2024-12-25,Beras Kualitas Medium I,2,"14,350"
2024-12-26,Beras Kualitas Medium I,2,"14,350"
2024-12-27,Beras Kualitas Medium I,2,"14,300"
2024-12-30,Beras Kualitas Medium I,2,"14,300"
2024-12-31,Beras Kualitas Medium I,2,"14,300"
2024-12-02,Beras Kualitas Medium II,2,"14,200"
2024-12-03,Beras Kualitas Medium II,2,"14,200"
2024-12-04,Beras Kualitas Medium II,2,"14,200"
2024-12-05,Beras Kualitas Medium II,2,"14,200"
2024-12-06,Beras Kualitas Medium II,2,"14,200"
2024-12-09,Beras Kualitas Medium II,2,"14,200"
2024-12-10,Beras Kualitas Medium II,2,"14,200"
2024-12-11,Beras Kualitas Medium II,2,"14,200"
2024-12-12,Beras Kualitas Medium II,2,"14,250"
2024-12-13,Beras Kualitas Medium II,2,"14,250"
2024-12-16,Beras Kualitas Medium II,2,"14,250"
2024-12-17,Beras Kualitas Medium II,2,"14,250"
2024-12-18,Beras Kualitas Medium II,2,"14,250"
2024-12-19,Beras Kualitas Medium II,2,"14,250"
2024-12-20,Beras Kualitas Medium II,2,"14,250"
2024-12-23,Beras Kualitas Medium II,2,"14,250"
2024-12-24,Beras Kualitas Medium II,2,"14,250"
2024-12-25,Beras Kualitas Medium II,2,"14,250"
2024-12-26,Beras Kualitas Medium II,2,"14,250"
2024-12-27,Beras Kualitas Medium II,2,"14,150"
2024-12-30,Beras Kualitas Medium II,2,"14,150"
2024-12-31,Beras Kualitas Medium II,2,"14,150"
2024-12-02,Beras Kualitas Super I,2,"15,500"
2024-12-03,Beras Kualitas Super I,2,"15,500"
2024-12-04,Beras Kualitas Super I,2,"15,500"
2024-12-05,Beras Kualitas Super I,2,"15,450"
2024-12-06,Beras Kualitas Super I,2,"15,450"
2024-12-09,Beras Kualitas Super I,2,"15,450"
2024-12-10,Beras Kualitas Super I,2,"15,450"
2024-12-11,Beras Kualitas Super I,2,"15,450"
2024-12-12,Beras Kualitas Super I,2,"15,500"
2024-12-13,Beras Kualitas Super I,2,"15,500"
2024-12-16,Beras Kualitas Super I,2,"15,500"
2024-12-17,Beras Kualitas Super I,2,"15,500"
2024-12-18,Beras Kualitas Super I,2,"15,500"
2024-12-19,Beras Kualitas Super I,2,"15,500"
2024-12-20,Beras Kualitas Super I,2,"15,500"
2024-12-23,Beras Kualitas Super I,2,"15,500"
2024-12-24,Beras Kualitas Super I,2,"15,500"
2024-12-25,Beras Kualitas Super I,2,"15,500"
2024-12-26,Beras Kualitas Super I,2,"15,550"
2024-12-27,Beras Kualitas Super I,2,"15,500"
2024-12-30,Beras Kualitas Super I,2,"15,500"
2024-12-31,Beras Kualitas Super I,2,"15,500"
2024-12-02,Beras Kualitas Super II,2,"15,250"
2024-12-03,Beras Kualitas Super II,2,"15,250"
2024-12-04,Beras Kualitas Super II,2,"15,250"
2024-12-05,Beras Kualitas Super II,2,"15,250"
2024-12-06,Beras Kualitas Super II,2,"15,250"
2024-12-09,Beras Kualitas Super II,2,"15,250"
2024-12-10,Beras Kualitas Super II,2,"15,250"
2024-12-11,Beras Kualitas Super II,2,"15,250"
2024-12-12,Beras Kualitas Super II,2,"15,250"
2024-12-13,Beras Kualitas Super II,2,"15,250"
2024-12-16,Beras Kualitas Super II,2,"15,250"
2024-12-17,Beras Kualitas Super II,2,"15,250"
2024-12-18,Beras Kualitas Super II,2,"15,250"
2024-12-19,Beras Kualitas Super II,2,"15,250"
2024-12-20,Beras Kualitas Super II,2,"15,250"
2024-12-23,Beras Kualitas Super II,2,"15,250"
2024-12-24,Beras Kualitas Super II,2,"15,250"
2024-12-25,Beras Kualitas Super II,2,"15,250"
2024-12-26,Beras Kualitas Super II,2,"15,250"
2024-12-27,Beras Kualitas Super II,2,"15,250"
2024-12-30,Beras Kualitas Super II,2,"15,250"
2024-12-31,Beras Kualitas Super II,2,"15,250"
2024-12-02,Daging Ayam,1,"31,450"
2024-12-03,Daging Ayam,1,"31,450"
2024-12-04,Daging Ayam,1,"31,450"
2024-12-05,Daging Ayam,1,"31,650"
2024-12-06,Daging Ayam,1,"31,650"
2024-12-09,Daging Ayam,1,"31,650"
2024-12-10,Daging Ayam,1,"31,650"
2024-12-11,Daging Ayam,1,"31,700"
2024-12-12,Daging Ayam,1,"31,750"
2024-12-13,Daging Ayam,1,"31,750"
2024-12-16,Daging Ayam,1,"31,750"
2024-12-17,Daging Ayam,1,"31,750"
2024-12-18,Daging Ayam,1,"31,750"
2024-12-19,Daging Ayam,1,"32,300"
2024-12-20,Daging Ayam,1,"32,300"
2024-12-23,Daging Ayam,1,"32,300"
2024-12-24,Daging Ayam,1,"32,350"
2024-12-25,Daging Ayam,1,"32,350"
2024-12-26,Daging Ayam,1,"32,600"
2024-12-27,Daging Ayam,1,"32,400"
2024-12-30,Daging Ayam,1,"32,400"
2024-12-31,Daging Ayam,1,"32,400"
2024-12-02,Daging Ayam Ras Segar,2,"31,450"
2024-12-03,Daging Ayam Ras Segar,2,"31,450"
2024-12-04,Daging Ayam Ras Segar,2,"31,450"
2024-12-05,Daging Ayam Ras Segar,2,"31,650"
2024-12-06,Daging Ayam Ras Segar,2,"31,650"
2024-12-09,Daging Ayam Ras Segar,2,"31,650"
2024-12-10,Daging Ayam Ras Segar,2,"31,650"
2024-12-11,Daging Ayam Ras Segar,2,"31,700"
2024-12-12,Daging Ayam Ras Segar,2,"31,750"
2024-12-13,Daging Ayam Ras Segar,2,"31,750"
2024-12-16,Daging Ayam Ras Segar,2,"31,750"
2024-12-17,Daging Ayam Ras Segar,2,"31,750"
2024-12-18,Daging Ayam Ras Segar,2,"31,750"
2024-12-19,Daging Ayam Ras Segar,2,"32,300"
2024-12-20,Daging Ayam Ras Segar,2,"32,300"
2024-12-23,Daging Ayam Ras Segar,2,"32,300"
2024-12-24,Daging Ayam Ras Segar,2,"32,350"
2024-12-25,Daging Ayam Ras Segar,2,"32,350"
2024-12-26,Daging Ayam Ras Segar,2,"32,600"
2024-12-27,Daging Ayam Ras Segar,2,"32,400"
2024-12-30,Daging Ayam Ras Segar,2,"32,400"
2024-12-31,Daging Ayam Ras Segar,2,"32,400"
2024-12-02,Daging Sapi,1,"126,950"
2024-12-03,Daging Sapi,1,"126,950"
2024-12-04,Daging Sapi,1,"126,950"
2024-12-05,Daging Sapi,1,"126,750"
2024-12-06,Daging Sapi,1,"126,700"
2024-12-09,Daging Sapi,1,"126,700"
2024-12-10,Daging Sapi,1,"126,700"
2024-12-11,Daging Sapi,1,"126,700"
2024-12-12,Daging Sapi,1,"127,050"
2024-12-13,Daging Sapi,1,"126,800"
2024-12-16,Daging Sapi,1,"126,800"
2024-12-17,Daging Sapi,1,"126,800"
2024-12-18,Daging Sapi,1,"126,800"
2024-12-19,Daging Sapi,1,"127,400"
2024-12-20,Daging Sapi,1,"127,400"
2024-12-23,Daging Sapi,1,"127,400"
2024-12-24,Daging Sapi,1,"127,550"
2024-12-25,Daging Sapi,1,"127,550"
2024-12-26,Daging Sapi,1,"127,550"
2024-12-27,Daging Sapi,1,"128,000"
2024-12-30,Daging Sapi,1,"128,000"
2024-12-31,Daging Sapi,1,"128,000"
2024-12-02,Daging Sapi Kualitas 1,2,"129,100"
2024-12-03,Daging Sapi Kualitas 1,2,"129,100"
2024-12-04,Daging Sapi Kualitas 1,2,"129,100"
2024-12-05,Daging Sapi Kualitas 1,2,"128,700"
2024-12-06,Daging Sapi Kualitas 1,2,"128,650"
2024-12-09,Daging Sapi Kualitas 1,2,"128,650"
2024-12-10,Daging Sapi Kualitas 1,2,"128,650"
2024-12-11,Daging Sapi Kualitas 1,2,"128,650"
2024-12-12,Daging Sapi Kualitas 1,2,"129,200"
2024-12-13,Daging Sapi Kualitas 1,2,"129,000"
2024-12-16,Daging Sapi Kualitas 1,2,"129,000"
2024-12-17,Daging Sapi Kualitas 1,2,"129,000"
2024-12-18,Daging Sapi Kualitas 1,2,"129,000"
2024-12-19,Daging Sapi Kualitas 1,2,"129,000"
2024-12-20,Daging Sapi Kualitas 1,2,"129,000"
2024-12-23,Daging Sapi Kualitas 1,2,"129,000"
2024-12-24,Daging Sapi Kualitas 1,2,"129,200"
2024-12-25,Daging Sapi Kualitas 1,2,"129,200"
2024-12-26,Daging Sapi Kualitas 1,2,"129,200"
2024-12-27,Daging Sapi Kualitas 1,2,"129,400"
2024-12-30,Daging Sapi Kualitas 1,2,"129,400"
2024-12-31,Daging Sapi Kualitas 1,2,"129,400"
2024-12-02,Daging Sapi Kualitas 2,2,"125,650"
2024-12-03,Daging Sapi Kualitas 2,2,"125,650"
2024-12-04,Daging Sapi Kualitas 2,2,"125,650"
2024-12-05,Daging Sapi Kualitas 2,2,"125,650"
2024-12-06,Daging Sapi Kualitas 2,2,"125,650"
2024-12-09,Daging Sapi Kualitas 2,2,"125,650"
2024-12-10,Daging Sapi Kualitas 2,2,"125,650"
2024-12-11,Daging Sapi Kualitas 2,2,"125,650"
2024-12-12,Daging Sapi Kualitas 2,2,"125,850"
2024-12-13,Daging Sapi Kualitas 2,2,"125,600"
2024-12-16,Daging Sapi Kualitas 2,2,"125,600"
2024-12-17,Daging Sapi Kualitas 2,2,"125,600"
2024-12-18,Daging Sapi Kualitas 2,2,"125,600"
2024-12-19,Daging Sapi Kualitas 2,2,"126,150"
2024-12-20,Daging Sapi Kualitas 2,2,"126,150"
2024-12-23,Daging Sapi Kualitas 2,2,"126,150"
2024-12-24,Daging Sapi Kualitas 2,2,"126,350"
2024-12-25,Daging Sapi Kualitas 2,2,"126,350"
2024-12-26,Daging Sapi Kualitas 2,2,"126,200"
2024-12-27,Daging Sapi Kualitas 2,2,"127,000"
2024-12-30,Daging Sapi Kualitas 2,2,"127,000"
2024-12-31,Daging Sapi Kualitas 2,2,"127,000"
2024-12-02,Telur Ayam,1,"26,300"
2024-12-03,Telur Ayam,1,"26,300"
2024-12-04,Telur Ayam,1,"26,300"
2024-12-05,Telur Ayam,1,"26,300"
2024-12-06,Telur Ayam,1,"26,300"
2024-12-09,Telur Ayam,1,"26,300"
2024-12-10,Telur Ayam,1,"26,300"
2024-12-11,Telur Ayam,1,"26,400"
2024-12-12,Telur Ayam,1,"27,450"
2024-12-13,Telur Ayam,1,"27,500"
2024-12-16,Telur Ayam,1,"27,500"
2024-12-17,Telur Ayam,1,"27,500"
2024-12-18,Telur Ayam,1,"27,500"
2024-12-19,Telur Ayam,1,"28,500"
2024-12-20,Telur Ayam,1,"28,500"
2024-12-23,Telur Ayam,1,"28,500"
2024-12-24,Telur Ayam,1,"28,500"
2024-12-25,Telur Ayam,1,"28,500"
2024-12-26,Telur Ayam,1,"28,750"
2024-12-27,Telur Ayam,1,"28,600"
2024-12-30,Telur Ayam,1,"28,600"
2024-12-31,Telur Ayam,1,"28,600"
2024-12-02,Telur Ayam Ras Segar,2,"26,300"
2024-12-03,Telur Ayam Ras Segar,2,"26,300"
2024-12-04,Telur Ayam Ras Segar,2,"26,300"
2024-12-05,Telur Ayam Ras Segar,2,"26,300"
2024-12-06,Telur Ayam Ras Segar,2,"26,300"
2024-12-09,Telur Ayam Ras Segar,2,"26,300"
2024-12-10,Telur Ayam Ras Segar,2,"26,300"
2024-12-11,Telur Ayam Ras Segar,2,"26,400"
2024-12-12,Telur Ayam Ras Segar,2,"27,450"
2024-12-13,Telur Ayam Ras Segar,2,"27,500"
2024-12-16,Telur Ayam Ras Segar,2,"27,500"
2024-12-17,Telur Ayam Ras Segar,2,"27,500"
2024-12-18,Telur Ayam Ras Segar,2,"27,500"
2024-12-19,Telur Ayam Ras Segar,2,"28,500"
2024-12-20,Telur Ayam Ras Segar,2,"28,500"
2024-12-23,Telur Ayam Ras Segar,2,"28,500"
2024-12-24,Telur Ayam Ras Segar,2,"28,500"
2024-12-25,Telur Ayam Ras Segar,2,"28,500"
2024-12-26,Telur Ayam Ras Segar,2,"28,750"
2024-12-27,Telur Ayam Ras Segar,2,"28,600"
2024-12-30,Telur Ayam Ras Segar,2,"28,600"
2024-12-31,Telur Ayam Ras Segar,2,"28,600"
2024-12-02,Bawang Merah,1,"35,300"
2024-12-03,Bawang Merah,1,"35,300"
2024-12-04,Bawang Merah,1,"35,200"
2024-12-05,Bawang Merah,1,"35,300"
2024-12-06,Bawang Merah,1,"35,300"
2024-12-09,Bawang Merah,1,"35,300"
2024-12-10,Bawang Merah,1,"35,300"
2024-12-11,Bawang Merah,1,"35,400"
2024-12-12,Bawang Merah,1,"35,600"
2024-12-13,Bawang Merah,1,"35,600"
2024-12-16,Bawang Merah,1,"35,600"
2024-12-17,Bawang Merah,1,"35,600"
2024-12-18,Bawang Merah,1,"35,600"
2024-12-19,Bawang Merah,1,"35,350"
2024-12-20,Bawang Merah,1,"35,350"
2024-12-23,Bawang Merah,1,"35,350"
2024-12-24,Bawang Merah,1,"35,350"
2024-12-25,Bawang Merah,1,"35,350"
2024-12-26,Bawang Merah,1,"35,150"
2024-12-27,Bawang Merah,1,"35,000"
2024-12-30,Bawang Merah,1,"35,000"
2024-12-31,Bawang Merah,1,"35,000"
2024-12-02,Bawang Merah Ukuran Sedang,2,"35,300"
2024-12-03,Bawang Merah Ukuran Sedang,2,"35,300"
2024-12-04,Bawang Merah Ukuran Sedang,2,"35,200"
2024-12-05,Bawang Merah Ukuran Sedang,2,"35,300"
2024-12-06,Bawang Merah Ukuran Sedang,2,"35,300"
2024-12-09,Bawang Merah Ukuran Sedang,2,"35,300"
2024-12-10,Bawang Merah Ukuran Sedang,2,"35,300"
2024-12-11,Bawang Merah Ukuran Sedang,2,"35,400"
2024-12-12,Bawang Merah Ukuran Sedang,2,"35,600"
2024-12-13,Bawang Merah Ukuran Sedang,2,"35,600"
2024-12-16,Bawang Merah Ukuran Sedang,2,"35,600"
2024-12-17,Bawang Merah Ukuran Sedang,2,"35,600"
2024-12-18,Bawang Merah Ukuran Sedang,2,"35,600"
2024-12-19,Bawang Merah Ukuran Sedang,2,"35,350"
2024-12-20,Bawang Merah Ukuran Sedang,2,"35,350"
2024-12-23,Bawang Merah Ukuran Sedang,2,"35,350"
2024-12-24,Bawang Merah Ukuran Sedang,2,"35,350"
2024-12-25,Bawang Merah Ukuran Sedang,2,"35,350"
2024-12-26,Bawang Merah Ukuran Sedang,2,"35,150"
2024-12-27,Bawang Merah Ukuran Sedang,2,"35,000"
2024-12-30,Bawang Merah Ukuran Sedang,2,"35,000"
2024-12-31,Bawang Merah Ukuran Sedang,2,"35,000"
2024-12-02,Bawang Putih,1,"36,950"
2024-12-03,Bawang Putih,1,"36,950"
2024-12-04,Bawang Putih,1,"36,950"
2024-12-05,Bawang Putih,1,"37,350"
2024-12-06,Bawang Putih,1,"37,350"
2024-12-09,Bawang Putih,1,"37,350"
2024-12-10,Bawang Putih,1,"37,350"
2024-12-11,Bawang Putih,1,"37,350"
2024-12-12,Bawang Putih,1,"37,450"
2024-12-13,Bawang Putih,1,"37,450"
2024-12-16,Bawang Putih,1,"37,450"
2024-12-17,Bawang Putih,1,"37,450"
2024-12-18,Bawang Putih,1,"37,450"
2024-12-19,Bawang Putih,1,"37,650"
2024-12-20,Bawang Putih,1,"37,650"
2024-12-23,Bawang Putih,1,"37,650"
2024-12-24,Bawang Putih,1,"37,650"
2024-12-25,Bawang Putih,1,"37,650"
2024-12-26,Bawang Putih,1,"37,750"
2024-12-27,Bawang Putih,1,"37,500"
2024-12-30,Bawang Putih,1,"37,500"
2024-12-31,Bawang Putih,1,"37,500"
2024-12-02,Bawang Putih Ukuran Sedang,2,"36,950"
2024-12-03,Bawang Putih Ukuran Sedang,2,"36,950"
2024-12-04,Bawang Putih Ukuran Sedang,2,"36,950"
2024-12-05,Bawang Putih Ukuran Sedang,2,"37,350"
2024-12-06,Bawang Putih Ukuran Sedang,2,"37,350"
2024-12-09,Bawang Putih Ukuran Sedang,2,"37,350"
2024-12-10,Bawang Putih Ukuran Sedang,2,"37,350"
2024-12-11,Bawang Putih Ukuran Sedang,2,"37,350"
2024-12-12,Bawang Putih Ukuran Sedang,2,"37,450"
2024-12-13,Bawang Putih Ukuran Sedang,2,"37,450"
2024-12-16,Bawang Putih Ukuran Sedang,2,"37,450"
2024-12-17,Bawang Putih Ukuran Sedang,2,"37,450"
2024-12-18,Bawang Putih Ukuran Sedang,2,"37,450"
2024-12-19,Bawang Putih Ukuran Sedang,2,"37,650"
2024-12-20,Bawang Putih Ukuran Sedang,2,"37,650"
2024-12-23,Bawang Putih Ukuran Sedang,2,"37,650"
2024-12-24,Bawang Putih Ukuran Sedang,2,"37,650"
2024-12-25,Bawang Putih Ukuran Sedang,2,"37,650"
2024-12-26,Bawang Putih Ukuran Sedang,2,"37,750"
2024-12-27,Bawang Putih Ukuran Sedang,2,"37,500"
2024-12-30,Bawang Putih Ukuran Sedang,2,"37,500"
2024-12-31,Bawang Putih Ukuran Sedang,2,"37,500"
2024-12-02,Cabai Merah,1,"26,100"
2024-12-03,Cabai Merah,1,"26,100"
2024-12-04,Cabai Merah,1,"25,950"
2024-12-05,Cabai Merah,1,"26,900"
2024-12-06,Cabai Merah,1,"26,900"
2024-12-09,Cabai Merah,1,"26,900"
2024-12-10,Cabai Merah,1,"26,900"
2024-12-11,Cabai Merah,1,"26,850"
2024-12-12,Cabai Merah,1,"27,850"
2024-12-13,Cabai Merah,1,"27,800"
2024-12-16,Cabai Merah,1,"27,800"
2024-12-17,Cabai Merah,1,"27,800"
2024-12-18,Cabai Merah,1,"28,000"
2024-12-19,Cabai Merah,1,"31,850"
2024-12-20,Cabai Merah,1,"31,850"
2024-12-23,Cabai Merah,1,"31,850"
2024-12-24,Cabai Merah,1,"32,050"
2024-12-25,Cabai Merah,1,"32,050"
2024-12-26,Cabai Merah,1,"37,150"
2024-12-27,Cabai Merah,1,"38,000"
2024-12-30,Cabai Merah,1,"38,000"
2024-12-31,Cabai Merah,1,"38,000"
2024-12-02,Cabai Merah Besar,2,"25,250"
2024-12-03,Cabai Merah Besar,2,"25,250"
2024-12-04,Cabai Merah Besar,2,"24,900"
2024-12-05,Cabai Merah Besar,2,"26,750"
2024-12-06,Cabai Merah Besar,2,"26,750"
2024-12-09,Cabai Merah Besar,2,"26,750"
2024-12-10,Cabai Merah Besar,2,"26,750"
2024-12-11,Cabai Merah Besar,2,"26,600"
2024-12-12,Cabai Merah Besar,2,"28,150"
2024-12-13,Cabai Merah Besar,2,"27,800"
2024-12-16,Cabai Merah Besar,2,"27,800"
2024-12-17,Cabai Merah Besar,2,"27,800"
2024-12-18,Cabai Merah Besar,2,"28,000"
2024-12-19,Cabai Merah Besar,2,"32,400"
2024-12-20,Cabai Merah Besar,2,"32,400"
2024-12-23,Cabai Merah Besar,2,"32,400"
2024-12-24,Cabai Merah Besar,2,"32,600"
2024-12-25,Cabai Merah Besar,2,"32,600"
2024-12-26,Cabai Merah Besar,2,"36,400"
2024-12-27,Cabai Merah Besar,2,"37,600"
2024-12-30,Cabai Merah Besar,2,"37,600"
2024-12-31,Cabai Merah Besar,2,"37,600"
2024-12-02,Cabai Merah Keriting ,2,"25,000"
2024-12-03,Cabai Merah Keriting ,2,"25,000"
2024-12-04,Cabai Merah Keriting ,2,"25,050"
2024-12-05,Cabai Merah Keriting ,2,"25,750"
2024-12-06,Cabai Merah Keriting ,2,"25,750"
2024-12-09,Cabai Merah Keriting ,2,"25,750"
2024-12-10,Cabai Merah Keriting ,2,"25,750"
2024-12-11,Cabai Merah Keriting ,2,"25,800"
2024-12-12,Cabai Merah Keriting ,2,"26,700"
2024-12-13,Cabai Merah Keriting ,2,"26,700"
2024-12-16,Cabai Merah Keriting ,2,"26,700"
2024-12-17,Cabai Merah Keriting ,2,"26,700"
2024-12-18,Cabai Merah Keriting ,2,"27,300"
2024-12-19,Cabai Merah Keriting ,2,"30,550"
2024-12-20,Cabai Merah Keriting ,2,"30,550"
2024-12-23,Cabai Merah Keriting ,2,"30,550"
2024-12-24,Cabai Merah Keriting ,2,"30,900"
2024-12-25,Cabai Merah Keriting ,2,"30,900"
2024-12-26,Cabai Merah Keriting ,2,"36,550"
2024-12-27,Cabai Merah Keriting ,2,"37,150"
2024-12-30,Cabai Merah Keriting ,2,"37,150"
2024-12-31,Cabai Merah Keriting ,2,"37,150"
2024-12-02,Cabai Rawit,1,"33,100"
2024-12-03,Cabai Rawit,1,"33,100"
2024-12-04,Cabai Rawit,1,"33,150"
2024-12-05,Cabai Rawit,1,"33,300"
2024-12-06,Cabai Rawit,1,"33,300"
2024-12-09,Cabai Rawit,1,"33,300"
2024-12-10,Cabai Rawit,1,"33,300"
2024-12-11,Cabai Rawit,1,"33,400"
2024-12-12,Cabai Rawit,1,"33,900"
2024-12-13,Cabai Rawit,1,"33,900"
2024-12-16,Cabai Rawit,1,"33,900"
2024-12-17,Cabai Rawit,1,"33,900"
2024-12-18,Cabai Rawit,1,"34,100"
2024-12-19,Cabai Rawit,1,"37,500"
2024-12-20,Cabai Rawit,1,"37,500"
2024-12-23,Cabai Rawit,1,"37,500"
2024-12-24,Cabai Rawit,1,"37,850"
2024-12-25,Cabai Rawit,1,"37,850"
2024-12-26,Cabai Rawit,1,"42,950"
2024-12-27,Cabai Rawit,1,"42,900"
2024-12-30,Cabai Rawit,1,"42,900"
2024-12-31,Cabai Rawit,1,"42,900"
2024-12-02,Cabai Rawit Hijau,2,"29,600"
2024-12-03,Cabai Rawit Hijau,2,"29,600"
2024-12-04,Cabai Rawit Hijau,2,"29,700"
2024-12-05,Cabai Rawit Hijau,2,"31,550"
2024-12-06,Cabai Rawit Hijau,2,"31,550"
2024-12-09,Cabai Rawit Hijau,2,"31,550"
2024-12-10,Cabai Rawit Hijau,2,"31,550"
2024-12-11,Cabai Rawit Hijau,2,"31,700"
2024-12-12,Cabai Rawit Hijau,2,"33,450"
2024-12-13,Cabai Rawit Hijau,2,"33,450"
2024-12-16,Cabai Rawit Hijau,2,"33,450"
2024-12-17,Cabai Rawit Hijau,2,"33,450"
2024-12-18,Cabai Rawit Hijau,2,"33,800"
2024-12-19,Cabai Rawit Hijau,2,"36,400"
2024-12-20,Cabai Rawit Hijau,2,"36,400"
2024-12-23,Cabai Rawit Hijau,2,"36,400"
2024-12-24,Cabai Rawit Hijau,2,"36,750"
2024-12-25,Cabai Rawit Hijau,2,"36,750"
2024-12-26,Cabai Rawit Hijau,2,"39,550"
2024-12-27,Cabai Rawit Hijau,2,"39,450"
2024-12-30,Cabai Rawit Hijau,2,"39,450"
2024-12-31,Cabai Rawit Hijau,2,"39,450"
2024-12-02,Cabai Rawit Merah,2,"35,750"
2024-12-03,Cabai Rawit Merah,2,"35,750"
2024-12-04,Cabai Rawit Merah,2,"35,800"
2024-12-05,Cabai Rawit Merah,2,"34,800"
2024-12-06,Cabai Rawit Merah,2,"34,800"
2024-12-09,Cabai Rawit Merah,2,"34,800"
2024-12-10,Cabai Rawit Merah,2,"34,800"
2024-12-11,Cabai Rawit Merah,2,"34,950"
2024-12-12,Cabai Rawit Merah,2,"34,300"
2024-12-13,Cabai Rawit Merah,2,"34,300"
2024-12-16,Cabai Rawit Merah,2,"34,300"
2024-12-17,Cabai Rawit Merah,2,"34,300"
2024-12-18,Cabai Rawit Merah,2,"34,600"
2024-12-19,Cabai Rawit Merah,2,"38,450"
2024-12-20,Cabai Rawit Merah,2,"38,450"
2024-12-23,Cabai Rawit Merah,2,"38,450"
2024-12-24,Cabai Rawit Merah,2,"38,900"
2024-12-25,Cabai Rawit Merah,2,"38,900"
2024-12-26,Cabai Rawit Merah,2,"46,350"
2024-12-27,Cabai Rawit Merah,2,"46,050"
2024-12-30,Cabai Rawit Merah,2,"46,050"
2024-12-31,Cabai Rawit Merah,2,"46,050"
2024-12-02,Minyak Goreng,1,"18,700"
2024-12-03,Minyak Goreng,1,"18,700"
2024-12-04,Minyak Goreng,1,"18,700"
2024-12-05,Minyak Goreng,1,"18,800"
2024-12-06,Minyak Goreng,1,"18,800"
2024-12-09,Minyak Goreng,1,"18,800"
2024-12-10,Minyak Goreng,1,"18,800"
2024-12-11,Minyak Goreng,1,"18,800"
2024-12-12,Minyak Goreng,1,"18,850"
2024-12-13,Minyak Goreng,1,"18,850"
2024-12-16,Minyak Goreng,1,"18,850"
2024-12-17,Minyak Goreng,1,"18,850"
2024-12-18,Minyak Goreng,1,"18,850"
2024-12-19,Minyak Goreng,1,"18,950"
2024-12-20,Minyak Goreng,1,"18,950"
2024-12-23,Minyak Goreng,1,"18,950"
2024-12-24,Minyak Goreng,1,"18,950"
2024-12-25,Minyak Goreng,1,"18,950"
2024-12-26,Minyak Goreng,1,"19,000"
2024-12-27,Minyak Goreng,1,"18,900"
2024-12-30,Minyak Goreng,1,"18,900"
2024-12-31,Minyak Goreng,1,"18,900"
2024-12-02,Minyak Goreng Curah,2,"17,300"
2024-12-03,Minyak Goreng Curah,2,"17,300"
2024-12-04,Minyak Goreng Curah,2,"17,300"
2024-12-05,Minyak Goreng Curah,2,"17,400"
2024-12-06,Minyak Goreng Curah,2,"17,350"
2024-12-09,Minyak Goreng Curah,2,"17,350"
2024-12-10,Minyak Goreng Curah,2,"17,350"
2024-12-11,Minyak Goreng Curah,2,"17,350"
2024-12-12,Minyak Goreng Curah,2,"17,500"
2024-12-13,Minyak Goreng Curah,2,"17,500"
2024-12-16,Minyak Goreng Curah,2,"17,500"
2024-12-17,Minyak Goreng Curah,2,"17,500"
2024-12-18,Minyak Goreng Curah,2,"17,500"
2024-12-19,Minyak Goreng Curah,2,"17,450"
2024-12-20,Minyak Goreng Curah,2,"17,450"
2024-12-23,Minyak Goreng Curah,2,"17,450"
2024-12-24,Minyak Goreng Curah,2,"17,450"
2024-12-25,Minyak Goreng Curah,2,"17,450"
2024-12-26,Minyak Goreng Curah,2,"17,550"
2024-12-27,Minyak Goreng Curah,2,"17,550"
2024-12-30,Minyak Goreng Curah,2,"17,550"
2024-12-31,Minyak Goreng Curah,2,"17,550"
2024-12-02,Minyak Goreng Kemasan Bermerk 1,2,"19,450"
2024-12-03,Minyak Goreng Kemasan Bermerk 1,2,"19,450"
2024-12-04,Minyak Goreng Kemasan Bermerk 1,2,"19,450"
2024-12-05,Minyak Goreng Kemasan Bermerk 1,2,"19,550"
2024-12-06,Minyak Goreng Kemasan Bermerk 1,2,"19,550"
2024-12-09,Minyak Goreng Kemasan Bermerk 1,2,"19,550"
2024-12-10,Minyak Goreng Kemasan Bermerk 1,2,"19,550"
2024-12-11,Minyak Goreng Kemasan Bermerk 1,2,"19,550"
2024-12-12,Minyak Goreng Kemasan Bermerk 1,2,"19,550"
2024-12-13,Minyak Goreng Kemasan Bermerk 1,2,"19,550"
2024-12-16,Minyak Goreng Kemasan Bermerk 1,2,"19,550"
2024-12-17,Minyak Goreng Kemasan Bermerk 1,2,"19,550"
2024-12-18,Minyak Goreng Kemasan Bermerk 1,2,"19,550"
2024-12-19,Minyak Goreng Kemasan Bermerk 1,2,"19,750"
2024-12-20,Minyak Goreng Kemasan Bermerk 1,2,"19,750"
2024-12-23,Minyak Goreng Kemasan Bermerk 1,2,"19,750"
2024-12-24,Minyak Goreng Kemasan Bermerk 1,2,"19,750"
2024-12-25,Minyak Goreng Kemasan Bermerk 1,2,"19,750"
2024-12-26,Minyak Goreng Kemasan Bermerk 1,2,"19,800"
2024-12-27,Minyak Goreng Kemasan Bermerk 1,2,"19,700"
2024-12-30,Minyak Goreng Kemasan Bermerk 1,2,"19,700"
2024-12-31,Minyak Goreng Kemasan Bermerk 1,2,"19,700"
2024-12-02,Minyak Goreng Kemasan Bermerk 2,2,"18,700"
2024-12-03,Minyak Goreng Kemasan Bermerk 2,2,"18,700"
2024-12-04,Minyak Goreng Kemasan Bermerk 2,2,"18,700"
2024-12-05,Minyak Goreng Kemasan Bermerk 2,2,"18,750"
2024-12-06,Minyak Goreng Kemasan Bermerk 2,2,"18,800"
2024-12-09,Minyak Goreng Kemasan Bermerk 2,2,"18,800"
2024-12-10,Minyak Goreng Kemasan Bermerk 2,2,"18,800"
2024-12-11,Minyak Goreng Kemasan Bermerk 2,2,"18,850"
2024-12-12,Minyak Goreng Kemasan Bermerk 2,2,"18,900"
2024-12-13,Minyak Goreng Kemasan Bermerk 2,2,"18,900"
2024-12-16,Minyak Goreng Kemasan Bermerk 2,2,"18,900"
2024-12-17,Minyak Goreng Kemasan Bermerk 2,2,"18,900"
2024-12-18,Minyak Goreng Kemasan Bermerk 2,2,"18,900"
2024-12-19,Minyak Goreng Kemasan Bermerk 2,2,"18,950"
2024-12-20,Minyak Goreng Kemasan Bermerk 2,2,"18,950"
2024-12-23,Minyak Goreng Kemasan Bermerk 2,2,"18,950"
2024-12-24,Minyak Goreng Kemasan Bermerk 2,2,"18,950"
2024-12-25,Minyak Goreng Kemasan Bermerk 2,2,"18,950"
2024-12-26,Minyak Goreng Kemasan Bermerk 2,2,"19,000"
2024-12-27,Minyak Goreng Kemasan Bermerk 2,2,"18,900"
2024-12-30,Minyak Goreng Kemasan Bermerk 2,2,"18,900"
2024-12-31,Minyak Goreng Kemasan Bermerk 2,2,"18,900"
2024-12-02,Gula Pasir,1,"17,050"
2024-12-03,Gula Pasir,1,"17,050"
2024-12-04,Gula Pasir,1,"17,050"
2024-12-05,Gula Pasir,1,"17,100"
2024-12-06,Gula Pasir,1,"17,100"
2024-12-09,Gula Pasir,1,"17,100"
2024-12-10,Gula Pasir,1,"17,100"
2024-12-11,Gula Pasir,1,"17,100"
2024-12-12,Gula Pasir,1,"17,100"
2024-12-13,Gula Pasir,1,"17,100"
2024-12-16,Gula Pasir,1,"17,100"
2024-12-17,Gula Pasir,1,"17,100"
2024-12-18,Gula Pasir,1,"17,100"
2024-12-19,Gula Pasir,1,"17,150"
2024-12-20,Gula Pasir,1,"17,150"
2024-12-23,Gula Pasir,1,"17,150"
2024-12-24,Gula Pasir,1,"17,150"
2024-12-25,Gula Pasir,1,"17,150"
2024-12-26,Gula Pasir,1,"17,200"
2024-12-27,Gula Pasir,1,"17,200"
2024-12-30,Gula Pasir,1,"17,200"
2024-12-31,Gula Pasir,1,"17,200"
2024-12-02,Gula Pasir Kualitas Premium,2,"17,750"
2024-12-03,Gula Pasir Kualitas Premium,2,"17,750"
2024-12-04,Gula Pasir Kualitas Premium,2,"17,750"
2024-12-05,Gula Pasir Kualitas Premium,2,"17,750"
2024-12-06,Gula Pasir Kualitas Premium,2,"17,750"
2024-12-09,Gula Pasir Kualitas Premium,2,"17,750"
2024-12-10,Gula Pasir Kualitas Premium,2,"17,750"
2024-12-11,Gula Pasir Kualitas Premium,2,"17,750"
2024-12-12,Gula Pasir Kualitas Premium,2,"17,750"
2024-12-13,Gula Pasir Kualitas Premium,2,"17,750"
2024-12-16,Gula Pasir Kualitas Premium,2,"17,750"
2024-12-17,Gula Pasir Kualitas Premium,2,"17,750"
2024-12-18,Gula Pasir Kualitas Premium,2,"17,750"
2024-12-19,Gula Pasir Kualitas Premium,2,"17,800"
2024-12-20,Gula Pasir Kualitas Premium,2,"17,800"
2024-12-23,Gula Pasir Kualitas Premium,2,"17,800"
2024-12-24,Gula Pasir Kualitas Premium,2,"17,800"
2024-12-25,Gula Pasir Kualitas Premium,2,"17,800"
2024-12-26,Gula Pasir Kualitas Premium,2,"17,850"
2024-12-27,Gula Pasir Kualitas Premium,2,"17,850"
2024-12-30,Gula Pasir Kualitas Premium,2,"17,850"
2024-12-31,Gula Pasir Kualitas Premium,2,"17,850"
2024-12-02,Gula Pasir Lokal,2,"16,550"
2024-12-03,Gula Pasir Lokal,2,"16,550"
2024-12-04,Gula Pasir Lokal,2,"16,550"
2024-12-05,Gula Pasir Lokal,2,"16,550"
2024-12-06,Gula Pasir Lokal,2,"16,550"
2024-12-09,Gula Pasir Lokal,2,"16,550"
2024-12-10,Gula Pasir Lokal,2,"16,550"
2024-12-11,Gula Pasir Lokal,2,"16,550"
2024-12-12,Gula Pasir Lokal,2,"16,550"
2024-12-13,Gula Pasir Lokal,2,"16,550"
2024-12-16,Gula Pasir Lokal,2,"16,550"
2024-12-17,Gula Pasir Lokal,2,"16,550"
2024-12-18,Gula Pasir Lokal,2,"16,550"
2024-12-19,Gula Pasir Lokal,2,"16,650"
2024-12-20,Gula Pasir Lokal,2,"16,650"
2024-12-23,Gula Pasir Lokal,2,"16,650"
2024-12-24,Gula Pasir Lokal,2,"16,650"
2024-12-25,Gula Pasir Lokal,2,"16,650"
2024-12-26,Gula Pasir Lokal,2,"16,650"
2024-12-27,Gula Pasir Lokal,2,"16,700"
2024-12-30,Gula Pasir Lokal,2,"16,700"
2024-12-31,Gula Pasir Lokal,2,"16,700"
2025-01-01,Beras,1,"14,200"
2025-01-02,Beras,1,"14,250"
2025-01-03,Beras,1,"14,250"
2025-01-06,Beras,1,"14,250"
2025-01-07,Beras,1,"14,250"
2025-01-08,Beras,1,"14,250"
2025-01-09,Beras,1,"14,250"
2025-01-10,Beras,1,"14,250"
2025-01-13,Beras,1,"14,250"
2025-01-14,Beras,1,"14,250"
2025-01-15,Beras,1,"14,250"
2025-01-16,Beras,1,"14,300"
2025-01-17,Beras,1,"14,300"
2025-01-20,Beras,1,"14,300"
2025-01-21,Beras,1,"14,300"
2025-01-22,Beras,1,"14,300"
2025-01-23,Beras,1,"14,300"
2025-01-24,Beras,1,"14,300"
2025-01-27,Beras,1,"14,300"
2025-01-28,Beras,1,"14,300"
2025-01-29,Beras,1,"14,300"
2025-01-30,Beras,1,"14,250"
2025-01-31,Beras,1,"14,250"
2025-01-01,Beras Kualitas Bawah I,2,"13,100"
2025-01-02,Beras Kualitas Bawah I,2,"13,200"
2025-01-03,Beras Kualitas Bawah I,2,"13,250"
2025-01-06,Beras Kualitas Bawah I,2,"13,150"
2025-01-07,Beras Kualitas Bawah I,2,"13,150"
2025-01-08,Beras Kualitas Bawah I,2,"13,150"
2025-01-09,Beras Kualitas Bawah I,2,"13,250"
2025-01-10,Beras Kualitas Bawah I,2,"13,250"
2025-01-13,Beras Kualitas Bawah I,2,"13,250"
2025-01-14,Beras Kualitas Bawah I,2,"13,250"
2025-01-15,Beras Kualitas Bawah I,2,"13,200"
2025-01-16,Beras Kualitas Bawah I,2,"13,200"
2025-01-17,Beras Kualitas Bawah I,2,"13,200"
2025-01-20,Beras Kualitas Bawah I,2,"13,200"
2025-01-21,Beras Kualitas Bawah I,2,"13,200"
2025-01-22,Beras Kualitas Bawah I,2,"13,200"
2025-01-23,Beras Kualitas Bawah I,2,"13,200"
2025-01-24,Beras Kualitas Bawah I,2,"13,200"
2025-01-27,Beras Kualitas Bawah I,2,"13,200"
2025-01-28,Beras Kualitas Bawah I,2,"13,200"
2025-01-29,Beras Kualitas Bawah I,2,"13,200"
2025-01-30,Beras Kualitas Bawah I,2,"13,200"
2025-01-31,Beras Kualitas Bawah I,2,"13,200"
2025-01-01,Beras Kualitas Bawah II,2,"12,700"
2025-01-02,Beras Kualitas Bawah II,2,"13,050"
2025-01-03,Beras Kualitas Bawah II,2,"12,950"
2025-01-06,Beras Kualitas Bawah II,2,"12,950"
2025-01-07,Beras Kualitas Bawah II,2,"12,950"
2025-01-08,Beras Kualitas Bawah II,2,"12,950"
2025-01-09,Beras Kualitas Bawah II,2,"13,050"
2025-01-10,Beras Kualitas Bawah II,2,"13,050"
2025-01-13,Beras Kualitas Bawah II,2,"13,050"
2025-01-14,Beras Kualitas Bawah II,2,"13,050"
2025-01-15,Beras Kualitas Bawah II,2,"13,050"
2025-01-16,Beras Kualitas Bawah II,2,"13,050"
2025-01-17,Beras Kualitas Bawah II,2,"13,050"
2025-01-20,Beras Kualitas Bawah II,2,"13,050"
2025-01-21,Beras Kualitas Bawah II,2,"13,050"
2025-01-22,Beras Kualitas Bawah II,2,"13,050"
2025-01-23,Beras Kualitas Bawah II,2,"12,900"
2025-01-24,Beras Kualitas Bawah II,2,"12,900"
2025-01-27,Beras Kualitas Bawah II,2,"12,900"
2025-01-28,Beras Kualitas Bawah II,2,"12,900"
2025-01-29,Beras Kualitas Bawah II,2,"12,900"
2025-01-30,Beras Kualitas Bawah II,2,"12,900"
2025-01-31,Beras Kualitas Bawah II,2,"12,900"
2025-01-01,Beras Kualitas Medium I,2,"14,250"
2025-01-02,Beras Kualitas Medium I,2,"14,350"
2025-01-03,Beras Kualitas Medium I,2,"14,350"
2025-01-06,Beras Kualitas Medium I,2,"14,400"
2025-01-07,Beras Kualitas Medium I,2,"14,400"
2025-01-08,Beras Kualitas Medium I,2,"14,400"
2025-01-09,Beras Kualitas Medium I,2,"14,350"
2025-01-10,Beras Kualitas Medium I,2,"14,350"
2025-01-13,Beras Kualitas Medium I,2,"14,350"
2025-01-14,Beras Kualitas Medium I,2,"14,350"
2025-01-15,Beras Kualitas Medium I,2,"14,350"
2025-01-16,Beras Kualitas Medium I,2,"14,400"
2025-01-17,Beras Kualitas Medium I,2,"14,400"
2025-01-20,Beras Kualitas Medium I,2,"14,400"
2025-01-21,Beras Kualitas Medium I,2,"14,400"
2025-01-22,Beras Kualitas Medium I,2,"14,400"
2025-01-23,Beras Kualitas Medium I,2,"14,400"
2025-01-24,Beras Kualitas Medium I,2,"14,400"
2025-01-27,Beras Kualitas Medium I,2,"14,400"
2025-01-28,Beras Kualitas Medium I,2,"14,400"
2025-01-29,Beras Kualitas Medium I,2,"14,400"
2025-01-30,Beras Kualitas Medium I,2,"14,350"
2025-01-31,Beras Kualitas Medium I,2,"14,350"
2025-01-01,Beras Kualitas Medium II,2,"14,100"
2025-01-02,Beras Kualitas Medium II,2,"14,250"
2025-01-03,Beras Kualitas Medium II,2,"14,200"
2025-01-06,Beras Kualitas Medium II,2,"14,200"
2025-01-07,Beras Kualitas Medium II,2,"14,200"
2025-01-08,Beras Kualitas Medium II,2,"14,200"
2025-01-09,Beras Kualitas Medium II,2,"14,250"
2025-01-10,Beras Kualitas Medium II,2,"14,250"
2025-01-13,Beras Kualitas Medium II,2,"14,250"
2025-01-14,Beras Kualitas Medium II,2,"14,250"
2025-01-15,Beras Kualitas Medium II,2,"14,250"
2025-01-16,Beras Kualitas Medium II,2,"14,300"
2025-01-17,Beras Kualitas Medium II,2,"14,300"
2025-01-20,Beras Kualitas Medium II,2,"14,300"
2025-01-21,Beras Kualitas Medium II,2,"14,300"
2025-01-22,Beras Kualitas Medium II,2,"14,300"
2025-01-23,Beras Kualitas Medium II,2,"14,250"
2025-01-24,Beras Kualitas Medium II,2,"14,250"
2025-01-27,Beras Kualitas Medium II,2,"14,250"
2025-01-28,Beras Kualitas Medium II,2,"14,250"
2025-01-29,Beras Kualitas Medium II,2,"14,250"
2025-01-30,Beras Kualitas Medium II,2,"14,250"
2025-01-31,Beras Kualitas Medium II,2,"14,250"
2025-01-01,Beras Kualitas Super I,2,"15,500"
2025-01-02,Beras Kualitas Super I,2,"15,550"
2025-01-03,Beras Kualitas Super I,2,"15,500"
2025-01-06,Beras Kualitas Super I,2,"15,450"
2025-01-07,Beras Kualitas Super I,2,"15,450"
2025-01-08,Beras Kualitas Super I,2,"15,450"
2025-01-09,Beras Kualitas Super I,2,"15,550"
2025-01-10,Beras Kualitas Super I,2,"15,550"
2025-01-13,Beras Kualitas Super I,2,"15,550"
2025-01-14,Beras Kualitas Super I,2,"15,550"
2025-01-15,Beras Kualitas Super I,2,"15,550"
2025-01-16,Beras Kualitas Super I,2,"15,600"
2025-01-17,Beras Kualitas Super I,2,"15,600"
2025-01-20,Beras Kualitas Super I,2,"15,600"
2025-01-21,Beras Kualitas Super I,2,"15,600"
2025-01-22,Beras Kualitas Super I,2,"15,600"
2025-01-23,Beras Kualitas Super I,2,"15,650"
2025-01-24,Beras Kualitas Super I,2,"15,650"
2025-01-27,Beras Kualitas Super I,2,"15,650"
2025-01-28,Beras Kualitas Super I,2,"15,650"
2025-01-29,Beras Kualitas Super I,2,"15,650"
2025-01-30,Beras Kualitas Super I,2,"15,650"
2025-01-31,Beras Kualitas Super I,2,"15,650"
2025-01-01,Beras Kualitas Super II,2,"15,250"
2025-01-02,Beras Kualitas Super II,2,"15,250"
2025-01-03,Beras Kualitas Super II,2,"15,150"
2025-01-06,Beras Kualitas Super II,2,"15,100"
2025-01-07,Beras Kualitas Super II,2,"15,100"
2025-01-08,Beras Kualitas Super II,2,"15,100"
2025-01-09,Beras Kualitas Super II,2,"15,150"
2025-01-10,Beras Kualitas Super II,2,"15,150"
2025-01-13,Beras Kualitas Super II,2,"15,150"
2025-01-14,Beras Kualitas Super II,2,"15,150"
2025-01-15,Beras Kualitas Super II,2,"15,150"
2025-01-16,Beras Kualitas Super II,2,"15,200"
2025-01-17,Beras Kualitas Super II,2,"15,200"
2025-01-20,Beras Kualitas Super II,2,"15,200"
2025-01-21,Beras Kualitas Super II,2,"15,200"
2025-01-22,Beras Kualitas Super II,2,"15,200"
2025-01-23,Beras Kualitas Super II,2,"15,200"
2025-01-24,Beras Kualitas Super II,2,"15,200"
2025-01-27,Beras Kualitas Super II,2,"15,200"
2025-01-28,Beras Kualitas Super II,2,"15,200"
2025-01-29,Beras Kualitas Super II,2,"15,200"
2025-01-30,Beras Kualitas Super II,2,"15,200"
2025-01-31,Beras Kualitas Super II,2,"15,200"
2025-01-01,Daging Ayam,1,"32,300"
2025-01-02,Daging Ayam,1,"33,500"
2025-01-03,Daging Ayam,1,"33,200"
2025-01-06,Daging Ayam,1,"33,050"
2025-01-07,Daging Ayam,1,"33,050"
2025-01-08,Daging Ayam,1,"33,000"
2025-01-09,Daging Ayam,1,"32,850"
2025-01-10,Daging Ayam,1,"33,150"
2025-01-13,Daging Ayam,1,"33,150"
2025-01-14,Daging Ayam,1,"33,150"
2025-01-15,Daging Ayam,1,"33,200"
2025-01-16,Daging Ayam,1,"32,900"
2025-01-17,Daging Ayam,1,"32,900"
2025-01-20,Daging Ayam,1,"32,900"
2025-01-21,Daging Ayam,1,"32,900"
2025-01-22,Daging Ayam,1,"32,850"
2025-01-23,Daging Ayam,1,"32,400"
2025-01-24,Daging Ayam,1,"32,400"
2025-01-27,Daging Ayam,1,"32,400"
2025-01-28,Daging Ayam,1,"32,400"
2025-01-29,Daging Ayam,1,"32,400"
2025-01-30,Daging Ayam,1,"31,650"
2025-01-31,Daging Ayam,1,"31,650"
2025-01-01,Daging Ayam Ras Segar,2,"32,300"
2025-01-02,Daging Ayam Ras Segar,2,"33,500"
2025-01-03,Daging Ayam Ras Segar,2,"33,200"
2025-01-06,Daging Ayam Ras Segar,2,"33,050"
2025-01-07,Daging Ayam Ras Segar,2,"33,050"
2025-01-08,Daging Ayam Ras Segar,2,"33,000"
2025-01-09,Daging Ayam Ras Segar,2,"33,150"
2025-01-10,Daging Ayam Ras Segar,2,"33,150"
2025-01-13,Daging Ayam Ras Segar,2,"33,150"
2025-01-14,Daging Ayam Ras Segar,2,"33,150"
2025-01-15,Daging Ayam Ras Segar,2,"33,200"
2025-01-16,Daging Ayam Ras Segar,2,"32,900"
2025-01-17,Daging Ayam Ras Segar,2,"32,900"
2025-01-20,Daging Ayam Ras Segar,2,"32,900"
2025-01-21,Daging Ayam Ras Segar,2,"32,900"
2025-01-22,Daging Ayam Ras Segar,2,"32,850"
2025-01-23,Daging Ayam Ras Segar,2,"32,400"
2025-01-24,Daging Ayam Ras Segar,2,"32,400"
2025-01-27,Daging Ayam Ras Segar,2,"32,400"
2025-01-28,Daging Ayam Ras Segar,2,"32,400"
2025-01-29,Daging Ayam Ras Segar,2,"32,400"
2025-01-30,Daging Ayam Ras Segar,2,"31,650"
2025-01-31,Daging Ayam Ras Segar,2,"31,650"
2025-01-01,Daging Sapi,1,"127,950"
2025-01-02,Daging Sapi,1,"128,050"
2025-01-03,Daging Sapi,1,"127,550"
2025-01-06,Daging Sapi,1,"126,950"
2025-01-07,Daging Sapi,1,"126,950"
2025-01-08,Daging Sapi,1,"126,750"
2025-01-09,Daging Sapi,1,"127,200"
2025-01-10,Daging Sapi,1,"126,950"
2025-01-13,Daging Sapi,1,"126,950"
2025-01-14,Daging Sapi,1,"126,950"
2025-01-15,Daging Sapi,1,"126,950"
2025-01-16,Daging Sapi,1,"127,100"
2025-01-17,Daging Sapi,1,"127,100"
2025-01-20,Daging Sapi,1,"127,100"
2025-01-21,Daging Sapi,1,"127,100"
2025-01-22,Daging Sapi,1,"127,100"
2025-01-23,Daging Sapi,1,"126,400"
2025-01-24,Daging Sapi,1,"126,400"
2025-01-27,Daging Sapi,1,"126,400"
2025-01-28,Daging Sapi,1,"126,400"
2025-01-29,Daging Sapi,1,"126,400"
2025-01-30,Daging Sapi,1,"126,950"
2025-01-31,Daging Sapi,1,"126,950"
2025-01-01,Daging Sapi Kualitas 1,2,"129,400"
2025-01-02,Daging Sapi Kualitas 1,2,"129,700"
2025-01-03,Daging Sapi Kualitas 1,2,"129,050"
2025-01-06,Daging Sapi Kualitas 1,2,"128,350"
2025-01-07,Daging Sapi Kualitas 1,2,"128,350"
2025-01-08,Daging Sapi Kualitas 1,2,"128,200"
2025-01-09,Daging Sapi Kualitas 1,2,"129,150"
2025-01-10,Daging Sapi Kualitas 1,2,"129,150"
2025-01-13,Daging Sapi Kualitas 1,2,"129,150"
2025-01-14,Daging Sapi Kualitas 1,2,"129,150"
2025-01-15,Daging Sapi Kualitas 1,2,"129,150"
2025-01-16,Daging Sapi Kualitas 1,2,"129,100"
2025-01-17,Daging Sapi Kualitas 1,2,"129,100"
2025-01-20,Daging Sapi Kualitas 1,2,"129,100"
2025-01-21,Daging Sapi Kualitas 1,2,"129,100"
2025-01-22,Daging Sapi Kualitas 1,2,"129,100"
2025-01-23,Daging Sapi Kualitas 1,2,"129,000"
2025-01-24,Daging Sapi Kualitas 1,2,"129,000"
2025-01-27,Daging Sapi Kualitas 1,2,"129,000"
2025-01-28,Daging Sapi Kualitas 1,2,"129,000"
2025-01-29,Daging Sapi Kualitas 1,2,"129,000"
2025-01-30,Daging Sapi Kualitas 1,2,"129,550"
2025-01-31,Daging Sapi Kualitas 1,2,"129,550"
2025-01-01,Daging Sapi Kualitas 2,2,"126,900"
2025-01-02,Daging Sapi Kualitas 2,2,"126,750"
2025-01-03,Daging Sapi Kualitas 2,2,"126,450"
2025-01-06,Daging Sapi Kualitas 2,2,"125,800"
2025-01-07,Daging Sapi Kualitas 2,2,"125,800"
2025-01-08,Daging Sapi Kualitas 2,2,"125,650"
2025-01-09,Daging Sapi Kualitas 2,2,"126,200"
2025-01-10,Daging Sapi Kualitas 2,2,"125,650"
2025-01-13,Daging Sapi Kualitas 2,2,"125,650"
2025-01-14,Daging Sapi Kualitas 2,2,"125,650"
2025-01-15,Daging Sapi Kualitas 2,2,"125,650"
2025-01-16,Daging Sapi Kualitas 2,2,"125,950"
2025-01-17,Daging Sapi Kualitas 2,2,"125,950"
2025-01-20,Daging Sapi Kualitas 2,2,"125,950"
2025-01-21,Daging Sapi Kualitas 2,2,"125,950"
2025-01-22,Daging Sapi Kualitas 2,2,"125,950"
2025-01-23,Daging Sapi Kualitas 2,2,"124,600"
2025-01-24,Daging Sapi Kualitas 2,2,"124,600"
2025-01-27,Daging Sapi Kualitas 2,2,"124,600"
2025-01-28,Daging Sapi Kualitas 2,2,"124,600"
2025-01-29,Daging Sapi Kualitas 2,2,"124,600"
2025-01-30,Daging Sapi Kualitas 2,2,"125,200"
2025-01-31,Daging Sapi Kualitas 2,2,"125,200"
2025-01-01,Telur Ayam,1,"28,600"
2025-01-02,Telur Ayam,1,"29,000"
2025-01-03,Telur Ayam,1,"28,900"
2025-01-06,Telur Ayam,1,"28,850"
2025-01-07,Telur Ayam,1,"28,850"
2025-01-08,Telur Ayam,1,"28,800"
2025-01-09,Telur Ayam,1,"28,600"
2025-01-10,Telur Ayam,1,"28,600"
2025-01-13,Telur Ayam,1,"28,600"
2025-01-14,Telur Ayam,1,"28,600"
2025-01-15,Telur Ayam,1,"28,600"
2025-01-16,Telur Ayam,1,"28,050"
2025-01-17,Telur Ayam,1,"28,050"
2025-01-20,Telur Ayam,1,"28,050"
2025-01-21,Telur Ayam,1,"28,050"
2025-01-22,Telur Ayam,1,"28,000"
2025-01-23,Telur Ayam,1,"27,500"
2025-01-24,Telur Ayam,1,"27,500"
2025-01-27,Telur Ayam,1,"27,500"
2025-01-28,Telur Ayam,1,"27,500"
2025-01-29,Telur Ayam,1,"27,500"
2025-01-30,Telur Ayam,1,"27,400"
2025-01-31,Telur Ayam,1,"27,400"
2025-01-01,Telur Ayam Ras Segar,2,"28,600"
2025-01-02,Telur Ayam Ras Segar,2,"29,000"
2025-01-03,Telur Ayam Ras Segar,2,"28,900"
2025-01-06,Telur Ayam Ras Segar,2,"28,850"
2025-01-07,Telur Ayam Ras Segar,2,"28,850"
2025-01-08,Telur Ayam Ras Segar,2,"28,800"
2025-01-09,Telur Ayam Ras Segar,2,"28,650"
2025-01-10,Telur Ayam Ras Segar,2,"28,600"
2025-01-13,Telur Ayam Ras Segar,2,"28,600"
2025-01-14,Telur Ayam Ras Segar,2,"28,600"
2025-01-15,Telur Ayam Ras Segar,2,"28,600"
2025-01-16,Telur Ayam Ras Segar,2,"28,050"
2025-01-17,Telur Ayam Ras Segar,2,"28,050"
2025-01-20,Telur Ayam Ras Segar,2,"28,050"
2025-01-21,Telur Ayam Ras Segar,2,"28,050"
2025-01-22,Telur Ayam Ras Segar,2,"28,000"
2025-01-23,Telur Ayam Ras Segar,2,"27,500"
2025-01-24,Telur Ayam Ras Segar,2,"27,500"
2025-01-27,Telur Ayam Ras Segar,2,"27,500"
2025-01-28,Telur Ayam Ras Segar,2,"27,500"
2025-01-29,Telur Ayam Ras Segar,2,"27,500"
2025-01-30,Telur Ayam Ras Segar,2,"27,400"
2025-01-31,Telur Ayam Ras Segar,2,"27,400"
2025-01-01,Bawang Merah,1,"34,950"
2025-01-02,Bawang Merah,1,"35,350"
2025-01-03,Bawang Merah,1,"35,300"
2025-01-06,Bawang Merah,1,"35,150"
2025-01-07,Bawang Merah,1,"35,150"
2025-01-08,Bawang Merah,1,"35,100"
2025-01-09,Bawang Merah,1,"34,750"
2025-01-10,Bawang Merah,1,"34,800"
2025-01-13,Bawang Merah,1,"34,800"
2025-01-14,Bawang Merah,1,"34,800"
2025-01-15,Bawang Merah,1,"34,600"
2025-01-16,Bawang Merah,1,"33,100"
2025-01-17,Bawang Merah,1,"33,050"
2025-01-20,Bawang Merah,1,"33,050"
2025-01-21,Bawang Merah,1,"33,050"
2025-01-22,Bawang Merah,1,"33,050"
2025-01-23,Bawang Merah,1,"31,150"
2025-01-24,Bawang Merah,1,"31,150"
2025-01-27,Bawang Merah,1,"31,150"
2025-01-28,Bawang Merah,1,"31,150"
2025-01-29,Bawang Merah,1,"31,150"
2025-01-30,Bawang Merah,1,"30,950"
2025-01-31,Bawang Merah,1,"30,950"
2025-01-01,Bawang Merah Ukuran Sedang,2,"34,950"
2025-01-02,Bawang Merah Ukuran Sedang,2,"35,350"
2025-01-03,Bawang Merah Ukuran Sedang,2,"35,300"
2025-01-06,Bawang Merah Ukuran Sedang,2,"35,150"
2025-01-07,Bawang Merah Ukuran Sedang,2,"35,150"
2025-01-08,Bawang Merah Ukuran Sedang,2,"35,100"
2025-01-09,Bawang Merah Ukuran Sedang,2,"34,750"
2025-01-10,Bawang Merah Ukuran Sedang,2,"34,800"
2025-01-13,Bawang Merah Ukuran Sedang,2,"34,800"
2025-01-14,Bawang Merah Ukuran Sedang,2,"34,800"
2025-01-15,Bawang Merah Ukuran Sedang,2,"34,600"
2025-01-16,Bawang Merah Ukuran Sedang,2,"33,100"
2025-01-17,Bawang Merah Ukuran Sedang,2,"33,050"
2025-01-20,Bawang Merah Ukuran Sedang,2,"33,050"
2025-01-21,Bawang Merah Ukuran Sedang,2,"33,050"
2025-01-22,Bawang Merah Ukuran Sedang,2,"33,050"
2025-01-23,Bawang Merah Ukuran Sedang,2,"31,150"
2025-01-24,Bawang Merah Ukuran Sedang,2,"31,150"
2025-01-27,Bawang Merah Ukuran Sedang,2,"31,150"
2025-01-28,Bawang Merah Ukuran Sedang,2,"31,150"
2025-01-29,Bawang Merah Ukuran Sedang,2,"31,150"
2025-01-30,Bawang Merah Ukuran Sedang,2,"30,950"
2025-01-31,Bawang Merah Ukuran Sedang,2,"30,950"
2025-01-01,Bawang Putih,1,"37,450"
2025-01-02,Bawang Putih,1,"37,800"
2025-01-03,Bawang Putih,1,"37,750"
2025-01-06,Bawang Putih,1,"37,700"
2025-01-07,Bawang Putih,1,"37,700"
2025-01-08,Bawang Putih,1,"37,750"
2025-01-09,Bawang Putih,1,"37,750"
2025-01-10,Bawang Putih,1,"37,800"
2025-01-13,Bawang Putih,1,"37,800"
2025-01-14,Bawang Putih,1,"37,800"
2025-01-15,Bawang Putih,1,"37,800"
2025-01-16,Bawang Putih,1,"37,850"
2025-01-17,Bawang Putih,1,"37,850"
2025-01-20,Bawang Putih,1,"37,850"
2025-01-21,Bawang Putih,1,"37,850"
2025-01-22,Bawang Putih,1,"37,850"
2025-01-23,Bawang Putih,1,"37,700"
2025-01-24,Bawang Putih,1,"37,700"
2025-01-27,Bawang Putih,1,"37,700"
2025-01-28,Bawang Putih,1,"37,700"
2025-01-29,Bawang Putih,1,"37,700"
2025-01-30,Bawang Putih,1,"37,550"
2025-01-31,Bawang Putih,1,"37,400"
2025-01-01,Bawang Putih Ukuran Sedang,2,"37,450"
2025-01-02,Bawang Putih Ukuran Sedang,2,"37,800"
2025-01-03,Bawang Putih Ukuran Sedang,2,"37,750"
2025-01-06,Bawang Putih Ukuran Sedang,2,"37,700"
2025-01-07,Bawang Putih Ukuran Sedang,2,"37,700"
2025-01-08,Bawang Putih Ukuran Sedang,2,"37,750"
2025-01-09,Bawang Putih Ukuran Sedang,2,"37,800"
2025-01-10,Bawang Putih Ukuran Sedang,2,"37,800"
2025-01-13,Bawang Putih Ukuran Sedang,2,"37,800"
2025-01-14,Bawang Putih Ukuran Sedang,2,"37,800"
2025-01-15,Bawang Putih Ukuran Sedang,2,"37,800"
2025-01-16,Bawang Putih Ukuran Sedang,2,"37,850"
2025-01-17,Bawang Putih Ukuran Sedang,2,"37,850"
2025-01-20,Bawang Putih Ukuran Sedang,2,"37,850"
2025-01-21,Bawang Putih Ukuran Sedang,2,"37,850"
2025-01-22,Bawang Putih Ukuran Sedang,2,"37,850"
2025-01-23,Bawang Putih Ukuran Sedang,2,"37,700"
2025-01-24,Bawang Putih Ukuran Sedang,2,"37,700"
2025-01-27,Bawang Putih Ukuran Sedang,2,"37,700"
2025-01-28,Bawang Putih Ukuran Sedang,2,"37,700"
2025-01-29,Bawang Putih Ukuran Sedang,2,"37,700"
2025-01-30,Bawang Putih Ukuran Sedang,2,"37,550"
2025-01-31,Bawang Putih Ukuran Sedang,2,"37,400"
2025-01-01,Cabai Merah,1,"37,400"
2025-01-02,Cabai Merah,1,"45,250"
2025-01-03,Cabai Merah,1,"45,700"
2025-01-06,Cabai Merah,1,"46,100"
2025-01-07,Cabai Merah,1,"46,100"
2025-01-08,Cabai Merah,1,"46,050"
2025-01-09,Cabai Merah,1,"44,250"
2025-01-10,Cabai Merah,1,"44,100"
2025-01-13,Cabai Merah,1,"44,100"
2025-01-14,Cabai Merah,1,"44,100"
2025-01-15,Cabai Merah,1,"44,150"
2025-01-16,Cabai Merah,1,"45,950"
2025-01-17,Cabai Merah,1,"45,650"
2025-01-20,Cabai Merah,1,"45,650"
2025-01-21,Cabai Merah,1,"45,650"
2025-01-22,Cabai Merah,1,"45,750"
2025-01-23,Cabai Merah,1,"47,400"
2025-01-24,Cabai Merah,1,"47,400"
2025-01-27,Cabai Merah,1,"47,400"
2025-01-28,Cabai Merah,1,"47,400"
2025-01-29,Cabai Merah,1,"47,400"
2025-01-30,Cabai Merah,1,"48,450"
2025-01-31,Cabai Merah,1,"48,300"
2025-01-01,Cabai Merah Besar,2,"36,650"
2025-01-02,Cabai Merah Besar,2,"44,350"
2025-01-03,Cabai Merah Besar,2,"44,950"
2025-01-06,Cabai Merah Besar,2,"44,850"
2025-01-07,Cabai Merah Besar,2,"44,850"
2025-01-08,Cabai Merah Besar,2,"44,750"
2025-01-09,Cabai Merah Besar,2,"43,350"
2025-01-10,Cabai Merah Besar,2,"43,350"
2025-01-13,Cabai Merah Besar,2,"43,350"
2025-01-14,Cabai Merah Besar,2,"43,350"
2025-01-15,Cabai Merah Besar,2,"43,450"
2025-01-16,Cabai Merah Besar,2,"44,950"
2025-01-17,Cabai Merah Besar,2,"44,950"
2025-01-20,Cabai Merah Besar,2,"44,950"
2025-01-21,Cabai Merah Besar,2,"44,950"
2025-01-22,Cabai Merah Besar,2,"44,900"
2025-01-23,Cabai Merah Besar,2,"46,800"
2025-01-24,Cabai Merah Besar,2,"46,800"
2025-01-27,Cabai Merah Besar,2,"46,800"
2025-01-28,Cabai Merah Besar,2,"46,800"
2025-01-29,Cabai Merah Besar,2,"46,800"
2025-01-30,Cabai Merah Besar,2,"47,650"
2025-01-31,Cabai Merah Besar,2,"47,700"
2025-01-01,Cabai Merah Keriting ,2,"36,800"
2025-01-02,Cabai Merah Keriting ,2,"44,800"
2025-01-03,Cabai Merah Keriting ,2,"45,250"
2025-01-06,Cabai Merah Keriting ,2,"46,100"
2025-01-07,Cabai Merah Keriting ,2,"46,100"
2025-01-08,Cabai Merah Keriting ,2,"46,100"
2025-01-09,Cabai Merah Keriting ,2,"44,700"
2025-01-10,Cabai Merah Keriting ,2,"44,700"
2025-01-13,Cabai Merah Keriting ,2,"44,700"
2025-01-14,Cabai Merah Keriting ,2,"44,700"
2025-01-15,Cabai Merah Keriting ,2,"44,750"
2025-01-16,Cabai Merah Keriting ,2,"46,550"
2025-01-17,Cabai Merah Keriting ,2,"46,200"
2025-01-20,Cabai Merah Keriting ,2,"46,200"
2025-01-21,Cabai Merah Keriting ,2,"46,200"
2025-01-22,Cabai Merah Keriting ,2,"46,450"
2025-01-23,Cabai Merah Keriting ,2,"47,450"
2025-01-24,Cabai Merah Keriting ,2,"47,450"
2025-01-27,Cabai Merah Keriting ,2,"47,450"
2025-01-28,Cabai Merah Keriting ,2,"47,450"
2025-01-29,Cabai Merah Keriting ,2,"47,450"
2025-01-30,Cabai Merah Keriting ,2,"48,550"
2025-01-31,Cabai Merah Keriting ,2,"48,400"
2025-01-01,Cabai Rawit,1,"42,750"
2025-01-02,Cabai Rawit,1,"54,500"
2025-01-03,Cabai Rawit,1,"55,100"
2025-01-06,Cabai Rawit,1,"55,200"
2025-01-07,Cabai Rawit,1,"55,200"
2025-01-08,Cabai Rawit,1,"55,700"
2025-01-09,Cabai Rawit,1,"62,700"
2025-01-10,Cabai Rawit,1,"62,350"
2025-01-13,Cabai Rawit,1,"62,350"
2025-01-14,Cabai Rawit,1,"62,350"
2025-01-15,Cabai Rawit,1,"62,500"
2025-01-16,Cabai Rawit,1,"63,400"
2025-01-17,Cabai Rawit,1,"64,650"
2025-01-20,Cabai Rawit,1,"64,650"
2025-01-21,Cabai Rawit,1,"64,650"
2025-01-22,Cabai Rawit,1,"64,700"
2025-01-23,Cabai Rawit,1,"58,300"
2025-01-24,Cabai Rawit,1,"58,300"
2025-01-27,Cabai Rawit,1,"58,300"
2025-01-28,Cabai Rawit,1,"58,300"
2025-01-29,Cabai Rawit,1,"58,300"
2025-01-30,Cabai Rawit,1,"59,100"
2025-01-31,Cabai Rawit,1,"58,800"
2025-01-01,Cabai Rawit Hijau,2,"39,350"
2025-01-02,Cabai Rawit Hijau,2,"48,500"
2025-01-03,Cabai Rawit Hijau,2,"49,150"
2025-01-06,Cabai Rawit Hijau,2,"49,350"
2025-01-07,Cabai Rawit Hijau,2,"49,350"
2025-01-08,Cabai Rawit Hijau,2,"49,750"
2025-01-09,Cabai Rawit Hijau,2,"53,950"
2025-01-10,Cabai Rawit Hijau,2,"54,050"
2025-01-13,Cabai Rawit Hijau,2,"54,050"
2025-01-14,Cabai Rawit Hijau,2,"54,050"
2025-01-15,Cabai Rawit Hijau,2,"54,050"
2025-01-16,Cabai Rawit Hijau,2,"55,150"
2025-01-17,Cabai Rawit Hijau,2,"55,250"
2025-01-20,Cabai Rawit Hijau,2,"55,250"
2025-01-21,Cabai Rawit Hijau,2,"55,250"
2025-01-22,Cabai Rawit Hijau,2,"55,550"
2025-01-23,Cabai Rawit Hijau,2,"56,150"
2025-01-24,Cabai Rawit Hijau,2,"56,150"
2025-01-27,Cabai Rawit Hijau,2,"56,150"
2025-01-28,Cabai Rawit Hijau,2,"56,150"
2025-01-29,Cabai Rawit Hijau,2,"56,150"
2025-01-30,Cabai Rawit Hijau,2,"58,300"
2025-01-31,Cabai Rawit Hijau,2,"58,000"
2025-01-01,Cabai Rawit Merah,2,"46,100"
2025-01-02,Cabai Rawit Merah,2,"59,600"
2025-01-03,Cabai Rawit Merah,2,"60,300"
2025-01-06,Cabai Rawit Merah,2,"60,200"
2025-01-07,Cabai Rawit Merah,2,"60,200"
2025-01-08,Cabai Rawit Merah,2,"61,000"
2025-01-09,Cabai Rawit Merah,2,"71,250"
2025-01-10,Cabai Rawit Merah,2,"71,350"
2025-01-13,Cabai Rawit Merah,2,"71,350"
2025-01-14,Cabai Rawit Merah,2,"71,350"
2025-01-15,Cabai Rawit Merah,2,"71,650"
2025-01-16,Cabai Rawit Merah,2,"71,050"
2025-01-17,Cabai Rawit Merah,2,"72,400"
2025-01-20,Cabai Rawit Merah,2,"72,400"
2025-01-21,Cabai Rawit Merah,2,"72,400"
2025-01-22,Cabai Rawit Merah,2,"72,200"
2025-01-23,Cabai Rawit Merah,2,"60,300"
2025-01-24,Cabai Rawit Merah,2,"60,300"
2025-01-27,Cabai Rawit Merah,2,"60,300"
2025-01-28,Cabai Rawit Merah,2,"60,300"
2025-01-29,Cabai Rawit Merah,2,"60,300"
2025-01-30,Cabai Rawit Merah,2,"59,850"
2025-01-31,Cabai Rawit Merah,2,"59,550"
2025-01-01,Minyak Goreng,1,"18,900"
2025-01-02,Minyak Goreng,1,"19,000"
2025-01-03,Minyak Goreng,1,"18,950"
2025-01-06,Minyak Goreng,1,"18,900"
2025-01-07,Minyak Goreng,1,"18,900"
2025-01-08,Minyak Goreng,1,"18,950"
2025-01-09,Minyak Goreng,1,"19,000"
2025-01-10,Minyak Goreng,1,"19,100"
2025-01-13,Minyak Goreng,1,"19,100"
2025-01-14,Minyak Goreng,1,"19,100"
2025-01-15,Minyak Goreng,1,"19,100"
2025-01-16,Minyak Goreng,1,"19,100"
2025-01-17,Minyak Goreng,1,"19,100"
2025-01-20,Minyak Goreng,1,"19,100"
2025-01-21,Minyak Goreng,1,"19,100"
2025-01-22,Minyak Goreng,1,"19,100"
2025-01-23,Minyak Goreng,1,"19,150"
2025-01-24,Minyak Goreng,1,"19,150"
2025-01-27,Minyak Goreng,1,"19,150"
2025-01-28,Minyak Goreng,1,"19,150"
2025-01-29,Minyak Goreng,1,"19,150"
2025-01-30,Minyak Goreng,1,"19,100"
2025-01-31,Minyak Goreng,1,"19,100"
2025-01-01,Minyak Goreng Curah,2,"17,550"
2025-01-02,Minyak Goreng Curah,2,"17,500"
2025-01-03,Minyak Goreng Curah,2,"17,500"
2025-01-06,Minyak Goreng Curah,2,"17,500"
2025-01-07,Minyak Goreng Curah,2,"17,500"
2025-01-08,Minyak Goreng Curah,2,"17,550"
2025-01-09,Minyak Goreng Curah,2,"17,550"
2025-01-10,Minyak Goreng Curah,2,"17,550"
2025-01-13,Minyak Goreng Curah,2,"17,550"
2025-01-14,Minyak Goreng Curah,2,"17,550"
2025-01-15,Minyak Goreng Curah,2,"17,550"
2025-01-16,Minyak Goreng Curah,2,"17,550"
2025-01-17,Minyak Goreng Curah,2,"17,550"
2025-01-20,Minyak Goreng Curah,2,"17,550"
2025-01-21,Minyak Goreng Curah,2,"17,550"
2025-01-22,Minyak Goreng Curah,2,"17,550"
2025-01-23,Minyak Goreng Curah,2,"17,550"
2025-01-24,Minyak Goreng Curah,2,"17,550"
2025-01-27,Minyak Goreng Curah,2,"17,550"
2025-01-28,Minyak Goreng Curah,2,"17,550"
2025-01-29,Minyak Goreng Curah,2,"17,550"
2025-01-30,Minyak Goreng Curah,2,"17,500"
2025-01-31,Minyak Goreng Curah,2,"17,500"
2025-01-01,Minyak Goreng Kemasan Bermerk 1,2,"19,700"
2025-01-02,Minyak Goreng Kemasan Bermerk 1,2,"19,850"
2025-01-03,Minyak Goreng Kemasan Bermerk 1,2,"19,750"
2025-01-06,Minyak Goreng Kemasan Bermerk 1,2,"19,700"
2025-01-07,Minyak Goreng Kemasan Bermerk 1,2,"19,700"
2025-01-08,Minyak Goreng Kemasan Bermerk 1,2,"19,750"
2025-01-09,Minyak Goreng Kemasan Bermerk 1,2,"19,900"
2025-01-10,Minyak Goreng Kemasan Bermerk 1,2,"19,900"
2025-01-13,Minyak Goreng Kemasan Bermerk 1,2,"19,900"
2025-01-14,Minyak Goreng Kemasan Bermerk 1,2,"19,900"
2025-01-15,Minyak Goreng Kemasan Bermerk 1,2,"19,900"
2025-01-16,Minyak Goreng Kemasan Bermerk 1,2,"19,950"
2025-01-17,Minyak Goreng Kemasan Bermerk 1,2,"20,000"
2025-01-20,Minyak Goreng Kemasan Bermerk 1,2,"20,000"
2025-01-21,Minyak Goreng Kemasan Bermerk 1,2,"20,000"
2025-01-22,Minyak Goreng Kemasan Bermerk 1,2,"20,000"
2025-01-23,Minyak Goreng Kemasan Bermerk 1,2,"20,050"
2025-01-24,Minyak Goreng Kemasan Bermerk 1,2,"20,100"
2025-01-27,Minyak Goreng Kemasan Bermerk 1,2,"20,100"
2025-01-28,Minyak Goreng Kemasan Bermerk 1,2,"20,100"
2025-01-29,Minyak Goreng Kemasan Bermerk 1,2,"20,100"
2025-01-30,Minyak Goreng Kemasan Bermerk 1,2,"20,050"
2025-01-31,Minyak Goreng Kemasan Bermerk 1,2,"20,050"
2025-01-01,Minyak Goreng Kemasan Bermerk 2,2,"18,900"
2025-01-02,Minyak Goreng Kemasan Bermerk 2,2,"19,050"
2025-01-03,Minyak Goreng Kemasan Bermerk 2,2,"19,100"
2025-01-06,Minyak Goreng Kemasan Bermerk 2,2,"19,100"
2025-01-07,Minyak Goreng Kemasan Bermerk 2,2,"19,100"
2025-01-08,Minyak Goreng Kemasan Bermerk 2,2,"19,100"
2025-01-09,Minyak Goreng Kemasan Bermerk 2,2,"19,100"
2025-01-10,Minyak Goreng Kemasan Bermerk 2,2,"19,100"
2025-01-13,Minyak Goreng Kemasan Bermerk 2,2,"19,100"
2025-01-14,Minyak Goreng Kemasan Bermerk 2,2,"19,100"
2025-01-15,Minyak Goreng Kemasan Bermerk 2,2,"19,100"
2025-01-16,Minyak Goreng Kemasan Bermerk 2,2,"19,200"
2025-01-17,Minyak Goreng Kemasan Bermerk 2,2,"19,200"
2025-01-20,Minyak Goreng Kemasan Bermerk 2,2,"19,200"
2025-01-21,Minyak Goreng Kemasan Bermerk 2,2,"19,200"
2025-01-22,Minyak Goreng Kemasan Bermerk 2,2,"19,200"
2025-01-23,Minyak Goreng Kemasan Bermerk 2,2,"19,200"
2025-01-24,Minyak Goreng Kemasan Bermerk 2,2,"19,250"
2025-01-27,Minyak Goreng Kemasan Bermerk 2,2,"19,250"
2025-01-28,Minyak Goreng Kemasan Bermerk 2,2,"19,250"
2025-01-29,Minyak Goreng Kemasan Bermerk 2,2,"19,250"
2025-01-30,Minyak Goreng Kemasan Bermerk 2,2,"19,150"
2025-01-31,Minyak Goreng Kemasan Bermerk 2,2,"19,150"
2025-01-01,Gula Pasir,1,"17,150"
2025-01-02,Gula Pasir,1,"17,200"
2025-01-03,Gula Pasir,1,"17,200"
2025-01-06,Gula Pasir,1,"17,150"
2025-01-07,Gula Pasir,1,"17,150"
2025-01-08,Gula Pasir,1,"17,150"
2025-01-09,Gula Pasir,1,"17,300"
2025-01-10,Gula Pasir,1,"17,300"
2025-01-13,Gula Pasir,1,"17,300"
2025-01-14,Gula Pasir,1,"17,300"
2025-01-15,Gula Pasir,1,"17,300"
2025-01-16,Gula Pasir,1,"17,400"
2025-01-17,Gula Pasir,1,"17,400"
2025-01-20,Gula Pasir,1,"17,400"
2025-01-21,Gula Pasir,1,"17,400"
2025-01-22,Gula Pasir,1,"17,400"
2025-01-23,Gula Pasir,1,"17,450"
2025-01-24,Gula Pasir,1,"17,450"
2025-01-27,Gula Pasir,1,"17,450"
2025-01-28,Gula Pasir,1,"17,450"
2025-01-29,Gula Pasir,1,"17,450"
2025-01-30,Gula Pasir,1,"17,500"
2025-01-31,Gula Pasir,1,"17,500"
2025-01-01,Gula Pasir Kualitas Premium,2,"17,850"
2025-01-02,Gula Pasir Kualitas Premium,2,"17,850"
2025-01-03,Gula Pasir Kualitas Premium,2,"17,850"
2025-01-06,Gula Pasir Kualitas Premium,2,"17,800"
2025-01-07,Gula Pasir Kualitas Premium,2,"17,800"
2025-01-08,Gula Pasir Kualitas Premium,2,"17,800"
2025-01-09,Gula Pasir Kualitas Premium,2,"17,900"
2025-01-10,Gula Pasir Kualitas Premium,2,"17,850"
2025-01-13,Gula Pasir Kualitas Premium,2,"17,850"
2025-01-14,Gula Pasir Kualitas Premium,2,"17,850"
2025-01-15,Gula Pasir Kualitas Premium,2,"17,850"
2025-01-16,Gula Pasir Kualitas Premium,2,"17,900"
2025-01-17,Gula Pasir Kualitas Premium,2,"17,900"
2025-01-20,Gula Pasir Kualitas Premium,2,"17,900"
2025-01-21,Gula Pasir Kualitas Premium,2,"17,900"
2025-01-22,Gula Pasir Kualitas Premium,2,"17,900"
2025-01-23,Gula Pasir Kualitas Premium,2,"17,950"
2025-01-24,Gula Pasir Kualitas Premium,2,"17,950"
2025-01-27,Gula Pasir Kualitas Premium,2,"17,950"
2025-01-28,Gula Pasir Kualitas Premium,2,"17,950"
2025-01-29,Gula Pasir Kualitas Premium,2,"17,950"
2025-01-30,Gula Pasir Kualitas Premium,2,"17,950"
2025-01-31,Gula Pasir Kualitas Premium,2,"17,950"
2025-01-01,Gula Pasir Lokal,2,"16,650"
2025-01-02,Gula Pasir Lokal,2,"16,650"
2025-01-03,Gula Pasir Lokal,2,"16,650"
2025-01-06,Gula Pasir Lokal,2,"16,650"
2025-01-07,Gula Pasir Lokal,2,"16,650"
2025-01-08,Gula Pasir Lokal,2,"16,650"
2025-01-09,Gula Pasir Lokal,2,"16,850"
2025-01-10,Gula Pasir Lokal,2,"16,850"
2025-01-13,Gula Pasir Lokal,2,"16,850"
2025-01-14,Gula Pasir Lokal,2,"16,850"
2025-01-15,Gula Pasir Lokal,2,"16,850"
2025-01-16,Gula Pasir Lokal,2,"17,000"
2025-01-17,Gula Pasir Lokal,2,"17,000"
2025-01-20,Gula Pasir Lokal,2,"17,000"
2025-01-21,Gula Pasir Lokal,2,"17,000"
2025-01-22,Gula Pasir Lokal,2,"17,000"
2025-01-23,Gula Pasir Lokal,2,"17,050"
2025-01-24,Gula Pasir Lokal,2,"17,050"
2025-01-27,Gula Pasir Lokal,2,"17,050"
2025-01-28,Gula Pasir Lokal,2,"17,050"
2025-01-29,Gula Pasir Lokal,2,"17,050"
2025-01-30,Gula Pasir Lokal,2,"17,100"
2025-01-31,Gula Pasir Lokal,2,"17,100"
2025-02-03,Beras,1,"14,250"
2025-02-04,Beras,1,"14,250"
2025-02-05,Beras,1,"14,250"
2025-02-06,Beras,1,"14,300"
2025-02-07,Beras,1,"14,250"
2025-02-10,Beras,1,"14,250"
2025-02-11,Beras,1,"14,250"
2025-02-12,Beras,1,"14,250"
2025-02-13,Beras,1,"14,300"
2025-02-14,Beras,1,"14,300"
2025-02-17,Beras,1,"14,300"
2025-02-18,Beras,1,"14,300"
2025-02-19,Beras,1,"14,300"
2025-02-20,Beras,1,"14,300"
2025-02-21,Beras,1,"14,300"
2025-02-24,Beras,1,"14,300"
2025-02-25,Beras,1,"14,300"
2025-02-26,Beras,1,"14,300"
2025-02-27,Beras,1,"14,300"
2025-02-28,Beras,1,"14,350"
2025-02-03,Beras Kualitas Bawah I,2,"13,200"
2025-02-04,Beras Kualitas Bawah I,2,"13,200"
2025-02-05,Beras Kualitas Bawah I,2,"13,200"
2025-02-06,Beras Kualitas Bawah I,2,"13,200"
2025-02-07,Beras Kualitas Bawah I,2,"13,150"
2025-02-10,Beras Kualitas Bawah I,2,"13,150"
2025-02-11,Beras Kualitas Bawah I,2,"13,150"
2025-02-12,Beras Kualitas Bawah I,2,"13,150"
2025-02-13,Beras Kualitas Bawah I,2,"13,150"
2025-02-14,Beras Kualitas Bawah I,2,"13,150"
2025-02-17,Beras Kualitas Bawah I,2,"13,150"
2025-02-18,Beras Kualitas Bawah I,2,"13,150"
2025-02-19,Beras Kualitas Bawah I,2,"13,150"
2025-02-20,Beras Kualitas Bawah I,2,"13,150"
2025-02-21,Beras Kualitas Bawah I,2,"13,150"
2025-02-24,Beras Kualitas Bawah I,2,"13,150"
2025-02-25,Beras Kualitas Bawah I,2,"13,150"
2025-02-26,Beras Kualitas Bawah I,2,"13,150"
2025-02-27,Beras Kualitas Bawah I,2,"13,200"
2025-02-28,Beras Kualitas Bawah I,2,"13,200"
2025-02-03,Beras Kualitas Bawah II,2,"12,900"
2025-02-04,Beras Kualitas Bawah II,2,"12,900"
2025-02-05,Beras Kualitas Bawah II,2,"12,900"
2025-02-06,Beras Kualitas Bawah II,2,"12,950"
2025-02-07,Beras Kualitas Bawah II,2,"13,000"
2025-02-10,Beras Kualitas Bawah II,2,"13,000"
2025-02-11,Beras Kualitas Bawah II,2,"13,000"
2025-02-12,Beras Kualitas Bawah II,2,"13,000"
2025-02-13,Beras Kualitas Bawah II,2,"12,900"
2025-02-14,Beras Kualitas Bawah II,2,"12,900"
2025-02-17,Beras Kualitas Bawah II,2,"12,900"
2025-02-18,Beras Kualitas Bawah II,2,"12,900"
2025-02-19,Beras Kualitas Bawah II,2,"12,900"
2025-02-20,Beras Kualitas Bawah II,2,"12,900"
2025-02-21,Beras Kualitas Bawah II,2,"12,900"
2025-02-24,Beras Kualitas Bawah II,2,"12,900"
2025-02-25,Beras Kualitas Bawah II,2,"12,900"
2025-02-26,Beras Kualitas Bawah II,2,"12,900"
2025-02-27,Beras Kualitas Bawah II,2,"12,900"
2025-02-28,Beras Kualitas Bawah II,2,"13,000"
2025-02-03,Beras Kualitas Medium I,2,"14,350"
2025-02-04,Beras Kualitas Medium I,2,"14,350"
2025-02-05,Beras Kualitas Medium I,2,"14,350"
2025-02-06,Beras Kualitas Medium I,2,"14,350"
2025-02-07,Beras Kualitas Medium I,2,"14,350"
2025-02-10,Beras Kualitas Medium I,2,"14,350"
2025-02-11,Beras Kualitas Medium I,2,"14,350"
2025-02-12,Beras Kualitas Medium I,2,"14,350"
2025-02-13,Beras Kualitas Medium I,2,"14,400"
2025-02-14,Beras Kualitas Medium I,2,"14,400"
2025-02-17,Beras Kualitas Medium I,2,"14,400"
2025-02-18,Beras Kualitas Medium I,2,"14,400"
2025-02-19,Beras Kualitas Medium I,2,"14,400"
2025-02-20,Beras Kualitas Medium I,2,"14,400"
2025-02-21,Beras Kualitas Medium I,2,"14,400"
2025-02-24,Beras Kualitas Medium I,2,"14,400"
2025-02-25,Beras Kualitas Medium I,2,"14,400"
2025-02-26,Beras Kualitas Medium I,2,"14,400"
2025-02-27,Beras Kualitas Medium I,2,"14,400"
2025-02-28,Beras Kualitas Medium I,2,"14,400"
2025-02-03,Beras Kualitas Medium II,2,"14,250"
2025-02-04,Beras Kualitas Medium II,2,"14,250"
2025-02-05,Beras Kualitas Medium II,2,"14,250"
2025-02-06,Beras Kualitas Medium II,2,"14,250"
2025-02-07,Beras Kualitas Medium II,2,"14,250"
2025-02-10,Beras Kualitas Medium II,2,"14,250"
2025-02-11,Beras Kualitas Medium II,2,"14,250"
2025-02-12,Beras Kualitas Medium II,2,"14,250"
2025-02-13,Beras Kualitas Medium II,2,"14,250"
2025-02-14,Beras Kualitas Medium II,2,"14,250"
2025-02-17,Beras Kualitas Medium II,2,"14,250"
2025-02-18,Beras Kualitas Medium II,2,"14,250"
2025-02-19,Beras Kualitas Medium II,2,"14,250"
2025-02-20,Beras Kualitas Medium II,2,"14,300"
2025-02-21,Beras Kualitas Medium II,2,"14,300"
2025-02-24,Beras Kualitas Medium II,2,"14,300"
2025-02-25,Beras Kualitas Medium II,2,"14,300"
2025-02-26,Beras Kualitas Medium II,2,"14,300"
2025-02-27,Beras Kualitas Medium II,2,"14,300"
2025-02-28,Beras Kualitas Medium II,2,"14,300"
2025-02-03,Beras Kualitas Super I,2,"15,650"
2025-02-04,Beras Kualitas Super I,2,"15,650"
2025-02-05,Beras Kualitas Super I,2,"15,650"
2025-02-06,Beras Kualitas Super I,2,"15,650"
2025-02-07,Beras Kualitas Super I,2,"15,600"
2025-02-10,Beras Kualitas Super I,2,"15,600"
2025-02-11,Beras Kualitas Super I,2,"15,600"
2025-02-12,Beras Kualitas Super I,2,"15,600"
2025-02-13,Beras Kualitas Super I,2,"15,650"
2025-02-14,Beras Kualitas Super I,2,"15,650"
2025-02-17,Beras Kualitas Super I,2,"15,650"
2025-02-18,Beras Kualitas Super I,2,"15,650"
2025-02-19,Beras Kualitas Super I,2,"15,650"
2025-02-20,Beras Kualitas Super I,2,"15,650"
2025-02-21,Beras Kualitas Super I,2,"15,650"
2025-02-24,Beras Kualitas Super I,2,"15,650"
2025-02-25,Beras Kualitas Super I,2,"15,650"
2025-02-26,Beras Kualitas Super I,2,"15,650"
2025-02-27,Beras Kualitas Super I,2,"15,700"
2025-02-28,Beras Kualitas Super I,2,"15,700"
2025-02-03,Beras Kualitas Super II,2,"15,200"
2025-02-04,Beras Kualitas Super II,2,"15,200"
2025-02-05,Beras Kualitas Super II,2,"15,200"
2025-02-06,Beras Kualitas Super II,2,"15,250"
2025-02-07,Beras Kualitas Super II,2,"15,200"
2025-02-10,Beras Kualitas Super II,2,"15,200"
2025-02-11,Beras Kualitas Super II,2,"15,200"
2025-02-12,Beras Kualitas Super II,2,"15,200"
2025-02-13,Beras Kualitas Super II,2,"15,350"
2025-02-14,Beras Kualitas Super II,2,"15,350"
2025-02-17,Beras Kualitas Super II,2,"15,350"
2025-02-18,Beras Kualitas Super II,2,"15,350"
2025-02-19,Beras Kualitas Super II,2,"15,350"
2025-02-20,Beras Kualitas Super II,2,"15,350"
2025-02-21,Beras Kualitas Super II,2,"15,350"
2025-02-24,Beras Kualitas Super II,2,"15,350"
2025-02-25,Beras Kualitas Super II,2,"15,350"
2025-02-26,Beras Kualitas Super II,2,"15,350"
2025-02-27,Beras Kualitas Super II,2,"15,350"
2025-02-28,Beras Kualitas Super II,2,"15,350"
2025-02-03,Daging Ayam,1,"31,650"
2025-02-04,Daging Ayam,1,"31,650"
2025-02-05,Daging Ayam,1,"31,550"
2025-02-06,Daging Ayam,1,"30,400"
2025-02-07,Daging Ayam,1,"30,650"
2025-02-10,Daging Ayam,1,"30,650"
2025-02-11,Daging Ayam,1,"30,650"
2025-02-12,Daging Ayam,1,"30,600"
2025-02-13,Daging Ayam,1,"29,750"
2025-02-14,Daging Ayam,1,"29,700"
2025-02-17,Daging Ayam,1,"29,700"
2025-02-18,Daging Ayam,1,"29,700"
2025-02-19,Daging Ayam,1,"29,700"
2025-02-20,Daging Ayam,1,"30,250"
2025-02-21,Daging Ayam,1,"30,300"
2025-02-24,Daging Ayam,1,"30,300"
2025-02-25,Daging Ayam,1,"30,300"
2025-02-26,Daging Ayam,1,"30,300"
2025-02-27,Daging Ayam,1,"31,300"
2025-02-28,Daging Ayam,1,"31,300"
2025-02-03,Daging Ayam Ras Segar,2,"31,650"
2025-02-04,Daging Ayam Ras Segar,2,"31,650"
2025-02-05,Daging Ayam Ras Segar,2,"31,550"
2025-02-06,Daging Ayam Ras Segar,2,"30,300"
2025-02-07,Daging Ayam Ras Segar,2,"30,650"
2025-02-10,Daging Ayam Ras Segar,2,"30,650"
2025-02-11,Daging Ayam Ras Segar,2,"30,650"
2025-02-12,Daging Ayam Ras Segar,2,"30,600"
2025-02-13,Daging Ayam Ras Segar,2,"29,750"
2025-02-14,Daging Ayam Ras Segar,2,"29,700"
2025-02-17,Daging Ayam Ras Segar,2,"29,700"
2025-02-18,Daging Ayam Ras Segar,2,"29,700"
2025-02-19,Daging Ayam Ras Segar,2,"29,700"
2025-02-20,Daging Ayam Ras Segar,2,"30,300"
2025-02-21,Daging Ayam Ras Segar,2,"30,300"
2025-02-24,Daging Ayam Ras Segar,2,"30,300"
2025-02-25,Daging Ayam Ras Segar,2,"30,300"
2025-02-26,Daging Ayam Ras Segar,2,"30,300"
2025-02-27,Daging Ayam Ras Segar,2,"31,300"
2025-02-28,Daging Ayam Ras Segar,2,"31,300"
2025-02-03,Daging Sapi,1,"126,950"
2025-02-04,Daging Sapi,1,"126,950"
2025-02-05,Daging Sapi,1,"126,950"
2025-02-06,Daging Sapi,1,"126,850"
2025-02-07,Daging Sapi,1,"126,600"
2025-02-10,Daging Sapi,1,"126,600"
2025-02-11,Daging Sapi,1,"126,600"
2025-02-12,Daging Sapi,1,"126,600"
2025-02-13,Daging Sapi,1,"126,650"
2025-02-14,Daging Sapi,1,"126,100"
2025-02-17,Daging Sapi,1,"126,100"
2025-02-18,Daging Sapi,1,"126,100"
2025-02-19,Daging Sapi,1,"126,100"
2025-02-20,Daging Sapi,1,"126,700"
2025-02-21,Daging Sapi,1,"126,700"
2025-02-24,Daging Sapi,1,"126,700"
2025-02-25,Daging Sapi,1,"126,700"
2025-02-26,Daging Sapi,1,"126,700"
2025-02-27,Daging Sapi,1,"127,800"
2025-02-28,Daging Sapi,1,"127,800"
2025-02-03,Daging Sapi Kualitas 1,2,"129,550"
2025-02-04,Daging Sapi Kualitas 1,2,"129,550"
2025-02-05,Daging Sapi Kualitas 1,2,"129,550"
2025-02-06,Daging Sapi Kualitas 1,2,"129,400"
2025-02-07,Daging Sapi Kualitas 1,2,"129,500"
2025-02-10,Daging Sapi Kualitas 1,2,"129,500"
2025-02-11,Daging Sapi Kualitas 1,2,"129,500"
2025-02-12,Daging Sapi Kualitas 1,2,"129,500"
2025-02-13,Daging Sapi Kualitas 1,2,"129,150"
2025-02-14,Daging Sapi Kualitas 1,2,"128,750"
2025-02-17,Daging Sapi Kualitas 1,2,"128,750"
2025-02-18,Daging Sapi Kualitas 1,2,"128,750"
2025-02-19,Daging Sapi Kualitas 1,2,"128,750"
2025-02-20,Daging Sapi Kualitas 1,2,"129,400"
2025-02-21,Daging Sapi Kualitas 1,2,"129,400"
2025-02-24,Daging Sapi Kualitas 1,2,"129,400"
2025-02-25,Daging Sapi Kualitas 1,2,"129,400"
2025-02-26,Daging Sapi Kualitas 1,2,"129,400"
2025-02-27,Daging Sapi Kualitas 1,2,"130,650"
2025-02-28,Daging Sapi Kualitas 1,2,"130,650"
2025-02-03,Daging Sapi Kualitas 2,2,"125,200"
2025-02-04,Daging Sapi Kualitas 2,2,"125,200"
2025-02-05,Daging Sapi Kualitas 2,2,"125,200"
2025-02-06,Daging Sapi Kualitas 2,2,"124,700"
2025-02-07,Daging Sapi Kualitas 2,2,"124,400"
2025-02-10,Daging Sapi Kualitas 2,2,"124,400"
2025-02-11,Daging Sapi Kualitas 2,2,"124,400"
2025-02-12,Daging Sapi Kualitas 2,2,"124,400"
2025-02-13,Daging Sapi Kualitas 2,2,"124,550"
2025-02-14,Daging Sapi Kualitas 2,2,"124,100"
2025-02-17,Daging Sapi Kualitas 2,2,"124,100"
2025-02-18,Daging Sapi Kualitas 2,2,"124,100"
2025-02-19,Daging Sapi Kualitas 2,2,"124,100"
2025-02-20,Daging Sapi Kualitas 2,2,"124,750"
2025-02-21,Daging Sapi Kualitas 2,2,"124,750"
2025-02-24,Daging Sapi Kualitas 2,2,"124,750"
2025-02-25,Daging Sapi Kualitas 2,2,"124,750"
2025-02-26,Daging Sapi Kualitas 2,2,"124,750"
2025-02-27,Daging Sapi Kualitas 2,2,"125,450"
2025-02-28,Daging Sapi Kualitas 2,2,"125,450"
2025-02-03,Telur Ayam,1,"27,400"
2025-02-04,Telur Ayam,1,"27,400"
2025-02-05,Telur Ayam,1,"27,350"
2025-02-06,Telur Ayam,1,"27,300"
2025-02-07,Telur Ayam,1,"27,150"
2025-02-10,Telur Ayam,1,"27,150"
2025-02-11,Telur Ayam,1,"27,150"
2025-02-12,Telur Ayam,1,"27,150"
2025-02-13,Telur Ayam,1,"27,300"
2025-02-14,Telur Ayam,1,"27,250"
2025-02-17,Telur Ayam,1,"27,250"
2025-02-18,Telur Ayam,1,"27,250"
2025-02-19,Telur Ayam,1,"27,300"
2025-02-20,Telur Ayam,1,"27,500"
2025-02-21,Telur Ayam,1,"27,500"
2025-02-24,Telur Ayam,1,"27,500"
2025-02-25,Telur Ayam,1,"27,500"
2025-02-26,Telur Ayam,1,"27,550"
2025-02-27,Telur Ayam,1,"27,950"
2025-02-28,Telur Ayam,1,"28,000"
2025-02-03,Telur Ayam Ras Segar,2,"27,400"
2025-02-04,Telur Ayam Ras Segar,2,"27,400"
2025-02-05,Telur Ayam Ras Segar,2,"27,350"
2025-02-06,Telur Ayam Ras Segar,2,"27,250"
2025-02-07,Telur Ayam Ras Segar,2,"27,150"
2025-02-10,Telur Ayam Ras Segar,2,"27,150"
2025-02-11,Telur Ayam Ras Segar,2,"27,150"
2025-02-12,Telur Ayam Ras Segar,2,"27,150"
2025-02-13,Telur Ayam Ras Segar,2,"27,250"
2025-02-14,Telur Ayam Ras Segar,2,"27,250"
2025-02-17,Telur Ayam Ras Segar,2,"27,250"
2025-02-18,Telur Ayam Ras Segar,2,"27,250"
2025-02-19,Telur Ayam Ras Segar,2,"27,300"
2025-02-20,Telur Ayam Ras Segar,2,"27,500"
2025-02-21,Telur Ayam Ras Segar,2,"27,500"
2025-02-24,Telur Ayam Ras Segar,2,"27,500"
2025-02-25,Telur Ayam Ras Segar,2,"27,500"
2025-02-26,Telur Ayam Ras Segar,2,"27,550"
2025-02-27,Telur Ayam Ras Segar,2,"28,000"
2025-02-28,Telur Ayam Ras Segar,2,"28,000"
2025-02-03,Bawang Merah,1,"30,950"
2025-02-04,Bawang Merah,1,"30,950"
2025-02-05,Bawang Merah,1,"30,950"
2025-02-06,Bawang Merah,1,"29,650"
2025-02-07,Bawang Merah,1,"29,500"
2025-02-10,Bawang Merah,1,"29,500"
2025-02-11,Bawang Merah,1,"29,500"
2025-02-12,Bawang Merah,1,"29,500"
2025-02-13,Bawang Merah,1,"28,750"
2025-02-14,Bawang Merah,1,"28,700"
2025-02-17,Bawang Merah,1,"28,700"
2025-02-18,Bawang Merah,1,"28,700"
2025-02-19,Bawang Merah,1,"28,650"
2025-02-20,Bawang Merah,1,"28,750"
2025-02-21,Bawang Merah,1,"28,750"
2025-02-24,Bawang Merah,1,"28,750"
2025-02-25,Bawang Merah,1,"28,750"
2025-02-26,Bawang Merah,1,"28,900"
2025-02-27,Bawang Merah,1,"31,150"
2025-02-28,Bawang Merah,1,"31,200"
2025-02-03,Bawang Merah Ukuran Sedang,2,"30,950"
2025-02-04,Bawang Merah Ukuran Sedang,2,"30,950"
2025-02-05,Bawang Merah Ukuran Sedang,2,"30,950"
2025-02-06,Bawang Merah Ukuran Sedang,2,"29,500"
2025-02-07,Bawang Merah Ukuran Sedang,2,"29,500"
2025-02-10,Bawang Merah Ukuran Sedang,2,"29,500"
2025-02-11,Bawang Merah Ukuran Sedang,2,"29,500"
2025-02-12,Bawang Merah Ukuran Sedang,2,"29,350"
2025-02-13,Bawang Merah Ukuran Sedang,2,"28,700"
2025-02-14,Bawang Merah Ukuran Sedang,2,"28,700"
2025-02-17,Bawang Merah Ukuran Sedang,2,"28,700"
2025-02-18,Bawang Merah Ukuran Sedang,2,"28,700"
2025-02-19,Bawang Merah Ukuran Sedang,2,"28,650"
2025-02-20,Bawang Merah Ukuran Sedang,2,"28,750"
2025-02-21,Bawang Merah Ukuran Sedang,2,"28,750"
2025-02-24,Bawang Merah Ukuran Sedang,2,"28,750"
2025-02-25,Bawang Merah Ukuran Sedang,2,"28,750"
2025-02-26,Bawang Merah Ukuran Sedang,2,"28,900"
2025-02-27,Bawang Merah Ukuran Sedang,2,"31,200"
2025-02-28,Bawang Merah Ukuran Sedang,2,"31,200"
2025-02-03,Bawang Putih,1,"37,400"
2025-02-04,Bawang Putih,1,"37,400"
2025-02-05,Bawang Putih,1,"37,450"
2025-02-06,Bawang Putih,1,"37,750"
2025-02-07,Bawang Putih,1,"37,750"
2025-02-10,Bawang Putih,1,"37,750"
2025-02-11,Bawang Putih,1,"37,750"
2025-02-12,Bawang Putih,1,"37,800"
2025-02-13,Bawang Putih,1,"37,850"
2025-02-14,Bawang Putih,1,"37,850"
2025-02-17,Bawang Putih,1,"37,850"
2025-02-18,Bawang Putih,1,"37,850"
2025-02-19,Bawang Putih,1,"37,850"
2025-02-20,Bawang Putih,1,"37,950"
2025-02-21,Bawang Putih,1,"37,950"
2025-02-24,Bawang Putih,1,"37,950"
2025-02-25,Bawang Putih,1,"37,950"
2025-02-26,Bawang Putih,1,"38,000"
2025-02-27,Bawang Putih,1,"38,550"
2025-02-28,Bawang Putih,1,"38,500"
2025-02-03,Bawang Putih Ukuran Sedang,2,"37,400"
2025-02-04,Bawang Putih Ukuran Sedang,2,"37,400"
2025-02-05,Bawang Putih Ukuran Sedang,2,"37,450"
2025-02-06,Bawang Putih Ukuran Sedang,2,"37,750"
2025-02-07,Bawang Putih Ukuran Sedang,2,"37,750"
2025-02-10,Bawang Putih Ukuran Sedang,2,"37,750"
2025-02-11,Bawang Putih Ukuran Sedang,2,"37,750"
2025-02-12,Bawang Putih Ukuran Sedang,2,"37,700"
2025-02-13,Bawang Putih Ukuran Sedang,2,"37,850"
2025-02-14,Bawang Putih Ukuran Sedang,2,"37,850"
2025-02-17,Bawang Putih Ukuran Sedang,2,"37,850"
2025-02-18,Bawang Putih Ukuran Sedang,2,"37,850"
2025-02-19,Bawang Putih Ukuran Sedang,2,"37,850"
2025-02-20,Bawang Putih Ukuran Sedang,2,"37,950"
2025-02-21,Bawang Putih Ukuran Sedang,2,"37,950"
2025-02-24,Bawang Putih Ukuran Sedang,2,"37,950"
2025-02-25,Bawang Putih Ukuran Sedang,2,"37,950"
2025-02-26,Bawang Putih Ukuran Sedang,2,"38,000"
2025-02-27,Bawang Putih Ukuran Sedang,2,"38,500"
2025-02-28,Bawang Putih Ukuran Sedang,2,"38,500"
2025-02-03,Cabai Merah,1,"48,300"
2025-02-04,Cabai Merah,1,"48,300"
2025-02-05,Cabai Merah,1,"48,250"
2025-02-06,Cabai Merah,1,"48,650"
2025-02-07,Cabai Merah,1,"48,550"
2025-02-10,Cabai Merah,1,"48,550"
2025-02-11,Cabai Merah,1,"48,550"
2025-02-12,Cabai Merah,1,"48,450"
2025-02-13,Cabai Merah,1,"42,050"
2025-02-14,Cabai Merah,1,"42,500"
2025-02-17,Cabai Merah,1,"42,500"
2025-02-18,Cabai Merah,1,"42,500"
2025-02-19,Cabai Merah,1,"42,000"
2025-02-20,Cabai Merah,1,"42,300"
2025-02-21,Cabai Merah,1,"42,300"
2025-02-24,Cabai Merah,1,"42,300"
2025-02-25,Cabai Merah,1,"42,300"
2025-02-26,Cabai Merah,1,"42,700"
2025-02-27,Cabai Merah,1,"46,150"
2025-02-28,Cabai Merah,1,"46,500"
2025-02-03,Cabai Merah Besar,2,"47,700"
2025-02-04,Cabai Merah Besar,2,"47,700"
2025-02-05,Cabai Merah Besar,2,"47,600"
2025-02-06,Cabai Merah Besar,2,"49,000"
2025-02-07,Cabai Merah Besar,2,"49,200"
2025-02-10,Cabai Merah Besar,2,"49,200"
2025-02-11,Cabai Merah Besar,2,"49,200"
2025-02-12,Cabai Merah Besar,2,"49,450"
2025-02-13,Cabai Merah Besar,2,"42,600"
2025-02-14,Cabai Merah Besar,2,"42,600"
2025-02-17,Cabai Merah Besar,2,"42,600"
2025-02-18,Cabai Merah Besar,2,"42,600"
2025-02-19,Cabai Merah Besar,2,"41,650"
2025-02-20,Cabai Merah Besar,2,"41,850"
2025-02-21,Cabai Merah Besar,2,"41,850"
2025-02-24,Cabai Merah Besar,2,"41,850"
2025-02-25,Cabai Merah Besar,2,"41,850"
2025-02-26,Cabai Merah Besar,2,"42,450"
2025-02-27,Cabai Merah Besar,2,"46,350"
2025-02-28,Cabai Merah Besar,2,"46,350"
2025-02-03,Cabai Merah Keriting ,2,"48,400"
2025-02-04,Cabai Merah Keriting ,2,"48,400"
2025-02-05,Cabai Merah Keriting ,2,"48,300"
2025-02-06,Cabai Merah Keriting ,2,"47,650"
2025-02-07,Cabai Merah Keriting ,2,"47,700"
2025-02-10,Cabai Merah Keriting ,2,"47,700"
2025-02-11,Cabai Merah Keriting ,2,"47,700"
2025-02-12,Cabai Merah Keriting ,2,"47,050"
2025-02-13,Cabai Merah Keriting ,2,"41,550"
2025-02-14,Cabai Merah Keriting ,2,"41,550"
2025-02-17,Cabai Merah Keriting ,2,"41,550"
2025-02-18,Cabai Merah Keriting ,2,"41,550"
2025-02-19,Cabai Merah Keriting ,2,"41,300"
2025-02-20,Cabai Merah Keriting ,2,"42,500"
2025-02-21,Cabai Merah Keriting ,2,"42,500"
2025-02-24,Cabai Merah Keriting ,2,"42,500"
2025-02-25,Cabai Merah Keriting ,2,"42,500"
2025-02-26,Cabai Merah Keriting ,2,"42,800"
2025-02-27,Cabai Merah Keriting ,2,"45,850"
2025-02-28,Cabai Merah Keriting ,2,"45,850"
2025-02-03,Cabai Rawit,1,"58,800"
2025-02-04,Cabai Rawit,1,"58,800"
2025-02-05,Cabai Rawit,1,"58,700"
2025-02-06,Cabai Rawit,1,"58,600"
2025-02-07,Cabai Rawit,1,"59,000"
2025-02-10,Cabai Rawit,1,"59,000"
2025-02-11,Cabai Rawit,1,"59,000"
2025-02-12,Cabai Rawit,1,"58,850"
2025-02-13,Cabai Rawit,1,"58,800"
2025-02-14,Cabai Rawit,1,"58,900"
2025-02-17,Cabai Rawit,1,"58,900"
2025-02-18,Cabai Rawit,1,"58,900"
2025-02-19,Cabai Rawit,1,"58,900"
2025-02-20,Cabai Rawit,1,"57,950"
2025-02-21,Cabai Rawit,1,"57,900"
2025-02-24,Cabai Rawit,1,"57,900"
2025-02-25,Cabai Rawit,1,"57,900"
2025-02-26,Cabai Rawit,1,"58,050"
2025-02-27,Cabai Rawit,1,"64,200"
2025-02-28,Cabai Rawit,1,"64,200"
2025-02-03,Cabai Rawit Hijau,2,"58,000"
2025-02-04,Cabai Rawit Hijau,2,"58,000"
2025-02-05,Cabai Rawit Hijau,2,"58,000"
2025-02-06,Cabai Rawit Hijau,2,"58,550"
2025-02-07,Cabai Rawit Hijau,2,"58,900"
2025-02-10,Cabai Rawit Hijau,2,"58,900"
2025-02-11,Cabai Rawit Hijau,2,"58,900"
2025-02-12,Cabai Rawit Hijau,2,"59,200"
2025-02-13,Cabai Rawit Hijau,2,"58,750"
2025-02-14,Cabai Rawit Hijau,2,"58,750"
2025-02-17,Cabai Rawit Hijau,2,"58,750"
2025-02-18,Cabai Rawit Hijau,2,"58,750"
2025-02-19,Cabai Rawit Hijau,2,"58,550"
2025-02-20,Cabai Rawit Hijau,2,"54,350"
2025-02-21,Cabai Rawit Hijau,2,"54,350"
2025-02-24,Cabai Rawit Hijau,2,"54,350"
2025-02-25,Cabai Rawit Hijau,2,"54,350"
2025-02-26,Cabai Rawit Hijau,2,"54,350"
2025-02-27,Cabai Rawit Hijau,2,"54,250"
2025-02-28,Cabai Rawit Hijau,2,"54,000"
2025-02-03,Cabai Rawit Merah,2,"59,550"
2025-02-04,Cabai Rawit Merah,2,"59,550"
2025-02-05,Cabai Rawit Merah,2,"59,400"
2025-02-06,Cabai Rawit Merah,2,"57,950"
2025-02-07,Cabai Rawit Merah,2,"58,350"
2025-02-10,Cabai Rawit Merah,2,"58,350"
2025-02-11,Cabai Rawit Merah,2,"58,350"
2025-02-12,Cabai Rawit Merah,2,"58,200"
2025-02-13,Cabai Rawit Merah,2,"58,450"
2025-02-14,Cabai Rawit Merah,2,"58,450"
2025-02-17,Cabai Rawit Merah,2,"58,450"
2025-02-18,Cabai Rawit Merah,2,"58,450"
2025-02-19,Cabai Rawit Merah,2,"58,600"
2025-02-20,Cabai Rawit Merah,2,"60,900"
2025-02-21,Cabai Rawit Merah,2,"60,900"
2025-02-24,Cabai Rawit Merah,2,"60,900"
2025-02-25,Cabai Rawit Merah,2,"60,900"
2025-02-26,Cabai Rawit Merah,2,"61,200"
2025-02-27,Cabai Rawit Merah,2,"75,400"
2025-02-28,Cabai Rawit Merah,2,"75,400"
2025-02-03,Minyak Goreng,1,"19,100"
2025-02-04,Minyak Goreng,1,"19,100"
2025-02-05,Minyak Goreng,1,"19,100"
2025-02-06,Minyak Goreng,1,"19,150"
2025-02-07,Minyak Goreng,1,"19,200"
2025-02-10,Minyak Goreng,1,"19,200"
2025-02-11,Minyak Goreng,1,"19,200"
2025-02-12,Minyak Goreng,1,"19,200"
2025-02-13,Minyak Goreng,1,"19,200"
2025-02-14,Minyak Goreng,1,"19,200"
2025-02-17,Minyak Goreng,1,"19,200"
2025-02-18,Minyak Goreng,1,"19,200"
2025-02-19,Minyak Goreng,1,"19,200"
2025-02-20,Minyak Goreng,1,"19,200"
2025-02-21,Minyak Goreng,1,"19,250"
2025-02-24,Minyak Goreng,1,"19,250"
2025-02-25,Minyak Goreng,1,"19,250"
2025-02-26,Minyak Goreng,1,"19,250"
2025-02-27,Minyak Goreng,1,"19,250"
2025-02-28,Minyak Goreng,1,"19,300"
2025-02-03,Minyak Goreng Curah,2,"17,500"
2025-02-04,Minyak Goreng Curah,2,"17,500"
2025-02-05,Minyak Goreng Curah,2,"17,500"
2025-02-06,Minyak Goreng Curah,2,"17,350"
2025-02-07,Minyak Goreng Curah,2,"17,400"
2025-02-10,Minyak Goreng Curah,2,"17,400"
2025-02-11,Minyak Goreng Curah,2,"17,400"
2025-02-12,Minyak Goreng Curah,2,"17,400"
2025-02-13,Minyak Goreng Curah,2,"17,350"
2025-02-14,Minyak Goreng Curah,2,"17,350"
2025-02-17,Minyak Goreng Curah,2,"17,350"
2025-02-18,Minyak Goreng Curah,2,"17,350"
2025-02-19,Minyak Goreng Curah,2,"17,350"
2025-02-20,Minyak Goreng Curah,2,"17,400"
2025-02-21,Minyak Goreng Curah,2,"17,400"
2025-02-24,Minyak Goreng Curah,2,"17,400"
2025-02-25,Minyak Goreng Curah,2,"17,400"
2025-02-26,Minyak Goreng Curah,2,"17,400"
2025-02-27,Minyak Goreng Curah,2,"17,500"
2025-02-28,Minyak Goreng Curah,2,"17,500"
2025-02-03,Minyak Goreng Kemasan Bermerk 1,2,"20,050"
2025-02-04,Minyak Goreng Kemasan Bermerk 1,2,"20,050"
2025-02-05,Minyak Goreng Kemasan Bermerk 1,2,"20,050"
2025-02-06,Minyak Goreng Kemasan Bermerk 1,2,"20,100"
2025-02-07,Minyak Goreng Kemasan Bermerk 1,2,"20,150"
2025-02-10,Minyak Goreng Kemasan Bermerk 1,2,"20,150"
2025-02-11,Minyak Goreng Kemasan Bermerk 1,2,"20,150"
2025-02-12,Minyak Goreng Kemasan Bermerk 1,2,"20,150"
2025-02-13,Minyak Goreng Kemasan Bermerk 1,2,"20,200"
2025-02-14,Minyak Goreng Kemasan Bermerk 1,2,"20,200"
2025-02-17,Minyak Goreng Kemasan Bermerk 1,2,"20,200"
2025-02-18,Minyak Goreng Kemasan Bermerk 1,2,"20,200"
2025-02-19,Minyak Goreng Kemasan Bermerk 1,2,"20,200"
2025-02-20,Minyak Goreng Kemasan Bermerk 1,2,"20,200"
2025-02-21,Minyak Goreng Kemasan Bermerk 1,2,"20,200"
2025-02-24,Minyak Goreng Kemasan Bermerk 1,2,"20,200"
2025-02-25,Minyak Goreng Kemasan Bermerk 1,2,"20,200"
2025-02-26,Minyak Goreng Kemasan Bermerk 1,2,"20,200"
2025-02-27,Minyak Goreng Kemasan Bermerk 1,2,"20,250"
2025-02-28,Minyak Goreng Kemasan Bermerk 1,2,"20,250"
2025-02-03,Minyak Goreng Kemasan Bermerk 2,2,"19,150"
2025-02-04,Minyak Goreng Kemasan Bermerk 2,2,"19,150"
2025-02-05,Minyak Goreng Kemasan Bermerk 2,2,"19,150"
2025-02-06,Minyak Goreng Kemasan Bermerk 2,2,"19,250"
2025-02-07,Minyak Goreng Kemasan Bermerk 2,2,"19,350"
2025-02-10,Minyak Goreng Kemasan Bermerk 2,2,"19,350"
2025-02-11,Minyak Goreng Kemasan Bermerk 2,2,"19,350"
2025-02-12,Minyak Goreng Kemasan Bermerk 2,2,"19,350"
2025-02-13,Minyak Goreng Kemasan Bermerk 2,2,"19,350"
2025-02-14,Minyak Goreng Kemasan Bermerk 2,2,"19,350"
2025-02-17,Minyak Goreng Kemasan Bermerk 2,2,"19,350"
2025-02-18,Minyak Goreng Kemasan Bermerk 2,2,"19,350"
2025-02-19,Minyak Goreng Kemasan Bermerk 2,2,"19,350"
2025-02-20,Minyak Goreng Kemasan Bermerk 2,2,"19,350"
2025-02-21,Minyak Goreng Kemasan Bermerk 2,2,"19,450"
2025-02-24,Minyak Goreng Kemasan Bermerk 2,2,"19,450"
2025-02-25,Minyak Goreng Kemasan Bermerk 2,2,"19,450"
2025-02-26,Minyak Goreng Kemasan Bermerk 2,2,"19,450"
2025-02-27,Minyak Goreng Kemasan Bermerk 2,2,"19,350"
2025-02-28,Minyak Goreng Kemasan Bermerk 2,2,"19,450"
2025-02-03,Gula Pasir,1,"17,500"
2025-02-04,Gula Pasir,1,"17,500"
2025-02-05,Gula Pasir,1,"17,500"
2025-02-06,Gula Pasir,1,"17,500"
2025-02-07,Gula Pasir,1,"17,500"
2025-02-10,Gula Pasir,1,"17,500"
2025-02-11,Gula Pasir,1,"17,500"
2025-02-12,Gula Pasir,1,"17,500"
2025-02-13,Gula Pasir,1,"17,550"
2025-02-14,Gula Pasir,1,"17,550"
2025-02-17,Gula Pasir,1,"17,550"
2025-02-18,Gula Pasir,1,"17,550"
2025-02-19,Gula Pasir,1,"17,550"
2025-02-20,Gula Pasir,1,"17,650"
2025-02-21,Gula Pasir,1,"17,650"
2025-02-24,Gula Pasir,1,"17,650"
2025-02-25,Gula Pasir,1,"17,650"
2025-02-26,Gula Pasir,1,"17,650"
2025-02-27,Gula Pasir,1,"17,750"
2025-02-28,Gula Pasir,1,"17,750"
2025-02-03,Gula Pasir Kualitas Premium,2,"17,950"
2025-02-04,Gula Pasir Kualitas Premium,2,"17,950"
2025-02-05,Gula Pasir Kualitas Premium,2,"17,950"
2025-02-06,Gula Pasir Kualitas Premium,2,"18,000"
2025-02-07,Gula Pasir Kualitas Premium,2,"17,950"
2025-02-10,Gula Pasir Kualitas Premium,2,"17,950"
2025-02-11,Gula Pasir Kualitas Premium,2,"17,950"
2025-02-12,Gula Pasir Kualitas Premium,2,"17,950"
2025-02-13,Gula Pasir Kualitas Premium,2,"18,050"
2025-02-14,Gula Pasir Kualitas Premium,2,"18,050"
2025-02-17,Gula Pasir Kualitas Premium,2,"18,050"
2025-02-18,Gula Pasir Kualitas Premium,2,"18,050"
2025-02-19,Gula Pasir Kualitas Premium,2,"18,050"
2025-02-20,Gula Pasir Kualitas Premium,2,"18,250"
2025-02-21,Gula Pasir Kualitas Premium,2,"18,250"
2025-02-24,Gula Pasir Kualitas Premium,2,"18,250"
2025-02-25,Gula Pasir Kualitas Premium,2,"18,250"
2025-02-26,Gula Pasir Kualitas Premium,2,"18,250"
2025-02-27,Gula Pasir Kualitas Premium,2,"18,300"
2025-02-28,Gula Pasir Kualitas Premium,2,"18,300"
2025-02-03,Gula Pasir Lokal,2,"17,100"
2025-02-04,Gula Pasir Lokal,2,"17,100"
2025-02-05,Gula Pasir Lokal,2,"17,100"
2025-02-06,Gula Pasir Lokal,2,"17,100"
2025-02-07,Gula Pasir Lokal,2,"17,100"
2025-02-10,Gula Pasir Lokal,2,"17,100"
2025-02-11,Gula Pasir Lokal,2,"17,100"
2025-02-12,Gula Pasir Lokal,2,"17,100"
2025-02-13,Gula Pasir Lokal,2,"17,150"
2025-02-14,Gula Pasir Lokal,2,"17,150"
2025-02-17,Gula Pasir Lokal,2,"17,150"
2025-02-18,Gula Pasir Lokal,2,"17,150"
2025-02-19,Gula Pasir Lokal,2,"17,150"
2025-02-20,Gula Pasir Lokal,2,"17,150"
2025-02-21,Gula Pasir Lokal,2,"17,150"
2025-02-24,Gula Pasir Lokal,2,"17,150"
2025-02-25,Gula Pasir Lokal,2,"17,150"
2025-02-26,Gula Pasir Lokal,2,"17,150"
2025-02-27,Gula Pasir Lokal,2,"17,300"
2025-02-28,Gula Pasir Lokal,2,"17,300"
2025-03-03,Beras,1,"14,350"
2025-03-04,Beras,1,"14,350"
2025-03-05,Beras,1,"14,350"
2025-03-06,Beras,1,"14,350"
2025-03-07,Beras,1,"14,350"
2025-03-10,Beras,1,"14,350"
2025-03-11,Beras,1,"14,350"
2025-03-12,Beras,1,"14,350"
2025-03-13,Beras,1,"14,400"
2025-03-14,Beras,1,"14,400"
2025-03-17,Beras,1,"14,400"
2025-03-18,Beras,1,"14,400"
2025-03-19,Beras,1,"14,400"
2025-03-20,Beras,1,"14,400"
2025-03-21,Beras,1,"14,400"
2025-03-24,Beras,1,"14,400"
2025-03-25,Beras,1,"14,400"
2025-03-26,Beras,1,"14,400"
2025-03-27,Beras,1,"14,400"
2025-03-28,Beras,1,"14,400"
2025-03-31,Beras,1,"14,400"
2025-03-03,Beras Kualitas Bawah I,2,"13,200"
2025-03-04,Beras Kualitas Bawah I,2,"13,200"
2025-03-05,Beras Kualitas Bawah I,2,"13,200"
2025-03-06,Beras Kualitas Bawah I,2,"13,250"
2025-03-07,Beras Kualitas Bawah I,2,"13,250"
2025-03-10,Beras Kualitas Bawah I,2,"13,250"
2025-03-11,Beras Kualitas Bawah I,2,"13,250"
2025-03-12,Beras Kualitas Bawah I,2,"13,250"
2025-03-13,Beras Kualitas Bawah I,2,"13,250"
2025-03-14,Beras Kualitas Bawah I,2,"13,250"
2025-03-17,Beras Kualitas Bawah I,2,"13,250"
2025-03-18,Beras Kualitas Bawah I,2,"13,250"
2025-03-19,Beras Kualitas Bawah I,2,"13,250"
2025-03-20,Beras Kualitas Bawah I,2,"13,250"
2025-03-21,Beras Kualitas Bawah I,2,"13,250"
2025-03-24,Beras Kualitas Bawah I,2,"13,250"
2025-03-25,Beras Kualitas Bawah I,2,"13,250"
2025-03-26,Beras Kualitas Bawah I,2,"13,250"
2025-03-27,Beras Kualitas Bawah I,2,"13,300"
2025-03-28,Beras Kualitas Bawah I,2,"13,250"
2025-03-31,Beras Kualitas Bawah I,2,"13,250"
2025-03-03,Beras Kualitas Bawah II,2,"13,000"
2025-03-04,Beras Kualitas Bawah II,2,"13,000"
2025-03-05,Beras Kualitas Bawah II,2,"13,000"
2025-03-06,Beras Kualitas Bawah II,2,"12,950"
2025-03-07,Beras Kualitas Bawah II,2,"12,950"
2025-03-10,Beras Kualitas Bawah II,2,"12,950"
2025-03-11,Beras Kualitas Bawah II,2,"12,950"
2025-03-12,Beras Kualitas Bawah II,2,"12,950"
2025-03-13,Beras Kualitas Bawah II,2,"13,050"
2025-03-14,Beras Kualitas Bawah II,2,"13,050"
2025-03-17,Beras Kualitas Bawah II,2,"13,050"
2025-03-18,Beras Kualitas Bawah II,2,"13,050"
2025-03-19,Beras Kualitas Bawah II,2,"13,050"
2025-03-20,Beras Kualitas Bawah II,2,"13,050"
2025-03-21,Beras Kualitas Bawah II,2,"13,050"
2025-03-24,Beras Kualitas Bawah II,2,"13,050"
2025-03-25,Beras Kualitas Bawah II,2,"13,050"
2025-03-26,Beras Kualitas Bawah II,2,"13,050"
2025-03-27,Beras Kualitas Bawah II,2,"13,000"
2025-03-28,Beras Kualitas Bawah II,2,"12,950"
2025-03-31,Beras Kualitas Bawah II,2,"12,950"
2025-03-03,Beras Kualitas Medium I,2,"14,400"
2025-03-04,Beras Kualitas Medium I,2,"14,400"
2025-03-05,Beras Kualitas Medium I,2,"14,400"
2025-03-06,Beras Kualitas Medium I,2,"14,450"
2025-03-07,Beras Kualitas Medium I,2,"14,450"
2025-03-10,Beras Kualitas Medium I,2,"14,450"
2025-03-11,Beras Kualitas Medium I,2,"14,450"
2025-03-12,Beras Kualitas Medium I,2,"14,450"
2025-03-13,Beras Kualitas Medium I,2,"14,450"
2025-03-14,Beras Kualitas Medium I,2,"14,450"
2025-03-17,Beras Kualitas Medium I,2,"14,450"
2025-03-18,Beras Kualitas Medium I,2,"14,450"
2025-03-19,Beras Kualitas Medium I,2,"14,450"
2025-03-20,Beras Kualitas Medium I,2,"14,450"
2025-03-21,Beras Kualitas Medium I,2,"14,450"
2025-03-24,Beras Kualitas Medium I,2,"14,450"
2025-03-25,Beras Kualitas Medium I,2,"14,450"
2025-03-26,Beras Kualitas Medium I,2,"14,450"
2025-03-27,Beras Kualitas Medium I,2,"14,500"
2025-03-28,Beras Kualitas Medium I,2,"14,450"
2025-03-31,Beras Kualitas Medium I,2,"14,450"
2025-03-03,Beras Kualitas Medium II,2,"14,300"
2025-03-04,Beras Kualitas Medium II,2,"14,300"
2025-03-05,Beras Kualitas Medium II,2,"14,300"
2025-03-06,Beras Kualitas Medium II,2,"14,350"
2025-03-07,Beras Kualitas Medium II,2,"14,350"
2025-03-10,Beras Kualitas Medium II,2,"14,350"
2025-03-11,Beras Kualitas Medium II,2,"14,350"
2025-03-12,Beras Kualitas Medium II,2,"14,350"
2025-03-13,Beras Kualitas Medium II,2,"14,350"
2025-03-14,Beras Kualitas Medium II,2,"14,350"
2025-03-17,Beras Kualitas Medium II,2,"14,350"
2025-03-18,Beras Kualitas Medium II,2,"14,350"
2025-03-19,Beras Kualitas Medium II,2,"14,350"
2025-03-20,Beras Kualitas Medium II,2,"14,350"
2025-03-21,Beras Kualitas Medium II,2,"14,350"
2025-03-24,Beras Kualitas Medium II,2,"14,350"
2025-03-25,Beras Kualitas Medium II,2,"14,350"
2025-03-26,Beras Kualitas Medium II,2,"14,350"
2025-03-27,Beras Kualitas Medium II,2,"14,350"
2025-03-28,Beras Kualitas Medium II,2,"14,300"
2025-03-31,Beras Kualitas Medium II,2,"14,300"
2025-03-03,Beras Kualitas Super I,2,"15,700"
2025-03-04,Beras Kualitas Super I,2,"15,700"
2025-03-05,Beras Kualitas Super I,2,"15,700"
2025-03-06,Beras Kualitas Super I,2,"15,700"
2025-03-07,Beras Kualitas Super I,2,"15,700"
2025-03-10,Beras Kualitas Super I,2,"15,700"
2025-03-11,Beras Kualitas Super I,2,"15,700"
2025-03-12,Beras Kualitas Super I,2,"15,700"
2025-03-13,Beras Kualitas Super I,2,"15,750"
2025-03-14,Beras Kualitas Super I,2,"15,750"
2025-03-17,Beras Kualitas Super I,2,"15,750"
2025-03-18,Beras Kualitas Super I,2,"15,750"
2025-03-19,Beras Kualitas Super I,2,"15,750"
2025-03-20,Beras Kualitas Super I,2,"15,750"
2025-03-21,Beras Kualitas Super I,2,"15,750"
2025-03-24,Beras Kualitas Super I,2,"15,750"
2025-03-25,Beras Kualitas Super I,2,"15,750"
2025-03-26,Beras Kualitas Super I,2,"15,750"
2025-03-27,Beras Kualitas Super I,2,"15,750"
2025-03-28,Beras Kualitas Super I,2,"15,750"
2025-03-31,Beras Kualitas Super I,2,"15,750"
2025-03-03,Beras Kualitas Super II,2,"15,350"
2025-03-04,Beras Kualitas Super II,2,"15,350"
2025-03-05,Beras Kualitas Super II,2,"15,350"
2025-03-06,Beras Kualitas Super II,2,"15,400"
2025-03-07,Beras Kualitas Super II,2,"15,400"
2025-03-10,Beras Kualitas Super II,2,"15,400"
2025-03-11,Beras Kualitas Super II,2,"15,400"
2025-03-12,Beras Kualitas Super II,2,"15,400"
2025-03-13,Beras Kualitas Super II,2,"15,400"
2025-03-14,Beras Kualitas Super II,2,"15,400"
2025-03-17,Beras Kualitas Super II,2,"15,400"
2025-03-18,Beras Kualitas Super II,2,"15,400"
2025-03-19,Beras Kualitas Super II,2,"15,400"
2025-03-20,Beras Kualitas Super II,2,"15,400"
2025-03-21,Beras Kualitas Super II,2,"15,400"
2025-03-24,Beras Kualitas Super II,2,"15,400"
2025-03-25,Beras Kualitas Super II,2,"15,400"
2025-03-26,Beras Kualitas Super II,2,"15,400"
2025-03-27,Beras Kualitas Super II,2,"15,400"
2025-03-28,Beras Kualitas Super II,2,"15,400"
2025-03-31,Beras Kualitas Super II,2,"15,400"
2025-03-03,Daging Ayam,1,"31,300"
2025-03-04,Daging Ayam,1,"31,300"
2025-03-05,Daging Ayam,1,"31,400"
2025-03-06,Daging Ayam,1,"31,200"
2025-03-07,Daging Ayam,1,"31,200"
2025-03-10,Daging Ayam,1,"31,200"
2025-03-11,Daging Ayam,1,"31,200"
2025-03-12,Daging Ayam,1,"31,150"
2025-03-13,Daging Ayam,1,"30,650"
2025-03-14,Daging Ayam,1,"30,650"
2025-03-17,Daging Ayam,1,"30,650"
2025-03-18,Daging Ayam,1,"30,650"
2025-03-19,Daging Ayam,1,"30,600"
2025-03-20,Daging Ayam,1,"30,200"
2025-03-21,Daging Ayam,1,"30,200"
2025-03-24,Daging Ayam,1,"30,200"
2025-03-25,Daging Ayam,1,"30,200"
2025-03-26,Daging Ayam,1,"30,200"
2025-03-27,Daging Ayam,1,"31,200"
2025-03-28,Daging Ayam,1,"30,950"
2025-03-31,Daging Ayam,1,"30,950"
2025-03-03,Daging Ayam Ras Segar,2,"31,300"
2025-03-04,Daging Ayam Ras Segar,2,"31,300"
2025-03-05,Daging Ayam Ras Segar,2,"31,400"
2025-03-06,Daging Ayam Ras Segar,2,"31,200"
2025-03-07,Daging Ayam Ras Segar,2,"31,200"
2025-03-10,Daging Ayam Ras Segar,2,"31,200"
2025-03-11,Daging Ayam Ras Segar,2,"31,200"
2025-03-12,Daging Ayam Ras Segar,2,"31,150"
2025-03-13,Daging Ayam Ras Segar,2,"30,650"
2025-03-14,Daging Ayam Ras Segar,2,"30,650"
2025-03-17,Daging Ayam Ras Segar,2,"30,650"
2025-03-18,Daging Ayam Ras Segar,2,"30,650"
2025-03-19,Daging Ayam Ras Segar,2,"30,600"
2025-03-20,Daging Ayam Ras Segar,2,"30,200"
2025-03-21,Daging Ayam Ras Segar,2,"30,200"
2025-03-24,Daging Ayam Ras Segar,2,"30,200"
2025-03-25,Daging Ayam Ras Segar,2,"30,200"
2025-03-26,Daging Ayam Ras Segar,2,"30,200"
2025-03-27,Daging Ayam Ras Segar,2,"31,200"
2025-03-28,Daging Ayam Ras Segar,2,"30,950"
2025-03-31,Daging Ayam Ras Segar,2,"30,950"
2025-03-03,Daging Sapi,1,"127,800"
2025-03-04,Daging Sapi,1,"127,800"
2025-03-05,Daging Sapi,1,"127,800"
2025-03-06,Daging Sapi,1,"127,250"
2025-03-07,Daging Sapi,1,"126,850"
2025-03-10,Daging Sapi,1,"126,850"
2025-03-11,Daging Sapi,1,"126,850"
2025-03-12,Daging Sapi,1,"126,850"
2025-03-13,Daging Sapi,1,"127,050"
2025-03-14,Daging Sapi,1,"127,150"
2025-03-17,Daging Sapi,1,"126,950"
2025-03-18,Daging Sapi,1,"126,950"
2025-03-19,Daging Sapi,1,"126,950"
2025-03-20,Daging Sapi,1,"127,400"
2025-03-21,Daging Sapi,1,"127,400"
2025-03-24,Daging Sapi,1,"127,400"
2025-03-25,Daging Sapi,1,"127,400"
2025-03-26,Daging Sapi,1,"127,850"
2025-03-27,Daging Sapi,1,"130,300"
2025-03-28,Daging Sapi,1,"130,100"
2025-03-31,Daging Sapi,1,"130,100"
2025-03-03,Daging Sapi Kualitas 1,2,"130,650"
2025-03-04,Daging Sapi Kualitas 1,2,"130,650"
2025-03-05,Daging Sapi Kualitas 1,2,"130,650"
2025-03-06,Daging Sapi Kualitas 1,2,"130,100"
2025-03-07,Daging Sapi Kualitas 1,2,"129,700"
2025-03-10,Daging Sapi Kualitas 1,2,"129,700"
2025-03-11,Daging Sapi Kualitas 1,2,"129,700"
2025-03-12,Daging Sapi Kualitas 1,2,"129,700"
2025-03-13,Daging Sapi Kualitas 1,2,"129,900"
2025-03-14,Daging Sapi Kualitas 1,2,"129,850"
2025-03-17,Daging Sapi Kualitas 1,2,"129,850"
2025-03-18,Daging Sapi Kualitas 1,2,"129,850"
2025-03-19,Daging Sapi Kualitas 1,2,"129,850"
2025-03-20,Daging Sapi Kualitas 1,2,"130,200"
2025-03-21,Daging Sapi Kualitas 1,2,"130,200"
2025-03-24,Daging Sapi Kualitas 1,2,"130,200"
2025-03-25,Daging Sapi Kualitas 1,2,"130,200"
2025-03-26,Daging Sapi Kualitas 1,2,"130,650"
2025-03-27,Daging Sapi Kualitas 1,2,"132,950"
2025-03-28,Daging Sapi Kualitas 1,2,"132,750"
2025-03-31,Daging Sapi Kualitas 1,2,"132,750"
2025-03-03,Daging Sapi Kualitas 2,2,"125,450"
2025-03-04,Daging Sapi Kualitas 2,2,"125,450"
2025-03-05,Daging Sapi Kualitas 2,2,"125,450"
2025-03-06,Daging Sapi Kualitas 2,2,"125,200"
2025-03-07,Daging Sapi Kualitas 2,2,"124,750"
2025-03-10,Daging Sapi Kualitas 2,2,"124,750"
2025-03-11,Daging Sapi Kualitas 2,2,"124,750"
2025-03-12,Daging Sapi Kualitas 2,2,"124,750"
2025-03-13,Daging Sapi Kualitas 2,2,"125,000"
2025-03-14,Daging Sapi Kualitas 2,2,"124,850"
2025-03-17,Daging Sapi Kualitas 2,2,"124,850"
2025-03-18,Daging Sapi Kualitas 2,2,"124,850"
2025-03-19,Daging Sapi Kualitas 2,2,"124,850"
2025-03-20,Daging Sapi Kualitas 2,2,"125,400"
2025-03-21,Daging Sapi Kualitas 2,2,"125,400"
2025-03-24,Daging Sapi Kualitas 2,2,"125,400"
2025-03-25,Daging Sapi Kualitas 2,2,"125,400"
2025-03-26,Daging Sapi Kualitas 2,2,"125,900"
2025-03-27,Daging Sapi Kualitas 2,2,"128,550"
2025-03-28,Daging Sapi Kualitas 2,2,"128,350"
2025-03-31,Daging Sapi Kualitas 2,2,"128,350"
2025-03-03,Telur Ayam,1,"28,000"
2025-03-04,Telur Ayam,1,"28,000"
2025-03-05,Telur Ayam,1,"28,000"
2025-03-06,Telur Ayam,1,"28,000"
2025-03-07,Telur Ayam,1,"28,000"
2025-03-10,Telur Ayam,1,"28,000"
2025-03-11,Telur Ayam,1,"28,000"
2025-03-12,Telur Ayam,1,"28,000"
2025-03-13,Telur Ayam,1,"27,750"
2025-03-14,Telur Ayam,1,"27,750"
2025-03-17,Telur Ayam,1,"27,750"
2025-03-18,Telur Ayam,1,"27,750"
2025-03-19,Telur Ayam,1,"27,750"
2025-03-20,Telur Ayam,1,"27,700"
2025-03-21,Telur Ayam,1,"27,700"
2025-03-24,Telur Ayam,1,"27,700"
2025-03-25,Telur Ayam,1,"27,700"
2025-03-26,Telur Ayam,1,"27,700"
2025-03-27,Telur Ayam,1,"27,800"
2025-03-28,Telur Ayam,1,"27,600"
2025-03-31,Telur Ayam,1,"27,600"
2025-03-03,Telur Ayam Ras Segar,2,"28,000"
2025-03-04,Telur Ayam Ras Segar,2,"28,000"
2025-03-05,Telur Ayam Ras Segar,2,"28,000"
2025-03-06,Telur Ayam Ras Segar,2,"28,000"
2025-03-07,Telur Ayam Ras Segar,2,"28,000"
2025-03-10,Telur Ayam Ras Segar,2,"28,000"
2025-03-11,Telur Ayam Ras Segar,2,"28,000"
2025-03-12,Telur Ayam Ras Segar,2,"28,000"
2025-03-13,Telur Ayam Ras Segar,2,"27,750"
2025-03-14,Telur Ayam Ras Segar,2,"27,750"
2025-03-17,Telur Ayam Ras Segar,2,"27,750"
2025-03-18,Telur Ayam Ras Segar,2,"27,750"
2025-03-19,Telur Ayam Ras Segar,2,"27,750"
2025-03-20,Telur Ayam Ras Segar,2,"27,700"
2025-03-21,Telur Ayam Ras Segar,2,"27,700"
2025-03-24,Telur Ayam Ras Segar,2,"27,700"
2025-03-25,Telur Ayam Ras Segar,2,"27,700"
2025-03-26,Telur Ayam Ras Segar,2,"27,700"
2025-03-27,Telur Ayam Ras Segar,2,"27,800"
2025-03-28,Telur Ayam Ras Segar,2,"27,600"
2025-03-31,Telur Ayam Ras Segar,2,"27,600"
2025-03-03,Bawang Merah,1,"31,200"
2025-03-04,Bawang Merah,1,"31,200"
2025-03-05,Bawang Merah,1,"31,550"
2025-03-06,Bawang Merah,1,"33,650"
2025-03-07,Bawang Merah,1,"33,650"
2025-03-10,Bawang Merah,1,"33,650"
2025-03-11,Bawang Merah,1,"33,650"
2025-03-12,Bawang Merah,1,"33,650"
2025-03-13,Bawang Merah,1,"35,650"
2025-03-14,Bawang Merah,1,"35,650"
2025-03-17,Bawang Merah,1,"35,650"
2025-03-18,Bawang Merah,1,"35,650"
2025-03-19,Bawang Merah,1,"35,800"
2025-03-20,Bawang Merah,1,"37,100"
2025-03-21,Bawang Merah,1,"37,100"
2025-03-24,Bawang Merah,1,"37,100"
2025-03-25,Bawang Merah,1,"37,100"
2025-03-26,Bawang Merah,1,"37,100"
2025-03-27,Bawang Merah,1,"37,800"
2025-03-28,Bawang Merah,1,"37,300"
2025-03-31,Bawang Merah,1,"37,300"
2025-03-03,Bawang Merah Ukuran Sedang,2,"31,200"
2025-03-04,Bawang Merah Ukuran Sedang,2,"31,200"
2025-03-05,Bawang Merah Ukuran Sedang,2,"31,550"
2025-03-06,Bawang Merah Ukuran Sedang,2,"33,650"
2025-03-07,Bawang Merah Ukuran Sedang,2,"33,650"
2025-03-10,Bawang Merah Ukuran Sedang,2,"33,650"
2025-03-11,Bawang Merah Ukuran Sedang,2,"33,650"
2025-03-12,Bawang Merah Ukuran Sedang,2,"33,650"
2025-03-13,Bawang Merah Ukuran Sedang,2,"35,650"
2025-03-14,Bawang Merah Ukuran Sedang,2,"35,650"
2025-03-17,Bawang Merah Ukuran Sedang,2,"35,650"
2025-03-18,Bawang Merah Ukuran Sedang,2,"35,650"
2025-03-19,Bawang Merah Ukuran Sedang,2,"35,800"
2025-03-20,Bawang Merah Ukuran Sedang,2,"37,100"
2025-03-21,Bawang Merah Ukuran Sedang,2,"37,100"
2025-03-24,Bawang Merah Ukuran Sedang,2,"37,100"
2025-03-25,Bawang Merah Ukuran Sedang,2,"37,100"
2025-03-26,Bawang Merah Ukuran Sedang,2,"37,100"
2025-03-27,Bawang Merah Ukuran Sedang,2,"37,800"
2025-03-28,Bawang Merah Ukuran Sedang,2,"37,300"
2025-03-31,Bawang Merah Ukuran Sedang,2,"37,300"
2025-03-03,Bawang Putih,1,"38,500"
2025-03-04,Bawang Putih,1,"38,500"
2025-03-05,Bawang Putih,1,"38,500"
2025-03-06,Bawang Putih,1,"38,700"
2025-03-07,Bawang Putih,1,"38,700"
2025-03-10,Bawang Putih,1,"38,700"
2025-03-11,Bawang Putih,1,"38,700"
2025-03-12,Bawang Putih,1,"38,850"
2025-03-13,Bawang Putih,1,"38,950"
2025-03-14,Bawang Putih,1,"39,000"
2025-03-17,Bawang Putih,1,"39,000"
2025-03-18,Bawang Putih,1,"39,000"
2025-03-19,Bawang Putih,1,"39,000"
2025-03-20,Bawang Putih,1,"39,400"
2025-03-21,Bawang Putih,1,"39,400"
2025-03-24,Bawang Putih,1,"39,400"
2025-03-25,Bawang Putih,1,"39,400"
2025-03-26,Bawang Putih,1,"39,500"
2025-03-27,Bawang Putih,1,"39,750"
2025-03-28,Bawang Putih,1,"39,300"
2025-03-31,Bawang Putih,1,"39,300"
2025-03-03,Bawang Putih Ukuran Sedang,2,"38,500"
2025-03-04,Bawang Putih Ukuran Sedang,2,"38,500"
2025-03-05,Bawang Putih Ukuran Sedang,2,"38,500"
2025-03-06,Bawang Putih Ukuran Sedang,2,"38,700"
2025-03-07,Bawang Putih Ukuran Sedang,2,"38,700"
2025-03-10,Bawang Putih Ukuran Sedang,2,"38,700"
2025-03-11,Bawang Putih Ukuran Sedang,2,"38,700"
2025-03-12,Bawang Putih Ukuran Sedang,2,"38,850"
2025-03-13,Bawang Putih Ukuran Sedang,2,"38,950"
2025-03-14,Bawang Putih Ukuran Sedang,2,"39,000"
2025-03-17,Bawang Putih Ukuran Sedang,2,"39,000"
2025-03-18,Bawang Putih Ukuran Sedang,2,"39,000"
2025-03-19,Bawang Putih Ukuran Sedang,2,"39,000"
2025-03-20,Bawang Putih Ukuran Sedang,2,"39,400"
2025-03-21,Bawang Putih Ukuran Sedang,2,"39,400"
2025-03-24,Bawang Putih Ukuran Sedang,2,"39,400"
2025-03-25,Bawang Putih Ukuran Sedang,2,"39,400"
2025-03-26,Bawang Putih Ukuran Sedang,2,"39,500"
2025-03-27,Bawang Putih Ukuran Sedang,2,"39,750"
2025-03-28,Bawang Putih Ukuran Sedang,2,"39,300"
2025-03-31,Bawang Putih Ukuran Sedang,2,"39,300"
2025-03-03,Cabai Merah,1,"46,500"
2025-03-04,Cabai Merah,1,"46,500"
2025-03-05,Cabai Merah,1,"47,000"
2025-03-06,Cabai Merah,1,"50,750"
2025-03-07,Cabai Merah,1,"50,750"
2025-03-10,Cabai Merah,1,"50,750"
2025-03-11,Cabai Merah,1,"50,750"
2025-03-12,Cabai Merah,1,"49,950"
2025-03-13,Cabai Merah,1,"43,950"
2025-03-14,Cabai Merah,1,"43,550"
2025-03-17,Cabai Merah,1,"43,550"
2025-03-18,Cabai Merah,1,"43,550"
2025-03-19,Cabai Merah,1,"43,500"
2025-03-20,Cabai Merah,1,"43,000"
2025-03-21,Cabai Merah,1,"43,000"
2025-03-24,Cabai Merah,1,"43,000"
2025-03-25,Cabai Merah,1,"43,000"
2025-03-26,Cabai Merah,1,"43,050"
2025-03-27,Cabai Merah,1,"51,000"
2025-03-28,Cabai Merah,1,"50,700"
2025-03-31,Cabai Merah,1,"50,700"
2025-03-03,Cabai Merah Besar,2,"46,350"
2025-03-04,Cabai Merah Besar,2,"46,350"
2025-03-05,Cabai Merah Besar,2,"46,950"
2025-03-06,Cabai Merah Besar,2,"49,700"
2025-03-07,Cabai Merah Besar,2,"49,700"
2025-03-10,Cabai Merah Besar,2,"49,700"
2025-03-11,Cabai Merah Besar,2,"49,700"
2025-03-12,Cabai Merah Besar,2,"49,050"
2025-03-13,Cabai Merah Besar,2,"44,400"
2025-03-14,Cabai Merah Besar,2,"44,300"
2025-03-17,Cabai Merah Besar,2,"44,300"
2025-03-18,Cabai Merah Besar,2,"44,300"
2025-03-19,Cabai Merah Besar,2,"44,100"
2025-03-20,Cabai Merah Besar,2,"42,350"
2025-03-21,Cabai Merah Besar,2,"42,300"
2025-03-24,Cabai Merah Besar,2,"42,300"
2025-03-25,Cabai Merah Besar,2,"42,300"
2025-03-26,Cabai Merah Besar,2,"42,300"
2025-03-27,Cabai Merah Besar,2,"50,800"
2025-03-28,Cabai Merah Besar,2,"50,550"
2025-03-31,Cabai Merah Besar,2,"50,550"
2025-03-03,Cabai Merah Keriting ,2,"45,850"
2025-03-04,Cabai Merah Keriting ,2,"45,850"
2025-03-05,Cabai Merah Keriting ,2,"46,450"
2025-03-06,Cabai Merah Keriting ,2,"51,050"
2025-03-07,Cabai Merah Keriting ,2,"51,050"
2025-03-10,Cabai Merah Keriting ,2,"51,050"
2025-03-11,Cabai Merah Keriting ,2,"51,050"
2025-03-12,Cabai Merah Keriting ,2,"50,000"
2025-03-13,Cabai Merah Keriting ,2,"42,950"
2025-03-14,Cabai Merah Keriting ,2,"42,500"
2025-03-17,Cabai Merah Keriting ,2,"42,500"
2025-03-18,Cabai Merah Keriting ,2,"42,500"
2025-03-19,Cabai Merah Keriting ,2,"42,550"
2025-03-20,Cabai Merah Keriting ,2,"42,900"
2025-03-21,Cabai Merah Keriting ,2,"42,900"
2025-03-24,Cabai Merah Keriting ,2,"42,900"
2025-03-25,Cabai Merah Keriting ,2,"42,900"
2025-03-26,Cabai Merah Keriting ,2,"43,000"
2025-03-27,Cabai Merah Keriting ,2,"50,050"
2025-03-28,Cabai Merah Keriting ,2,"49,750"
2025-03-31,Cabai Merah Keriting ,2,"49,750"
2025-03-03,Cabai Rawit,1,"64,200"
2025-03-04,Cabai Rawit,1,"64,200"
2025-03-05,Cabai Rawit,1,"64,350"
2025-03-06,Cabai Rawit,1,"70,500"
2025-03-07,Cabai Rawit,1,"71,050"
2025-03-10,Cabai Rawit,1,"71,050"
2025-03-11,Cabai Rawit,1,"71,050"
2025-03-12,Cabai Rawit,1,"70,400"
2025-03-13,Cabai Rawit,1,"63,250"
2025-03-14,Cabai Rawit,1,"63,300"
2025-03-17,Cabai Rawit,1,"63,250"
2025-03-18,Cabai Rawit,1,"63,250"
2025-03-19,Cabai Rawit,1,"63,150"
2025-03-20,Cabai Rawit,1,"64,100"
2025-03-21,Cabai Rawit,1,"64,050"
2025-03-24,Cabai Rawit,1,"64,050"
2025-03-25,Cabai Rawit,1,"64,050"
2025-03-26,Cabai Rawit,1,"64,600"
2025-03-27,Cabai Rawit,1,"69,300"
2025-03-28,Cabai Rawit,1,"68,150"
2025-03-31,Cabai Rawit,1,"68,150"
2025-03-03,Cabai Rawit Hijau,2,"54,000"
2025-03-04,Cabai Rawit Hijau,2,"54,000"
2025-03-05,Cabai Rawit Hijau,2,"53,950"
2025-03-06,Cabai Rawit Hijau,2,"59,450"
2025-03-07,Cabai Rawit Hijau,2,"59,750"
2025-03-10,Cabai Rawit Hijau,2,"59,750"
2025-03-11,Cabai Rawit Hijau,2,"59,750"
2025-03-12,Cabai Rawit Hijau,2,"59,250"
2025-03-13,Cabai Rawit Hijau,2,"53,650"
2025-03-14,Cabai Rawit Hijau,2,"53,950"
2025-03-17,Cabai Rawit Hijau,2,"53,950"
2025-03-18,Cabai Rawit Hijau,2,"53,950"
2025-03-19,Cabai Rawit Hijau,2,"53,600"
2025-03-20,Cabai Rawit Hijau,2,"52,650"
2025-03-21,Cabai Rawit Hijau,2,"52,100"
2025-03-24,Cabai Rawit Hijau,2,"52,100"
2025-03-25,Cabai Rawit Hijau,2,"52,100"
2025-03-26,Cabai Rawit Hijau,2,"52,750"
2025-03-27,Cabai Rawit Hijau,2,"54,850"
2025-03-28,Cabai Rawit Hijau,2,"53,050"
2025-03-31,Cabai Rawit Hijau,2,"53,050"
2025-03-03,Cabai Rawit Merah,2,"75,400"
2025-03-04,Cabai Rawit Merah,2,"75,400"
2025-03-05,Cabai Rawit Merah,2,"75,850"
2025-03-06,Cabai Rawit Merah,2,"83,050"
2025-03-07,Cabai Rawit Merah,2,"83,050"
2025-03-10,Cabai Rawit Merah,2,"83,050"
2025-03-11,Cabai Rawit Merah,2,"83,050"
2025-03-12,Cabai Rawit Merah,2,"82,250"
2025-03-13,Cabai Rawit Merah,2,"74,100"
2025-03-14,Cabai Rawit Merah,2,"74,000"
2025-03-17,Cabai Rawit Merah,2,"74,000"
2025-03-18,Cabai Rawit Merah,2,"74,000"
2025-03-19,Cabai Rawit Merah,2,"74,100"
2025-03-20,Cabai Rawit Merah,2,"76,900"
2025-03-21,Cabai Rawit Merah,2,"76,900"
2025-03-24,Cabai Rawit Merah,2,"76,900"
2025-03-25,Cabai Rawit Merah,2,"76,900"
2025-03-26,Cabai Rawit Merah,2,"77,450"
2025-03-27,Cabai Rawit Merah,2,"84,000"
2025-03-28,Cabai Rawit Merah,2,"83,300"
2025-03-31,Cabai Rawit Merah,2,"83,300"
2025-03-03,Minyak Goreng,1,"19,300"
2025-03-04,Minyak Goreng,1,"19,300"
2025-03-05,Minyak Goreng,1,"19,300"
2025-03-06,Minyak Goreng,1,"19,400"
2025-03-07,Minyak Goreng,1,"19,400"
2025-03-10,Minyak Goreng,1,"19,400"
2025-03-11,Minyak Goreng,1,"19,400"
2025-03-12,Minyak Goreng,1,"19,400"
2025-03-13,Minyak Goreng,1,"19,450"
2025-03-14,Minyak Goreng,1,"19,450"
2025-03-17,Minyak Goreng,1,"19,450"
2025-03-18,Minyak Goreng,1,"19,450"
2025-03-19,Minyak Goreng,1,"19,450"
2025-03-20,Minyak Goreng,1,"19,450"
2025-03-21,Minyak Goreng,1,"19,450"
2025-03-24,Minyak Goreng,1,"19,450"
2025-03-25,Minyak Goreng,1,"19,450"
2025-03-26,Minyak Goreng,1,"19,450"
2025-03-27,Minyak Goreng,1,"19,450"
2025-03-28,Minyak Goreng,1,"19,400"
2025-03-31,Minyak Goreng,1,"19,400"
2025-03-03,Minyak Goreng Curah,2,"17,500"
2025-03-04,Minyak Goreng Curah,2,"17,500"
2025-03-05,Minyak Goreng Curah,2,"17,500"
2025-03-06,Minyak Goreng Curah,2,"17,550"
2025-03-07,Minyak Goreng Curah,2,"17,550"
2025-03-10,Minyak Goreng Curah,2,"17,550"
2025-03-11,Minyak Goreng Curah,2,"17,550"
2025-03-12,Minyak Goreng Curah,2,"17,550"
2025-03-13,Minyak Goreng Curah,2,"17,550"
2025-03-14,Minyak Goreng Curah,2,"17,550"
2025-03-17,Minyak Goreng Curah,2,"17,550"
2025-03-18,Minyak Goreng Curah,2,"17,550"
2025-03-19,Minyak Goreng Curah,2,"17,550"
2025-03-20,Minyak Goreng Curah,2,"17,550"
2025-03-21,Minyak Goreng Curah,2,"17,550"
2025-03-24,Minyak Goreng Curah,2,"17,550"
2025-03-25,Minyak Goreng Curah,2,"17,550"
2025-03-26,Minyak Goreng Curah,2,"17,550"
2025-03-27,Minyak Goreng Curah,2,"17,500"
2025-03-28,Minyak Goreng Curah,2,"17,500"
2025-03-31,Minyak Goreng Curah,2,"17,500"
2025-03-03,Minyak Goreng Kemasan Bermerk 1,2,"20,250"
2025-03-04,Minyak Goreng Kemasan Bermerk 1,2,"20,250"
2025-03-05,Minyak Goreng Kemasan Bermerk 1,2,"20,250"
2025-03-06,Minyak Goreng Kemasan Bermerk 1,2,"20,300"
2025-03-07,Minyak Goreng Kemasan Bermerk 1,2,"20,300"
2025-03-10,Minyak Goreng Kemasan Bermerk 1,2,"20,300"
2025-03-11,Minyak Goreng Kemasan Bermerk 1,2,"20,300"
2025-03-12,Minyak Goreng Kemasan Bermerk 1,2,"20,300"
2025-03-13,Minyak Goreng Kemasan Bermerk 1,2,"20,350"
2025-03-14,Minyak Goreng Kemasan Bermerk 1,2,"20,400"
2025-03-17,Minyak Goreng Kemasan Bermerk 1,2,"20,400"
2025-03-18,Minyak Goreng Kemasan Bermerk 1,2,"20,400"
2025-03-19,Minyak Goreng Kemasan Bermerk 1,2,"20,400"
2025-03-20,Minyak Goreng Kemasan Bermerk 1,2,"20,350"
2025-03-21,Minyak Goreng Kemasan Bermerk 1,2,"20,350"
2025-03-24,Minyak Goreng Kemasan Bermerk 1,2,"20,350"
2025-03-25,Minyak Goreng Kemasan Bermerk 1,2,"20,350"
2025-03-26,Minyak Goreng Kemasan Bermerk 1,2,"20,350"
2025-03-27,Minyak Goreng Kemasan Bermerk 1,2,"20,400"
2025-03-28,Minyak Goreng Kemasan Bermerk 1,2,"20,350"
2025-03-31,Minyak Goreng Kemasan Bermerk 1,2,"20,350"
2025-03-03,Minyak Goreng Kemasan Bermerk 2,2,"19,450"
2025-03-04,Minyak Goreng Kemasan Bermerk 2,2,"19,450"
2025-03-05,Minyak Goreng Kemasan Bermerk 2,2,"19,450"
2025-03-06,Minyak Goreng Kemasan Bermerk 2,2,"19,550"
2025-03-07,Minyak Goreng Kemasan Bermerk 2,2,"19,550"
2025-03-10,Minyak Goreng Kemasan Bermerk 2,2,"19,550"
2025-03-11,Minyak Goreng Kemasan Bermerk 2,2,"19,550"
2025-03-12,Minyak Goreng Kemasan Bermerk 2,2,"19,550"
2025-03-13,Minyak Goreng Kemasan Bermerk 2,2,"19,650"
2025-03-14,Minyak Goreng Kemasan Bermerk 2,2,"19,650"
2025-03-17,Minyak Goreng Kemasan Bermerk 2,2,"19,650"
2025-03-18,Minyak Goreng Kemasan Bermerk 2,2,"19,650"
2025-03-19,Minyak Goreng Kemasan Bermerk 2,2,"19,650"
2025-03-20,Minyak Goreng Kemasan Bermerk 2,2,"19,650"
2025-03-21,Minyak Goreng Kemasan Bermerk 2,2,"19,650"
2025-03-24,Minyak Goreng Kemasan Bermerk 2,2,"19,650"
2025-03-25,Minyak Goreng Kemasan Bermerk 2,2,"19,650"
2025-03-26,Minyak Goreng Kemasan Bermerk 2,2,"19,650"
2025-03-27,Minyak Goreng Kemasan Bermerk 2,2,"19,700"
2025-03-28,Minyak Goreng Kemasan Bermerk 2,2,"19,600"
2025-03-31,Minyak Goreng Kemasan Bermerk 2,2,"19,600"
2025-03-03,Gula Pasir,1,"17,750"
2025-03-04,Gula Pasir,1,"17,750"
2025-03-05,Gula Pasir,1,"17,750"
2025-03-06,Gula Pasir,1,"17,750"
2025-03-07,Gula Pasir,1,"17,750"
2025-03-10,Gula Pasir,1,"17,750"
2025-03-11,Gula Pasir,1,"17,750"
2025-03-12,Gula Pasir,1,"17,750"
2025-03-13,Gula Pasir,1,"17,750"
2025-03-14,Gula Pasir,1,"17,750"
2025-03-17,Gula Pasir,1,"17,750"
2025-03-18,Gula Pasir,1,"17,750"
2025-03-19,Gula Pasir,1,"17,800"
2025-03-20,Gula Pasir,1,"17,800"
2025-03-21,Gula Pasir,1,"17,800"
2025-03-24,Gula Pasir,1,"17,800"
2025-03-25,Gula Pasir,1,"17,800"
2025-03-26,Gula Pasir,1,"17,800"
2025-03-27,Gula Pasir,1,"17,800"
2025-03-28,Gula Pasir,1,"17,750"
2025-03-31,Gula Pasir,1,"17,750"
2025-03-03,Gula Pasir Kualitas Premium,2,"18,300"
2025-03-04,Gula Pasir Kualitas Premium,2,"18,300"
2025-03-05,Gula Pasir Kualitas Premium,2,"18,300"
2025-03-06,Gula Pasir Kualitas Premium,2,"18,300"
2025-03-07,Gula Pasir Kualitas Premium,2,"18,300"
2025-03-10,Gula Pasir Kualitas Premium,2,"18,300"
2025-03-11,Gula Pasir Kualitas Premium,2,"18,300"
2025-03-12,Gula Pasir Kualitas Premium,2,"18,300"
2025-03-13,Gula Pasir Kualitas Premium,2,"18,400"
2025-03-14,Gula Pasir Kualitas Premium,2,"18,350"
2025-03-17,Gula Pasir Kualitas Premium,2,"18,350"
2025-03-18,Gula Pasir Kualitas Premium,2,"18,350"
2025-03-19,Gula Pasir Kualitas Premium,2,"18,350"
2025-03-20,Gula Pasir Kualitas Premium,2,"18,400"
2025-03-21,Gula Pasir Kualitas Premium,2,"18,400"
2025-03-24,Gula Pasir Kualitas Premium,2,"18,400"
2025-03-25,Gula Pasir Kualitas Premium,2,"18,400"
2025-03-26,Gula Pasir Kualitas Premium,2,"18,400"
2025-03-27,Gula Pasir Kualitas Premium,2,"18,400"
2025-03-28,Gula Pasir Kualitas Premium,2,"18,400"
2025-03-31,Gula Pasir Kualitas Premium,2,"18,400"
2025-03-03,Gula Pasir Lokal,2,"17,300"
2025-03-04,Gula Pasir Lokal,2,"17,300"
2025-03-05,Gula Pasir Lokal,2,"17,300"
2025-03-06,Gula Pasir Lokal,2,"17,300"
2025-03-07,Gula Pasir Lokal,2,"17,300"
2025-03-10,Gula Pasir Lokal,2,"17,300"
2025-03-11,Gula Pasir Lokal,2,"17,300"
2025-03-12,Gula Pasir Lokal,2,"17,300"
2025-03-13,Gula Pasir Lokal,2,"17,300"
2025-03-14,Gula Pasir Lokal,2,"17,300"
2025-03-17,Gula Pasir Lokal,2,"17,300"
2025-03-18,Gula Pasir Lokal,2,"17,300"
2025-03-19,Gula Pasir Lokal,2,"17,300"
2025-03-20,Gula Pasir Lokal,2,"17,350"
2025-03-21,Gula Pasir Lokal,2,"17,350"
2025-03-24,Gula Pasir Lokal,2,"17,350"
2025-03-25,Gula Pasir Lokal,2,"17,350"
2025-03-26,Gula Pasir Lokal,2,"17,350"
2025-03-27,Gula Pasir Lokal,2,"17,350"
2025-03-28,Gula Pasir Lokal,2,"17,300"
2025-03-31,Gula Pasir Lokal,2,"17,300"
2025-04-01,Beras,1,"14,400"
2025-04-02,Beras,1,"14,400"
2025-04-03,Beras,1,"14,400"
2025-04-04,Beras,1,"14,400"
2025-04-07,Beras,1,"14,400"
2025-04-08,Beras,1,"14,400"
2025-04-09,Beras,1,"14,400"
2025-04-10,Beras,1,"14,400"
2025-04-11,Beras,1,"14,400"
2025-04-14,Beras,1,"14,400"
2025-04-15,Beras,1,"14,400"
2025-04-16,Beras,1,"14,400"
2025-04-17,Beras,1,"14,350"
2025-04-18,Beras,1,"14,350"
2025-04-21,Beras,1,"14,350"
2025-04-22,Beras,1,"14,350"
2025-04-23,Beras,1,"14,350"
2025-04-24,Beras,1,"14,350"
2025-04-25,Beras,1,"14,350"
2025-04-28,Beras,1,"14,350"
2025-04-29,Beras,1,"14,350"
2025-04-30,Beras,1,"14,350"
2025-04-01,Beras Kualitas Bawah I,2,"13,250"
2025-04-02,Beras Kualitas Bawah I,2,"13,250"
2025-04-03,Beras Kualitas Bawah I,2,"13,300"
2025-04-04,Beras Kualitas Bawah I,2,"13,300"
2025-04-07,Beras Kualitas Bawah I,2,"13,300"
2025-04-08,Beras Kualitas Bawah I,2,"13,300"
2025-04-09,Beras Kualitas Bawah I,2,"13,300"
2025-04-10,Beras Kualitas Bawah I,2,"13,250"
2025-04-11,Beras Kualitas Bawah I,2,"13,250"
2025-04-14,Beras Kualitas Bawah I,2,"13,250"
2025-04-15,Beras Kualitas Bawah I,2,"13,250"
2025-04-16,Beras Kualitas Bawah I,2,"13,250"
2025-04-17,Beras Kualitas Bawah I,2,"13,300"
2025-04-18,Beras Kualitas Bawah I,2,"13,300"
2025-04-21,Beras Kualitas Bawah I,2,"13,300"
2025-04-22,Beras Kualitas Bawah I,2,"13,300"
2025-04-23,Beras Kualitas Bawah I,2,"13,300"
2025-04-24,Beras Kualitas Bawah I,2,"13,300"
2025-04-25,Beras Kualitas Bawah I,2,"13,300"
2025-04-28,Beras Kualitas Bawah I,2,"13,300"
2025-04-29,Beras Kualitas Bawah I,2,"13,300"
2025-04-30,Beras Kualitas Bawah I,2,"13,300"
2025-04-01,Beras Kualitas Bawah II,2,"13,000"
2025-04-02,Beras Kualitas Bawah II,2,"13,000"
2025-04-03,Beras Kualitas Bawah II,2,"12,950"
2025-04-04,Beras Kualitas Bawah II,2,"12,950"
2025-04-07,Beras Kualitas Bawah II,2,"12,950"
2025-04-08,Beras Kualitas Bawah II,2,"12,950"
2025-04-09,Beras Kualitas Bawah II,2,"12,950"
2025-04-10,Beras Kualitas Bawah II,2,"12,950"
2025-04-11,Beras Kualitas Bawah II,2,"13,000"
2025-04-14,Beras Kualitas Bawah II,2,"13,000"
2025-04-15,Beras Kualitas Bawah II,2,"13,000"
2025-04-16,Beras Kualitas Bawah II,2,"13,000"
2025-04-17,Beras Kualitas Bawah II,2,"13,000"
2025-04-18,Beras Kualitas Bawah II,2,"13,000"
2025-04-21,Beras Kualitas Bawah II,2,"13,000"
2025-04-22,Beras Kualitas Bawah II,2,"13,000"
2025-04-23,Beras Kualitas Bawah II,2,"13,000"
2025-04-24,Beras Kualitas Bawah II,2,"13,000"
2025-04-25,Beras Kualitas Bawah II,2,"13,000"
2025-04-28,Beras Kualitas Bawah II,2,"13,000"
2025-04-29,Beras Kualitas Bawah II,2,"13,000"
2025-04-30,Beras Kualitas Bawah II,2,"13,000"
2025-04-01,Beras Kualitas Medium I,2,"14,500"
2025-04-02,Beras Kualitas Medium I,2,"14,500"
2025-04-03,Beras Kualitas Medium I,2,"14,500"
2025-04-04,Beras Kualitas Medium I,2,"14,500"
2025-04-07,Beras Kualitas Medium I,2,"14,500"
2025-04-08,Beras Kualitas Medium I,2,"14,500"
2025-04-09,Beras Kualitas Medium I,2,"14,500"
2025-04-10,Beras Kualitas Medium I,2,"14,500"
2025-04-11,Beras Kualitas Medium I,2,"14,500"
2025-04-14,Beras Kualitas Medium I,2,"14,500"
2025-04-15,Beras Kualitas Medium I,2,"14,500"
2025-04-16,Beras Kualitas Medium I,2,"14,500"
2025-04-17,Beras Kualitas Medium I,2,"14,400"
2025-04-18,Beras Kualitas Medium I,2,"14,400"
2025-04-21,Beras Kualitas Medium I,2,"14,400"
2025-04-22,Beras Kualitas Medium I,2,"14,400"
2025-04-23,Beras Kualitas Medium I,2,"14,400"
2025-04-24,Beras Kualitas Medium I,2,"14,400"
2025-04-25,Beras Kualitas Medium I,2,"14,400"
2025-04-28,Beras Kualitas Medium I,2,"14,400"
2025-04-29,Beras Kualitas Medium I,2,"14,400"
2025-04-30,Beras Kualitas Medium I,2,"14,400"
2025-04-01,Beras Kualitas Medium II,2,"14,350"
2025-04-02,Beras Kualitas Medium II,2,"14,350"
2025-04-03,Beras Kualitas Medium II,2,"14,350"
2025-04-04,Beras Kualitas Medium II,2,"14,350"
2025-04-07,Beras Kualitas Medium II,2,"14,350"
2025-04-08,Beras Kualitas Medium II,2,"14,350"
2025-04-09,Beras Kualitas Medium II,2,"14,350"
2025-04-10,Beras Kualitas Medium II,2,"14,350"
2025-04-11,Beras Kualitas Medium II,2,"14,350"
2025-04-14,Beras Kualitas Medium II,2,"14,350"
2025-04-15,Beras Kualitas Medium II,2,"14,350"
2025-04-16,Beras Kualitas Medium II,2,"14,350"
2025-04-17,Beras Kualitas Medium II,2,"14,200"
2025-04-18,Beras Kualitas Medium II,2,"14,200"
2025-04-21,Beras Kualitas Medium II,2,"14,200"
2025-04-22,Beras Kualitas Medium II,2,"14,200"
2025-04-23,Beras Kualitas Medium II,2,"14,200"
2025-04-24,Beras Kualitas Medium II,2,"14,250"
2025-04-25,Beras Kualitas Medium II,2,"14,250"
2025-04-28,Beras Kualitas Medium II,2,"14,250"
2025-04-29,Beras Kualitas Medium II,2,"14,250"
2025-04-30,Beras Kualitas Medium II,2,"14,250"
2025-04-01,Beras Kualitas Super I,2,"15,750"
2025-04-02,Beras Kualitas Super I,2,"15,750"
2025-04-03,Beras Kualitas Super I,2,"15,750"
2025-04-04,Beras Kualitas Super I,2,"15,800"
2025-04-07,Beras Kualitas Super I,2,"15,800"
2025-04-08,Beras Kualitas Super I,2,"15,750"
2025-04-09,Beras Kualitas Super I,2,"15,750"
2025-04-10,Beras Kualitas Super I,2,"15,750"
2025-04-11,Beras Kualitas Super I,2,"15,750"
2025-04-14,Beras Kualitas Super I,2,"15,750"
2025-04-15,Beras Kualitas Super I,2,"15,750"
2025-04-16,Beras Kualitas Super I,2,"15,750"
2025-04-17,Beras Kualitas Super I,2,"15,750"
2025-04-18,Beras Kualitas Super I,2,"15,750"
2025-04-21,Beras Kualitas Super I,2,"15,750"
2025-04-22,Beras Kualitas Super I,2,"15,750"
2025-04-23,Beras Kualitas Super I,2,"15,750"
2025-04-24,Beras Kualitas Super I,2,"15,750"
2025-04-25,Beras Kualitas Super I,2,"15,750"
2025-04-28,Beras Kualitas Super I,2,"15,750"
2025-04-29,Beras Kualitas Super I,2,"15,750"
2025-04-30,Beras Kualitas Super I,2,"15,750"
2025-04-01,Beras Kualitas Super II,2,"15,400"
2025-04-02,Beras Kualitas Super II,2,"15,400"
2025-04-03,Beras Kualitas Super II,2,"15,400"
2025-04-04,Beras Kualitas Super II,2,"15,450"
2025-04-07,Beras Kualitas Super II,2,"15,450"
2025-04-08,Beras Kualitas Super II,2,"15,400"
2025-04-09,Beras Kualitas Super II,2,"15,400"
2025-04-10,Beras Kualitas Super II,2,"15,450"
2025-04-11,Beras Kualitas Super II,2,"15,450"
2025-04-14,Beras Kualitas Super II,2,"15,450"
2025-04-15,Beras Kualitas Super II,2,"15,450"
2025-04-16,Beras Kualitas Super II,2,"15,450"
2025-04-17,Beras Kualitas Super II,2,"15,450"
2025-04-18,Beras Kualitas Super II,2,"15,450"
2025-04-21,Beras Kualitas Super II,2,"15,450"
2025-04-22,Beras Kualitas Super II,2,"15,450"
2025-04-23,Beras Kualitas Super II,2,"15,450"
2025-04-24,Beras Kualitas Super II,2,"15,400"
2025-04-25,Beras Kualitas Super II,2,"15,400"
2025-04-28,Beras Kualitas Super II,2,"15,400"
2025-04-29,Beras Kualitas Super II,2,"15,400"
2025-04-30,Beras Kualitas Super II,2,"15,400"
2025-04-01,Daging Ayam,1,"31,200"
2025-04-02,Daging Ayam,1,"31,200"
2025-04-03,Daging Ayam,1,"31,250"
2025-04-04,Daging Ayam,1,"31,200"
2025-04-07,Daging Ayam,1,"31,200"
2025-04-08,Daging Ayam,1,"31,300"
2025-04-09,Daging Ayam,1,"31,300"
2025-04-10,Daging Ayam,1,"31,000"
2025-04-11,Daging Ayam,1,"31,000"
2025-04-14,Daging Ayam,1,"31,000"
2025-04-15,Daging Ayam,1,"31,000"
2025-04-16,Daging Ayam,1,"30,900"
2025-04-17,Daging Ayam,1,"29,600"
2025-04-18,Daging Ayam,1,"29,600"
2025-04-21,Daging Ayam,1,"29,600"
2025-04-22,Daging Ayam,1,"29,600"
2025-04-23,Daging Ayam,1,"29,450"
2025-04-24,Daging Ayam,1,"29,050"
2025-04-25,Daging Ayam,1,"29,050"
2025-04-28,Daging Ayam,1,"29,050"
2025-04-29,Daging Ayam,1,"29,050"
2025-04-30,Daging Ayam,1,"29,050"
2025-04-01,Daging Ayam Ras Segar,2,"31,200"
2025-04-02,Daging Ayam Ras Segar,2,"31,200"
2025-04-03,Daging Ayam Ras Segar,2,"31,250"
2025-04-04,Daging Ayam Ras Segar,2,"31,200"
2025-04-07,Daging Ayam Ras Segar,2,"31,200"
2025-04-08,Daging Ayam Ras Segar,2,"31,300"
2025-04-09,Daging Ayam Ras Segar,2,"31,300"
2025-04-10,Daging Ayam Ras Segar,2,"31,000"
2025-04-11,Daging Ayam Ras Segar,2,"31,000"
2025-04-14,Daging Ayam Ras Segar,2,"31,000"
2025-04-15,Daging Ayam Ras Segar,2,"31,000"
2025-04-16,Daging Ayam Ras Segar,2,"30,900"
2025-04-17,Daging Ayam Ras Segar,2,"29,600"
2025-04-18,Daging Ayam Ras Segar,2,"29,600"
2025-04-21,Daging Ayam Ras Segar,2,"29,600"
2025-04-22,Daging Ayam Ras Segar,2,"29,600"
2025-04-23,Daging Ayam Ras Segar,2,"29,450"
2025-04-24,Daging Ayam Ras Segar,2,"29,050"
2025-04-25,Daging Ayam Ras Segar,2,"29,050"
2025-04-28,Daging Ayam Ras Segar,2,"29,050"
2025-04-29,Daging Ayam Ras Segar,2,"29,050"
2025-04-30,Daging Ayam Ras Segar,2,"29,050"
2025-04-01,Daging Sapi,1,"130,300"
2025-04-02,Daging Sapi,1,"130,300"
2025-04-03,Daging Sapi,1,"130,350"
2025-04-04,Daging Sapi,1,"130,300"
2025-04-07,Daging Sapi,1,"130,300"
2025-04-08,Daging Sapi,1,"130,350"
2025-04-09,Daging Sapi,1,"130,150"
2025-04-10,Daging Sapi,1,"127,600"
2025-04-11,Daging Sapi,1,"127,650"
2025-04-14,Daging Sapi,1,"127,650"
2025-04-15,Daging Sapi,1,"127,650"
2025-04-16,Daging Sapi,1,"127,650"
2025-04-17,Daging Sapi,1,"127,350"
2025-04-18,Daging Sapi,1,"127,350"
2025-04-21,Daging Sapi,1,"127,350"
2025-04-22,Daging Sapi,1,"127,350"
2025-04-23,Daging Sapi,1,"127,350"
2025-04-24,Daging Sapi,1,"127,400"
2025-04-25,Daging Sapi,1,"127,400"
2025-04-28,Daging Sapi,1,"127,400"
2025-04-29,Daging Sapi,1,"127,400"
2025-04-30,Daging Sapi,1,"127,400"
2025-04-01,Daging Sapi Kualitas 1,2,"132,950"
2025-04-02,Daging Sapi Kualitas 1,2,"132,950"
2025-04-03,Daging Sapi Kualitas 1,2,"133,000"
2025-04-04,Daging Sapi Kualitas 1,2,"132,950"
2025-04-07,Daging Sapi Kualitas 1,2,"132,950"
2025-04-08,Daging Sapi Kualitas 1,2,"133,000"
2025-04-09,Daging Sapi Kualitas 1,2,"132,800"
2025-04-10,Daging Sapi Kualitas 1,2,"130,300"
2025-04-11,Daging Sapi Kualitas 1,2,"130,350"
2025-04-14,Daging Sapi Kualitas 1,2,"130,350"
2025-04-15,Daging Sapi Kualitas 1,2,"130,350"
2025-04-16,Daging Sapi Kualitas 1,2,"130,350"
2025-04-17,Daging Sapi Kualitas 1,2,"130,050"
2025-04-18,Daging Sapi Kualitas 1,2,"130,050"
2025-04-21,Daging Sapi Kualitas 1,2,"130,050"
2025-04-22,Daging Sapi Kualitas 1,2,"130,050"
2025-04-23,Daging Sapi Kualitas 1,2,"130,050"
2025-04-24,Daging Sapi Kualitas 1,2,"130,100"
2025-04-25,Daging Sapi Kualitas 1,2,"130,100"
2025-04-28,Daging Sapi Kualitas 1,2,"130,100"
2025-04-29,Daging Sapi Kualitas 1,2,"130,100"
2025-04-30,Daging Sapi Kualitas 1,2,"130,100"
2025-04-01,Daging Sapi Kualitas 2,2,"128,550"
2025-04-02,Daging Sapi Kualitas 2,2,"128,550"
2025-04-03,Daging Sapi Kualitas 2,2,"128,500"
2025-04-04,Daging Sapi Kualitas 2,2,"128,450"
2025-04-07,Daging Sapi Kualitas 2,2,"128,450"
2025-04-08,Daging Sapi Kualitas 2,2,"128,500"
2025-04-09,Daging Sapi Kualitas 2,2,"128,250"
2025-04-10,Daging Sapi Kualitas 2,2,"125,900"
2025-04-11,Daging Sapi Kualitas 2,2,"126,000"
2025-04-14,Daging Sapi Kualitas 2,2,"126,000"
2025-04-15,Daging Sapi Kualitas 2,2,"126,000"
2025-04-16,Daging Sapi Kualitas 2,2,"126,000"
2025-04-17,Daging Sapi Kualitas 2,2,"125,650"
2025-04-18,Daging Sapi Kualitas 2,2,"125,650"
2025-04-21,Daging Sapi Kualitas 2,2,"125,650"
2025-04-22,Daging Sapi Kualitas 2,2,"125,650"
2025-04-23,Daging Sapi Kualitas 2,2,"125,650"
2025-04-24,Daging Sapi Kualitas 2,2,"125,700"
2025-04-25,Daging Sapi Kualitas 2,2,"125,700"
2025-04-28,Daging Sapi Kualitas 2,2,"125,700"
2025-04-29,Daging Sapi Kualitas 2,2,"125,700"
2025-04-30,Daging Sapi Kualitas 2,2,"125,700"
2025-04-01,Telur Ayam,1,"27,800"
2025-04-02,Telur Ayam,1,"27,800"
2025-04-03,Telur Ayam,1,"27,800"
2025-04-04,Telur Ayam,1,"27,800"
2025-04-07,Telur Ayam,1,"27,800"
2025-04-08,Telur Ayam,1,"27,800"
2025-04-09,Telur Ayam,1,"27,750"
2025-04-10,Telur Ayam,1,"27,250"
2025-04-11,Telur Ayam,1,"27,300"
2025-04-14,Telur Ayam,1,"27,300"
2025-04-15,Telur Ayam,1,"27,300"
2025-04-16,Telur Ayam,1,"27,300"
2025-04-17,Telur Ayam,1,"27,050"
2025-04-18,Telur Ayam,1,"27,050"
2025-04-21,Telur Ayam,1,"27,050"
2025-04-22,Telur Ayam,1,"27,050"
2025-04-23,Telur Ayam,1,"27,000"
2025-04-24,Telur Ayam,1,"26,950"
2025-04-25,Telur Ayam,1,"26,950"
2025-04-28,Telur Ayam,1,"26,950"
2025-04-29,Telur Ayam,1,"26,950"
2025-04-30,Telur Ayam,1,"26,950"
2025-04-01,Telur Ayam Ras Segar,2,"27,800"
2025-04-02,Telur Ayam Ras Segar,2,"27,800"
2025-04-03,Telur Ayam Ras Segar,2,"27,800"
2025-04-04,Telur Ayam Ras Segar,2,"27,800"
2025-04-07,Telur Ayam Ras Segar,2,"27,800"
2025-04-08,Telur Ayam Ras Segar,2,"27,800"
2025-04-09,Telur Ayam Ras Segar,2,"27,750"
2025-04-10,Telur Ayam Ras Segar,2,"27,250"
2025-04-11,Telur Ayam Ras Segar,2,"27,300"
2025-04-14,Telur Ayam Ras Segar,2,"27,300"
2025-04-15,Telur Ayam Ras Segar,2,"27,300"
2025-04-16,Telur Ayam Ras Segar,2,"27,300"
2025-04-17,Telur Ayam Ras Segar,2,"27,050"
2025-04-18,Telur Ayam Ras Segar,2,"27,050"
2025-04-21,Telur Ayam Ras Segar,2,"27,050"
2025-04-22,Telur Ayam Ras Segar,2,"27,050"
2025-04-23,Telur Ayam Ras Segar,2,"27,000"
2025-04-24,Telur Ayam Ras Segar,2,"26,950"
2025-04-25,Telur Ayam Ras Segar,2,"26,950"
2025-04-28,Telur Ayam Ras Segar,2,"26,950"
2025-04-29,Telur Ayam Ras Segar,2,"26,950"
2025-04-30,Telur Ayam Ras Segar,2,"26,950"
2025-04-01,Bawang Merah,1,"37,800"
2025-04-02,Bawang Merah,1,"37,800"
2025-04-03,Bawang Merah,1,"37,850"
2025-04-04,Bawang Merah,1,"37,800"
2025-04-07,Bawang Merah,1,"37,800"
2025-04-08,Bawang Merah,1,"37,850"
2025-04-09,Bawang Merah,1,"38,250"
2025-04-10,Bawang Merah,1,"39,000"
2025-04-11,Bawang Merah,1,"39,000"
2025-04-14,Bawang Merah,1,"39,000"
2025-04-15,Bawang Merah,1,"39,000"
2025-04-16,Bawang Merah,1,"39,000"
2025-04-17,Bawang Merah,1,"38,850"
2025-04-18,Bawang Merah,1,"38,850"
2025-04-21,Bawang Merah,1,"38,850"
2025-04-22,Bawang Merah,1,"38,850"
2025-04-23,Bawang Merah,1,"38,700"
2025-04-24,Bawang Merah,1,"37,000"
2025-04-25,Bawang Merah,1,"37,000"
2025-04-28,Bawang Merah,1,"37,000"
2025-04-29,Bawang Merah,1,"37,000"
2025-04-30,Bawang Merah,1,"36,450"
2025-04-01,Bawang Merah Ukuran Sedang,2,"37,800"
2025-04-02,Bawang Merah Ukuran Sedang,2,"37,800"
2025-04-03,Bawang Merah Ukuran Sedang,2,"37,850"
2025-04-04,Bawang Merah Ukuran Sedang,2,"37,800"
2025-04-07,Bawang Merah Ukuran Sedang,2,"37,800"
2025-04-08,Bawang Merah Ukuran Sedang,2,"37,850"
2025-04-09,Bawang Merah Ukuran Sedang,2,"38,250"
2025-04-10,Bawang Merah Ukuran Sedang,2,"39,000"
2025-04-11,Bawang Merah Ukuran Sedang,2,"39,000"
2025-04-14,Bawang Merah Ukuran Sedang,2,"39,000"
2025-04-15,Bawang Merah Ukuran Sedang,2,"39,000"
2025-04-16,Bawang Merah Ukuran Sedang,2,"39,000"
2025-04-17,Bawang Merah Ukuran Sedang,2,"38,850"
2025-04-18,Bawang Merah Ukuran Sedang,2,"38,850"
2025-04-21,Bawang Merah Ukuran Sedang,2,"38,850"
2025-04-22,Bawang Merah Ukuran Sedang,2,"38,850"
2025-04-23,Bawang Merah Ukuran Sedang,2,"38,700"
2025-04-24,Bawang Merah Ukuran Sedang,2,"37,000"
2025-04-25,Bawang Merah Ukuran Sedang,2,"37,000"
2025-04-28,Bawang Merah Ukuran Sedang,2,"37,000"
2025-04-29,Bawang Merah Ukuran Sedang,2,"37,000"
2025-04-30,Bawang Merah Ukuran Sedang,2,"36,450"
2025-04-01,Bawang Putih,1,"39,750"
2025-04-02,Bawang Putih,1,"39,750"
2025-04-03,Bawang Putih,1,"39,750"
2025-04-04,Bawang Putih,1,"39,750"
2025-04-07,Bawang Putih,1,"39,750"
2025-04-08,Bawang Putih,1,"39,750"
2025-04-09,Bawang Putih,1,"39,750"
2025-04-10,Bawang Putih,1,"39,500"
2025-04-11,Bawang Putih,1,"39,500"
2025-04-14,Bawang Putih,1,"39,500"
2025-04-15,Bawang Putih,1,"39,500"
2025-04-16,Bawang Putih,1,"39,500"
2025-04-17,Bawang Putih,1,"39,650"
2025-04-18,Bawang Putih,1,"39,650"
2025-04-21,Bawang Putih,1,"39,650"
2025-04-22,Bawang Putih,1,"39,650"
2025-04-23,Bawang Putih,1,"39,750"
2025-04-24,Bawang Putih,1,"39,450"
2025-04-25,Bawang Putih,1,"39,450"
2025-04-28,Bawang Putih,1,"39,450"
2025-04-29,Bawang Putih,1,"39,450"
2025-04-30,Bawang Putih,1,"39,050"
2025-04-01,Bawang Putih Ukuran Sedang,2,"39,750"
2025-04-02,Bawang Putih Ukuran Sedang,2,"39,750"
2025-04-03,Bawang Putih Ukuran Sedang,2,"39,750"
2025-04-04,Bawang Putih Ukuran Sedang,2,"39,750"
2025-04-07,Bawang Putih Ukuran Sedang,2,"39,750"
2025-04-08,Bawang Putih Ukuran Sedang,2,"39,750"
2025-04-09,Bawang Putih Ukuran Sedang,2,"39,750"
2025-04-10,Bawang Putih Ukuran Sedang,2,"39,500"
2025-04-11,Bawang Putih Ukuran Sedang,2,"39,500"
2025-04-14,Bawang Putih Ukuran Sedang,2,"39,500"
2025-04-15,Bawang Putih Ukuran Sedang,2,"39,500"
2025-04-16,Bawang Putih Ukuran Sedang,2,"39,500"
2025-04-17,Bawang Putih Ukuran Sedang,2,"39,650"
2025-04-18,Bawang Putih Ukuran Sedang,2,"39,650"
2025-04-21,Bawang Putih Ukuran Sedang,2,"39,650"
2025-04-22,Bawang Putih Ukuran Sedang,2,"39,650"
2025-04-23,Bawang Putih Ukuran Sedang,2,"39,750"
2025-04-24,Bawang Putih Ukuran Sedang,2,"39,450"
2025-04-25,Bawang Putih Ukuran Sedang,2,"39,450"
2025-04-28,Bawang Putih Ukuran Sedang,2,"39,450"
2025-04-29,Bawang Putih Ukuran Sedang,2,"39,450"
2025-04-30,Bawang Putih Ukuran Sedang,2,"39,050"
2025-04-01,Cabai Merah,1,"50,850"
2025-04-02,Cabai Merah,1,"50,850"
2025-04-03,Cabai Merah,1,"51,050"
2025-04-04,Cabai Merah,1,"51,100"
2025-04-07,Cabai Merah,1,"51,100"
2025-04-08,Cabai Merah,1,"51,050"
2025-04-09,Cabai Merah,1,"51,200"
2025-04-10,Cabai Merah,1,"48,850"
2025-04-11,Cabai Merah,1,"48,950"
2025-04-14,Cabai Merah,1,"48,950"
2025-04-15,Cabai Merah,1,"48,950"
2025-04-16,Cabai Merah,1,"49,450"
2025-04-17,Cabai Merah,1,"51,100"
2025-04-18,Cabai Merah,1,"51,100"
2025-04-21,Cabai Merah,1,"51,100"
2025-04-22,Cabai Merah,1,"51,100"
2025-04-23,Cabai Merah,1,"51,050"
2025-04-24,Cabai Merah,1,"52,200"
2025-04-25,Cabai Merah,1,"52,200"
2025-04-28,Cabai Merah,1,"52,200"
2025-04-29,Cabai Merah,1,"52,200"
2025-04-30,Cabai Merah,1,"51,700"
2025-04-01,Cabai Merah Besar,2,"50,550"
2025-04-02,Cabai Merah Besar,2,"50,550"
2025-04-03,Cabai Merah Besar,2,"50,050"
2025-04-04,Cabai Merah Besar,2,"50,000"
2025-04-07,Cabai Merah Besar,2,"50,000"
2025-04-08,Cabai Merah Besar,2,"50,050"
2025-04-09,Cabai Merah Besar,2,"50,200"
2025-04-10,Cabai Merah Besar,2,"47,650"
2025-04-11,Cabai Merah Besar,2,"48,500"
2025-04-14,Cabai Merah Besar,2,"48,500"
2025-04-15,Cabai Merah Besar,2,"48,500"
2025-04-16,Cabai Merah Besar,2,"49,000"
2025-04-17,Cabai Merah Besar,2,"46,500"
2025-04-18,Cabai Merah Besar,2,"46,500"
2025-04-21,Cabai Merah Besar,2,"46,500"
2025-04-22,Cabai Merah Besar,2,"46,500"
2025-04-23,Cabai Merah Besar,2,"46,250"
2025-04-24,Cabai Merah Besar,2,"47,050"
2025-04-25,Cabai Merah Besar,2,"47,050"
2025-04-28,Cabai Merah Besar,2,"47,050"
2025-04-29,Cabai Merah Besar,2,"47,050"
2025-04-30,Cabai Merah Besar,2,"46,600"
2025-04-01,Cabai Merah Keriting ,2,"49,900"
2025-04-02,Cabai Merah Keriting ,2,"49,900"
2025-04-03,Cabai Merah Keriting ,2,"50,650"
2025-04-04,Cabai Merah Keriting ,2,"50,700"
2025-04-07,Cabai Merah Keriting ,2,"50,700"
2025-04-08,Cabai Merah Keriting ,2,"50,650"
2025-04-09,Cabai Merah Keriting ,2,"50,750"
2025-04-10,Cabai Merah Keriting ,2,"48,200"
2025-04-11,Cabai Merah Keriting ,2,"48,200"
2025-04-14,Cabai Merah Keriting ,2,"48,200"
2025-04-15,Cabai Merah Keriting ,2,"48,200"
2025-04-16,Cabai Merah Keriting ,2,"48,750"
2025-04-17,Cabai Merah Keriting ,2,"52,700"
2025-04-18,Cabai Merah Keriting ,2,"52,700"
2025-04-21,Cabai Merah Keriting ,2,"52,700"
2025-04-22,Cabai Merah Keriting ,2,"52,700"
2025-04-23,Cabai Merah Keriting ,2,"52,750"
2025-04-24,Cabai Merah Keriting ,2,"54,050"
2025-04-25,Cabai Merah Keriting ,2,"54,050"
2025-04-28,Cabai Merah Keriting ,2,"54,050"
2025-04-29,Cabai Merah Keriting ,2,"54,050"
2025-04-30,Cabai Merah Keriting ,2,"53,250"
2025-04-01,Cabai Rawit,1,"69,250"
2025-04-02,Cabai Rawit,1,"69,250"
2025-04-03,Cabai Rawit,1,"68,200"
2025-04-04,Cabai Rawit,1,"68,150"
2025-04-07,Cabai Rawit,1,"68,150"
2025-04-08,Cabai Rawit,1,"68,200"
2025-04-09,Cabai Rawit,1,"68,050"
2025-04-10,Cabai Rawit,1,"57,750"
2025-04-11,Cabai Rawit,1,"58,350"
2025-04-14,Cabai Rawit,1,"58,350"
2025-04-15,Cabai Rawit,1,"58,350"
2025-04-16,Cabai Rawit,1,"57,600"
2025-04-17,Cabai Rawit,1,"59,300"
2025-04-18,Cabai Rawit,1,"59,300"
2025-04-21,Cabai Rawit,1,"59,300"
2025-04-22,Cabai Rawit,1,"59,300"
2025-04-23,Cabai Rawit,1,"58,800"
2025-04-24,Cabai Rawit,1,"53,800"
2025-04-25,Cabai Rawit,1,"54,250"
2025-04-28,Cabai Rawit,1,"54,250"
2025-04-29,Cabai Rawit,1,"54,250"
2025-04-30,Cabai Rawit,1,"54,200"
2025-04-01,Cabai Rawit Hijau,2,"54,700"
2025-04-02,Cabai Rawit Hijau,2,"54,700"
2025-04-03,Cabai Rawit Hijau,2,"54,600"
2025-04-04,Cabai Rawit Hijau,2,"54,400"
2025-04-07,Cabai Rawit Hijau,2,"54,400"
2025-04-08,Cabai Rawit Hijau,2,"54,600"
2025-04-09,Cabai Rawit Hijau,2,"54,450"
2025-04-10,Cabai Rawit Hijau,2,"47,350"
2025-04-11,Cabai Rawit Hijau,2,"47,750"
2025-04-14,Cabai Rawit Hijau,2,"47,750"
2025-04-15,Cabai Rawit Hijau,2,"47,750"
2025-04-16,Cabai Rawit Hijau,2,"46,400"
2025-04-17,Cabai Rawit Hijau,2,"43,950"
2025-04-18,Cabai Rawit Hijau,2,"43,950"
2025-04-21,Cabai Rawit Hijau,2,"43,950"
2025-04-22,Cabai Rawit Hijau,2,"43,950"
2025-04-23,Cabai Rawit Hijau,2,"43,650"
2025-04-24,Cabai Rawit Hijau,2,"41,550"
2025-04-25,Cabai Rawit Hijau,2,"42,250"
2025-04-28,Cabai Rawit Hijau,2,"42,250"
2025-04-29,Cabai Rawit Hijau,2,"42,250"
2025-04-30,Cabai Rawit Hijau,2,"42,000"
2025-04-01,Cabai Rawit Merah,2,"84,000"
2025-04-02,Cabai Rawit Merah,2,"84,000"
2025-04-03,Cabai Rawit Merah,2,"83,700"
2025-04-04,Cabai Rawit Merah,2,"83,750"
2025-04-07,Cabai Rawit Merah,2,"83,750"
2025-04-08,Cabai Rawit Merah,2,"83,700"
2025-04-09,Cabai Rawit Merah,2,"83,550"
2025-04-10,Cabai Rawit Merah,2,"70,900"
2025-04-11,Cabai Rawit Merah,2,"70,900"
2025-04-14,Cabai Rawit Merah,2,"70,900"
2025-04-15,Cabai Rawit Merah,2,"70,900"
2025-04-16,Cabai Rawit Merah,2,"70,600"
2025-04-17,Cabai Rawit Merah,2,"75,250"
2025-04-18,Cabai Rawit Merah,2,"75,250"
2025-04-21,Cabai Rawit Merah,2,"75,250"
2025-04-22,Cabai Rawit Merah,2,"75,250"
2025-04-23,Cabai Rawit Merah,2,"74,400"
2025-04-24,Cabai Rawit Merah,2,"66,450"
2025-04-25,Cabai Rawit Merah,2,"66,450"
2025-04-28,Cabai Rawit Merah,2,"66,450"
2025-04-29,Cabai Rawit Merah,2,"66,450"
2025-04-30,Cabai Rawit Merah,2,"65,800"
2025-04-01,Minyak Goreng,1,"19,450"
2025-04-02,Minyak Goreng,1,"19,450"
2025-04-03,Minyak Goreng,1,"19,400"
2025-04-04,Minyak Goreng,1,"19,400"
2025-04-07,Minyak Goreng,1,"19,400"
2025-04-08,Minyak Goreng,1,"19,400"
2025-04-09,Minyak Goreng,1,"19,400"
2025-04-10,Minyak Goreng,1,"19,450"
2025-04-11,Minyak Goreng,1,"19,500"
2025-04-14,Minyak Goreng,1,"19,500"
2025-04-15,Minyak Goreng,1,"19,500"
2025-04-16,Minyak Goreng,1,"19,500"
2025-04-17,Minyak Goreng,1,"19,450"
2025-04-18,Minyak Goreng,1,"19,450"
2025-04-21,Minyak Goreng,1,"19,450"
2025-04-22,Minyak Goreng,1,"19,450"
2025-04-23,Minyak Goreng,1,"19,450"
2025-04-24,Minyak Goreng,1,"19,450"
2025-04-25,Minyak Goreng,1,"19,450"
2025-04-28,Minyak Goreng,1,"19,450"
2025-04-29,Minyak Goreng,1,"19,450"
2025-04-30,Minyak Goreng,1,"19,450"
2025-04-01,Minyak Goreng Curah,2,"17,500"
2025-04-02,Minyak Goreng Curah,2,"17,500"
2025-04-03,Minyak Goreng Curah,2,"17,500"
2025-04-04,Minyak Goreng Curah,2,"17,500"
2025-04-07,Minyak Goreng Curah,2,"17,500"
2025-04-08,Minyak Goreng Curah,2,"17,500"
2025-04-09,Minyak Goreng Curah,2,"17,500"
2025-04-10,Minyak Goreng Curah,2,"17,500"
2025-04-11,Minyak Goreng Curah,2,"17,500"
2025-04-14,Minyak Goreng Curah,2,"17,500"
2025-04-15,Minyak Goreng Curah,2,"17,500"
2025-04-16,Minyak Goreng Curah,2,"17,500"
2025-04-17,Minyak Goreng Curah,2,"17,500"
2025-04-18,Minyak Goreng Curah,2,"17,500"
2025-04-21,Minyak Goreng Curah,2,"17,500"
2025-04-22,Minyak Goreng Curah,2,"17,500"
2025-04-23,Minyak Goreng Curah,2,"17,500"
2025-04-24,Minyak Goreng Curah,2,"17,400"
2025-04-25,Minyak Goreng Curah,2,"17,400"
2025-04-28,Minyak Goreng Curah,2,"17,400"
2025-04-29,Minyak Goreng Curah,2,"17,400"
2025-04-30,Minyak Goreng Curah,2,"17,400"
2025-04-01,Minyak Goreng Kemasan Bermerk 1,2,"20,400"
2025-04-02,Minyak Goreng Kemasan Bermerk 1,2,"20,400"
2025-04-03,Minyak Goreng Kemasan Bermerk 1,2,"20,400"
2025-04-04,Minyak Goreng Kemasan Bermerk 1,2,"20,400"
2025-04-07,Minyak Goreng Kemasan Bermerk 1,2,"20,400"
2025-04-08,Minyak Goreng Kemasan Bermerk 1,2,"20,400"
2025-04-09,Minyak Goreng Kemasan Bermerk 1,2,"20,400"
2025-04-10,Minyak Goreng Kemasan Bermerk 1,2,"20,450"
2025-04-11,Minyak Goreng Kemasan Bermerk 1,2,"20,450"
2025-04-14,Minyak Goreng Kemasan Bermerk 1,2,"20,450"
2025-04-15,Minyak Goreng Kemasan Bermerk 1,2,"20,450"
2025-04-16,Minyak Goreng Kemasan Bermerk 1,2,"20,450"
2025-04-17,Minyak Goreng Kemasan Bermerk 1,2,"20,400"
2025-04-18,Minyak Goreng Kemasan Bermerk 1,2,"20,400"
2025-04-21,Minyak Goreng Kemasan Bermerk 1,2,"20,400"
2025-04-22,Minyak Goreng Kemasan Bermerk 1,2,"20,400"
2025-04-23,Minyak Goreng Kemasan Bermerk 1,2,"20,400"
2025-04-24,Minyak Goreng Kemasan Bermerk 1,2,"20,400"
2025-04-25,Minyak Goreng Kemasan Bermerk 1,2,"20,400"
2025-04-28,Minyak Goreng Kemasan Bermerk 1,2,"20,400"
2025-04-29,Minyak Goreng Kemasan Bermerk 1,2,"20,400"
2025-04-30,Minyak Goreng Kemasan Bermerk 1,2,"20,400"
2025-04-01,Minyak Goreng Kemasan Bermerk 2,2,"19,700"
2025-04-02,Minyak Goreng Kemasan Bermerk 2,2,"19,700"
2025-04-03,Minyak Goreng Kemasan Bermerk 2,2,"19,600"
2025-04-04,Minyak Goreng Kemasan Bermerk 2,2,"19,650"
2025-04-07,Minyak Goreng Kemasan Bermerk 2,2,"19,650"
2025-04-08,Minyak Goreng Kemasan Bermerk 2,2,"19,600"
2025-04-09,Minyak Goreng Kemasan Bermerk 2,2,"19,600"
2025-04-10,Minyak Goreng Kemasan Bermerk 2,2,"19,750"
2025-04-11,Minyak Goreng Kemasan Bermerk 2,2,"19,800"
2025-04-14,Minyak Goreng Kemasan Bermerk 2,2,"19,800"
2025-04-15,Minyak Goreng Kemasan Bermerk 2,2,"19,800"
2025-04-16,Minyak Goreng Kemasan Bermerk 2,2,"19,800"
2025-04-17,Minyak Goreng Kemasan Bermerk 2,2,"19,800"
2025-04-18,Minyak Goreng Kemasan Bermerk 2,2,"19,800"
2025-04-21,Minyak Goreng Kemasan Bermerk 2,2,"19,800"
2025-04-22,Minyak Goreng Kemasan Bermerk 2,2,"19,800"
2025-04-23,Minyak Goreng Kemasan Bermerk 2,2,"19,800"
2025-04-24,Minyak Goreng Kemasan Bermerk 2,2,"19,850"
2025-04-25,Minyak Goreng Kemasan Bermerk 2,2,"19,850"
2025-04-28,Minyak Goreng Kemasan Bermerk 2,2,"19,850"
2025-04-29,Minyak Goreng Kemasan Bermerk 2,2,"19,850"
2025-04-30,Minyak Goreng Kemasan Bermerk 2,2,"19,850"
2025-04-01,Gula Pasir,1,"17,800"
2025-04-02,Gula Pasir,1,"17,800"
2025-04-03,Gula Pasir,1,"17,800"
2025-04-04,Gula Pasir,1,"17,800"
2025-04-07,Gula Pasir,1,"17,800"
2025-04-08,Gula Pasir,1,"17,800"
2025-04-09,Gula Pasir,1,"17,800"
2025-04-10,Gula Pasir,1,"17,850"
2025-04-11,Gula Pasir,1,"17,850"
2025-04-14,Gula Pasir,1,"17,850"
2025-04-15,Gula Pasir,1,"17,850"
2025-04-16,Gula Pasir,1,"17,850"
2025-04-17,Gula Pasir,1,"17,850"
2025-04-18,Gula Pasir,1,"17,850"
2025-04-21,Gula Pasir,1,"17,850"
2025-04-22,Gula Pasir,1,"17,850"
2025-04-23,Gula Pasir,1,"17,850"
2025-04-24,Gula Pasir,1,"17,800"
2025-04-25,Gula Pasir,1,"17,800"
2025-04-28,Gula Pasir,1,"17,800"
2025-04-29,Gula Pasir,1,"17,800"
2025-04-30,Gula Pasir,1,"17,800"
2025-04-01,Gula Pasir Kualitas Premium,2,"18,400"
2025-04-02,Gula Pasir Kualitas Premium,2,"18,400"
2025-04-03,Gula Pasir Kualitas Premium,2,"18,400"
2025-04-04,Gula Pasir Kualitas Premium,2,"18,400"
2025-04-07,Gula Pasir Kualitas Premium,2,"18,400"
2025-04-08,Gula Pasir Kualitas Premium,2,"18,400"
2025-04-09,Gula Pasir Kualitas Premium,2,"18,400"
2025-04-10,Gula Pasir Kualitas Premium,2,"18,400"
2025-04-11,Gula Pasir Kualitas Premium,2,"18,400"
2025-04-14,Gula Pasir Kualitas Premium,2,"18,400"
2025-04-15,Gula Pasir Kualitas Premium,2,"18,400"
2025-04-16,Gula Pasir Kualitas Premium,2,"18,400"
2025-04-17,Gula Pasir Kualitas Premium,2,"18,400"
2025-04-18,Gula Pasir Kualitas Premium,2,"18,350"
2025-04-21,Gula Pasir Kualitas Premium,2,"18,350"
2025-04-22,Gula Pasir Kualitas Premium,2,"18,350"
2025-04-23,Gula Pasir Kualitas Premium,2,"18,350"
2025-04-24,Gula Pasir Kualitas Premium,2,"18,350"
2025-04-25,Gula Pasir Kualitas Premium,2,"18,350"
2025-04-28,Gula Pasir Kualitas Premium,2,"18,350"
2025-04-29,Gula Pasir Kualitas Premium,2,"18,350"
2025-04-30,Gula Pasir Kualitas Premium,2,"18,350"
2025-04-01,Gula Pasir Lokal,2,"17,350"
2025-04-02,Gula Pasir Lokal,2,"17,350"
2025-04-03,Gula Pasir Lokal,2,"17,350"
2025-04-04,Gula Pasir Lokal,2,"17,350"
2025-04-07,Gula Pasir Lokal,2,"17,350"
2025-04-08,Gula Pasir Lokal,2,"17,350"
2025-04-09,Gula Pasir Lokal,2,"17,350"
2025-04-10,Gula Pasir Lokal,2,"17,400"
2025-04-11,Gula Pasir Lokal,2,"17,400"
2025-04-14,Gula Pasir Lokal,2,"17,400"
2025-04-15,Gula Pasir Lokal,2,"17,400"
2025-04-16,Gula Pasir Lokal,2,"17,400"
2025-04-17,Gula Pasir Lokal,2,"17,400"
2025-04-18,Gula Pasir Lokal,2,"17,400"
2025-04-21,Gula Pasir Lokal,2,"17,400"
2025-04-22,Gula Pasir Lokal,2,"17,400"
2025-04-23,Gula Pasir Lokal,2,"17,400"
2025-04-24,Gula Pasir Lokal,2,"17,400"
2025-04-25,Gula Pasir Lokal,2,"17,400"
2025-04-28,Gula Pasir Lokal,2,"17,400"
2025-04-29,Gula Pasir Lokal,2,"17,400"
2025-04-30,Gula Pasir Lokal,2,"17,400"
2025-05-01,Beras,1,"14,350"
2025-05-02,Beras,1,"14,350"
2025-05-05,Beras,1,"14,350"
2025-05-06,Beras,1,"14,350"
2025-05-07,Beras,1,"14,350"
2025-05-08,Beras,1,"14,350"
2025-05-09,Beras,1,"14,350"
2025-05-12,Beras,1,"14,350"
2025-05-13,Beras,1,"14,350"
2025-05-14,Beras,1,"14,400"
2025-05-15,Beras,1,"14,400"
2025-05-16,Beras,1,"14,400"
2025-05-19,Beras,1,"14,400"
2025-05-20,Beras,1,"14,400"
2025-05-21,Beras,1,"14,400"
2025-05-22,Beras,1,"14,450"
2025-05-23,Beras,1,"14,450"
2025-05-26,Beras,1,"14,450"
2025-05-27,Beras,1,"14,450"
2025-05-28,Beras,1,"14,450"
2025-05-29,Beras,1,"14,500"
2025-05-30,Beras,1,"14,500"
2025-05-01,Beras Kualitas Bawah I,2,"13,300"
2025-05-02,Beras Kualitas Bawah I,2,"13,300"
2025-05-05,Beras Kualitas Bawah I,2,"13,300"
2025-05-06,Beras Kualitas Bawah I,2,"13,300"
2025-05-07,Beras Kualitas Bawah I,2,"13,250"
2025-05-08,Beras Kualitas Bawah I,2,"13,300"
2025-05-09,Beras Kualitas Bawah I,2,"13,300"
2025-05-12,Beras Kualitas Bawah I,2,"13,300"
2025-05-13,Beras Kualitas Bawah I,2,"13,300"
2025-05-14,Beras Kualitas Bawah I,2,"13,300"
2025-05-15,Beras Kualitas Bawah I,2,"13,300"
2025-05-16,Beras Kualitas Bawah I,2,"13,300"
2025-05-19,Beras Kualitas Bawah I,2,"13,300"
2025-05-20,Beras Kualitas Bawah I,2,"13,300"
2025-05-21,Beras Kualitas Bawah I,2,"13,300"
2025-05-22,Beras Kualitas Bawah I,2,"13,350"
2025-05-23,Beras Kualitas Bawah I,2,"13,350"
2025-05-26,Beras Kualitas Bawah I,2,"13,350"
2025-05-27,Beras Kualitas Bawah I,2,"13,350"
2025-05-28,Beras Kualitas Bawah I,2,"13,350"
2025-05-29,Beras Kualitas Bawah I,2,"13,350"
2025-05-30,Beras Kualitas Bawah I,2,"13,350"
2025-05-01,Beras Kualitas Bawah II,2,"13,050"
2025-05-02,Beras Kualitas Bawah II,2,"13,050"
2025-05-05,Beras Kualitas Bawah II,2,"13,050"
2025-05-06,Beras Kualitas Bawah II,2,"13,050"
2025-05-07,Beras Kualitas Bawah II,2,"13,050"
2025-05-08,Beras Kualitas Bawah II,2,"13,050"
2025-05-09,Beras Kualitas Bawah II,2,"13,050"
2025-05-12,Beras Kualitas Bawah II,2,"13,050"
2025-05-13,Beras Kualitas Bawah II,2,"13,050"
2025-05-14,Beras Kualitas Bawah II,2,"13,050"
2025-05-15,Beras Kualitas Bawah II,2,"13,100"
2025-05-16,Beras Kualitas Bawah II,2,"13,100"
2025-05-19,Beras Kualitas Bawah II,2,"13,100"
2025-05-20,Beras Kualitas Bawah II,2,"13,100"
2025-05-21,Beras Kualitas Bawah II,2,"13,100"
2025-05-22,Beras Kualitas Bawah II,2,"13,150"
2025-05-23,Beras Kualitas Bawah II,2,"13,150"
2025-05-26,Beras Kualitas Bawah II,2,"13,150"
2025-05-27,Beras Kualitas Bawah II,2,"13,150"
2025-05-28,Beras Kualitas Bawah II,2,"13,150"
2025-05-29,Beras Kualitas Bawah II,2,"13,150"
2025-05-30,Beras Kualitas Bawah II,2,"13,150"
2025-05-01,Beras Kualitas Medium I,2,"14,400"
2025-05-02,Beras Kualitas Medium I,2,"14,400"
2025-05-05,Beras Kualitas Medium I,2,"14,400"
2025-05-06,Beras Kualitas Medium I,2,"14,400"
2025-05-07,Beras Kualitas Medium I,2,"14,400"
2025-05-08,Beras Kualitas Medium I,2,"14,400"
2025-05-09,Beras Kualitas Medium I,2,"14,400"
2025-05-12,Beras Kualitas Medium I,2,"14,400"
2025-05-13,Beras Kualitas Medium I,2,"14,400"
2025-05-14,Beras Kualitas Medium I,2,"14,400"
2025-05-15,Beras Kualitas Medium I,2,"14,450"
2025-05-16,Beras Kualitas Medium I,2,"14,450"
2025-05-19,Beras Kualitas Medium I,2,"14,450"
2025-05-20,Beras Kualitas Medium I,2,"14,450"
2025-05-21,Beras Kualitas Medium I,2,"14,450"
2025-05-22,Beras Kualitas Medium I,2,"14,500"
2025-05-23,Beras Kualitas Medium I,2,"14,500"
2025-05-26,Beras Kualitas Medium I,2,"14,500"
2025-05-27,Beras Kualitas Medium I,2,"14,500"
2025-05-28,Beras Kualitas Medium I,2,"14,500"
2025-05-29,Beras Kualitas Medium I,2,"14,500"
2025-05-30,Beras Kualitas Medium I,2,"14,500"
2025-05-01,Beras Kualitas Medium II,2,"14,250"
2025-05-02,Beras Kualitas Medium II,2,"14,250"
2025-05-05,Beras Kualitas Medium II,2,"14,250"
2025-05-06,Beras Kualitas Medium II,2,"14,250"
2025-05-07,Beras Kualitas Medium II,2,"14,250"
2025-05-08,Beras Kualitas Medium II,2,"14,250"
2025-05-09,Beras Kualitas Medium II,2,"14,250"
2025-05-12,Beras Kualitas Medium II,2,"14,250"
2025-05-13,Beras Kualitas Medium II,2,"14,250"
2025-05-14,Beras Kualitas Medium II,2,"14,250"
2025-05-15,Beras Kualitas Medium II,2,"14,300"
2025-05-16,Beras Kualitas Medium II,2,"14,300"
2025-05-19,Beras Kualitas Medium II,2,"14,300"
2025-05-20,Beras Kualitas Medium II,2,"14,300"
2025-05-21,Beras Kualitas Medium II,2,"14,300"
2025-05-22,Beras Kualitas Medium II,2,"14,350"
2025-05-23,Beras Kualitas Medium II,2,"14,350"
2025-05-26,Beras Kualitas Medium II,2,"14,350"
2025-05-27,Beras Kualitas Medium II,2,"14,350"
2025-05-28,Beras Kualitas Medium II,2,"14,350"
2025-05-29,Beras Kualitas Medium II,2,"14,400"
2025-05-30,Beras Kualitas Medium II,2,"14,400"
2025-05-01,Beras Kualitas Super I,2,"15,750"
2025-05-02,Beras Kualitas Super I,2,"15,750"
2025-05-05,Beras Kualitas Super I,2,"15,750"
2025-05-06,Beras Kualitas Super I,2,"15,750"
2025-05-07,Beras Kualitas Super I,2,"15,750"
2025-05-08,Beras Kualitas Super I,2,"15,750"
2025-05-09,Beras Kualitas Super I,2,"15,750"
2025-05-12,Beras Kualitas Super I,2,"15,750"
2025-05-13,Beras Kualitas Super I,2,"15,750"
2025-05-14,Beras Kualitas Super I,2,"15,750"
2025-05-15,Beras Kualitas Super I,2,"15,800"
2025-05-16,Beras Kualitas Super I,2,"15,800"
2025-05-19,Beras Kualitas Super I,2,"15,800"
2025-05-20,Beras Kualitas Super I,2,"15,800"
2025-05-21,Beras Kualitas Super I,2,"15,800"
2025-05-22,Beras Kualitas Super I,2,"15,850"
2025-05-23,Beras Kualitas Super I,2,"15,850"
2025-05-26,Beras Kualitas Super I,2,"15,850"
2025-05-27,Beras Kualitas Super I,2,"15,850"
2025-05-28,Beras Kualitas Super I,2,"15,850"
2025-05-29,Beras Kualitas Super I,2,"15,850"
2025-05-30,Beras Kualitas Super I,2,"15,850"
2025-05-01,Beras Kualitas Super II,2,"15,450"
2025-05-02,Beras Kualitas Super II,2,"15,450"
2025-05-05,Beras Kualitas Super II,2,"15,450"
2025-05-06,Beras Kualitas Super II,2,"15,450"
2025-05-07,Beras Kualitas Super II,2,"15,400"
2025-05-08,Beras Kualitas Super II,2,"15,400"
2025-05-09,Beras Kualitas Super II,2,"15,400"
2025-05-12,Beras Kualitas Super II,2,"15,400"
2025-05-13,Beras Kualitas Super II,2,"15,400"
2025-05-14,Beras Kualitas Super II,2,"15,400"
2025-05-15,Beras Kualitas Super II,2,"15,450"
2025-05-16,Beras Kualitas Super II,2,"15,450"
2025-05-19,Beras Kualitas Super II,2,"15,450"
2025-05-20,Beras Kualitas Super II,2,"15,450"
2025-05-21,Beras Kualitas Super II,2,"15,450"
2025-05-22,Beras Kualitas Super II,2,"15,500"
2025-05-23,Beras Kualitas Super II,2,"15,500"
2025-05-26,Beras Kualitas Super II,2,"15,500"
2025-05-27,Beras Kualitas Super II,2,"15,500"
2025-05-28,Beras Kualitas Super II,2,"15,500"
2025-05-29,Beras Kualitas Super II,2,"15,550"
2025-05-30,Beras Kualitas Super II,2,"15,550"
2025-05-01,Daging Ayam,1,"28,900"
2025-05-02,Daging Ayam,1,"28,900"
2025-05-05,Daging Ayam,1,"28,900"
2025-05-06,Daging Ayam,1,"28,900"
2025-05-07,Daging Ayam,1,"28,950"
2025-05-08,Daging Ayam,1,"29,650"
2025-05-09,Daging Ayam,1,"29,650"
2025-05-12,Daging Ayam,1,"29,650"
2025-05-13,Daging Ayam,1,"29,650"
2025-05-14,Daging Ayam,1,"29,800"
2025-05-15,Daging Ayam,1,"30,250"
2025-05-16,Daging Ayam,1,"30,250"
2025-05-19,Daging Ayam,1,"30,250"
2025-05-20,Daging Ayam,1,"30,250"
2025-05-21,Daging Ayam,1,"30,250"
2025-05-22,Daging Ayam,1,"30,100"
2025-05-23,Daging Ayam,1,"30,100"
2025-05-26,Daging Ayam,1,"30,100"
2025-05-27,Daging Ayam,1,"30,100"
2025-05-28,Daging Ayam,1,"29,950"
2025-05-29,Daging Ayam,1,"29,550"
2025-05-30,Daging Ayam,1,"29,550"
2025-05-01,Daging Ayam Ras Segar,2,"28,900"
2025-05-02,Daging Ayam Ras Segar,2,"28,900"
2025-05-05,Daging Ayam Ras Segar,2,"28,900"
2025-05-06,Daging Ayam Ras Segar,2,"28,900"
2025-05-07,Daging Ayam Ras Segar,2,"28,950"
2025-05-08,Daging Ayam Ras Segar,2,"29,650"
2025-05-09,Daging Ayam Ras Segar,2,"29,650"
2025-05-12,Daging Ayam Ras Segar,2,"29,650"
2025-05-13,Daging Ayam Ras Segar,2,"29,650"
2025-05-14,Daging Ayam Ras Segar,2,"29,800"
2025-05-15,Daging Ayam Ras Segar,2,"30,250"
2025-05-16,Daging Ayam Ras Segar,2,"30,250"
2025-05-19,Daging Ayam Ras Segar,2,"30,250"
2025-05-20,Daging Ayam Ras Segar,2,"30,250"
2025-05-21,Daging Ayam Ras Segar,2,"30,250"
2025-05-22,Daging Ayam Ras Segar,2,"30,100"
2025-05-23,Daging Ayam Ras Segar,2,"30,100"
2025-05-26,Daging Ayam Ras Segar,2,"30,100"
2025-05-27,Daging Ayam Ras Segar,2,"30,100"
2025-05-28,Daging Ayam Ras Segar,2,"29,950"
2025-05-29,Daging Ayam Ras Segar,2,"29,550"
2025-05-30,Daging Ayam Ras Segar,2,"29,550"
2025-05-01,Daging Sapi,1,"127,450"
2025-05-02,Daging Sapi,1,"127,450"
2025-05-05,Daging Sapi,1,"127,450"
2025-05-06,Daging Sapi,1,"127,450"
2025-05-07,Daging Sapi,1,"127,450"
2025-05-08,Daging Sapi,1,"127,400"
2025-05-09,Daging Sapi,1,"127,400"
2025-05-12,Daging Sapi,1,"127,400"
2025-05-13,Daging Sapi,1,"127,400"
2025-05-14,Daging Sapi,1,"127,400"
2025-05-15,Daging Sapi,1,"127,550"
2025-05-16,Daging Sapi,1,"127,550"
2025-05-19,Daging Sapi,1,"127,550"
2025-05-20,Daging Sapi,1,"127,550"
2025-05-21,Daging Sapi,1,"127,550"
2025-05-22,Daging Sapi,1,"127,500"
2025-05-23,Daging Sapi,1,"127,500"
2025-05-26,Daging Sapi,1,"127,500"
2025-05-27,Daging Sapi,1,"127,500"
2025-05-28,Daging Sapi,1,"127,500"
2025-05-29,Daging Sapi,1,"127,500"
2025-05-30,Daging Sapi,1,"127,500"
2025-05-01,Daging Sapi Kualitas 1,2,"130,100"
2025-05-02,Daging Sapi Kualitas 1,2,"130,100"
2025-05-05,Daging Sapi Kualitas 1,2,"130,100"
2025-05-06,Daging Sapi Kualitas 1,2,"130,100"
2025-05-07,Daging Sapi Kualitas 1,2,"130,100"
2025-05-08,Daging Sapi Kualitas 1,2,"130,050"
2025-05-09,Daging Sapi Kualitas 1,2,"130,050"
2025-05-12,Daging Sapi Kualitas 1,2,"130,050"
2025-05-13,Daging Sapi Kualitas 1,2,"130,050"
2025-05-14,Daging Sapi Kualitas 1,2,"130,050"
2025-05-15,Daging Sapi Kualitas 1,2,"130,200"
2025-05-16,Daging Sapi Kualitas 1,2,"130,200"
2025-05-19,Daging Sapi Kualitas 1,2,"130,200"
2025-05-20,Daging Sapi Kualitas 1,2,"130,200"
2025-05-21,Daging Sapi Kualitas 1,2,"130,200"
2025-05-22,Daging Sapi Kualitas 1,2,"130,150"
2025-05-23,Daging Sapi Kualitas 1,2,"130,150"
2025-05-26,Daging Sapi Kualitas 1,2,"130,150"
2025-05-27,Daging Sapi Kualitas 1,2,"130,150"
2025-05-28,Daging Sapi Kualitas 1,2,"130,150"
2025-05-29,Daging Sapi Kualitas 1,2,"130,150"
2025-05-30,Daging Sapi Kualitas 1,2,"130,150"
2025-05-01,Daging Sapi Kualitas 2,2,"125,800"
2025-05-02,Daging Sapi Kualitas 2,2,"125,800"
2025-05-05,Daging Sapi Kualitas 2,2,"125,800"
2025-05-06,Daging Sapi Kualitas 2,2,"125,800"
2025-05-07,Daging Sapi Kualitas 2,2,"125,800"
2025-05-08,Daging Sapi Kualitas 2,2,"125,750"
2025-05-09,Daging Sapi Kualitas 2,2,"125,750"
2025-05-12,Daging Sapi Kualitas 2,2,"125,750"
2025-05-13,Daging Sapi Kualitas 2,2,"125,750"
2025-05-14,Daging Sapi Kualitas 2,2,"125,750"
2025-05-15,Daging Sapi Kualitas 2,2,"125,900"
2025-05-16,Daging Sapi Kualitas 2,2,"125,900"
2025-05-19,Daging Sapi Kualitas 2,2,"125,900"
2025-05-20,Daging Sapi Kualitas 2,2,"125,900"
2025-05-21,Daging Sapi Kualitas 2,2,"125,900"
2025-05-22,Daging Sapi Kualitas 2,2,"125,850"
2025-05-23,Daging Sapi Kualitas 2,2,"125,850"
2025-05-26,Daging Sapi Kualitas 2,2,"125,850"
2025-05-27,Daging Sapi Kualitas 2,2,"125,850"
2025-05-28,Daging Sapi Kualitas 2,2,"125,850"
2025-05-29,Daging Sapi Kualitas 2,2,"125,850"
2025-05-30,Daging Sapi Kualitas 2,2,"125,850"
2025-05-01,Telur Ayam,1,"27,200"
2025-05-02,Telur Ayam,1,"27,200"
2025-05-05,Telur Ayam,1,"27,200"
2025-05-06,Telur Ayam,1,"27,200"
2025-05-07,Telur Ayam,1,"27,200"
2025-05-08,Telur Ayam,1,"27,200"
2025-05-09,Telur Ayam,1,"27,200"
2025-05-12,Telur Ayam,1,"27,200"
2025-05-13,Telur Ayam,1,"27,200"
2025-05-14,Telur Ayam,1,"27,200"
2025-05-15,Telur Ayam,1,"27,150"
2025-05-16,Telur Ayam,1,"27,150"
2025-05-19,Telur Ayam,1,"27,150"
2025-05-20,Telur Ayam,1,"27,150"
2025-05-21,Telur Ayam,1,"27,150"
2025-05-22,Telur Ayam,1,"27,100"
2025-05-23,Telur Ayam,1,"27,100"
2025-05-26,Telur Ayam,1,"27,100"
2025-05-27,Telur Ayam,1,"27,100"
2025-05-28,Telur Ayam,1,"27,100"
2025-05-29,Telur Ayam,1,"27,050"
2025-05-30,Telur Ayam,1,"27,050"
2025-05-01,Telur Ayam Ras Segar,2,"27,200"
2025-05-02,Telur Ayam Ras Segar,2,"27,200"
2025-05-05,Telur Ayam Ras Segar,2,"27,200"
2025-05-06,Telur Ayam Ras Segar,2,"27,200"
2025-05-07,Telur Ayam Ras Segar,2,"27,200"
2025-05-08,Telur Ayam Ras Segar,2,"27,200"
2025-05-09,Telur Ayam Ras Segar,2,"27,200"
2025-05-12,Telur Ayam Ras Segar,2,"27,200"
2025-05-13,Telur Ayam Ras Segar,2,"27,200"
2025-05-14,Telur Ayam Ras Segar,2,"27,200"
2025-05-15,Telur Ayam Ras Segar,2,"27,150"
2025-05-16,Telur Ayam Ras Segar,2,"27,150"
2025-05-19,Telur Ayam Ras Segar,2,"27,150"
2025-05-20,Telur Ayam Ras Segar,2,"27,150"
2025-05-21,Telur Ayam Ras Segar,2,"27,150"
2025-05-22,Telur Ayam Ras Segar,2,"27,100"
2025-05-23,Telur Ayam Ras Segar,2,"27,100"
2025-05-26,Telur Ayam Ras Segar,2,"27,100"
2025-05-27,Telur Ayam Ras Segar,2,"27,100"
2025-05-28,Telur Ayam Ras Segar,2,"27,100"
2025-05-29,Telur Ayam Ras Segar,2,"27,050"
2025-05-30,Telur Ayam Ras Segar,2,"27,050"
2025-05-01,Bawang Merah,1,"35,100"
2025-05-02,Bawang Merah,1,"35,100"
2025-05-05,Bawang Merah,1,"35,100"
2025-05-06,Bawang Merah,1,"35,100"
2025-05-07,Bawang Merah,1,"35,050"
2025-05-08,Bawang Merah,1,"34,400"
2025-05-09,Bawang Merah,1,"34,400"
2025-05-12,Bawang Merah,1,"34,400"
2025-05-13,Bawang Merah,1,"34,400"
2025-05-14,Bawang Merah,1,"34,500"
2025-05-15,Bawang Merah,1,"32,950"
2025-05-16,Bawang Merah,1,"32,950"
2025-05-19,Bawang Merah,1,"32,950"
2025-05-20,Bawang Merah,1,"32,950"
2025-05-21,Bawang Merah,1,"32,950"
2025-05-22,Bawang Merah,1,"32,900"
2025-05-23,Bawang Merah,1,"32,900"
2025-05-26,Bawang Merah,1,"32,900"
2025-05-27,Bawang Merah,1,"32,900"
2025-05-28,Bawang Merah,1,"32,700"
2025-05-29,Bawang Merah,1,"32,100"
2025-05-30,Bawang Merah,1,"32,100"
2025-05-01,Bawang Merah Ukuran Sedang,2,"35,100"
2025-05-02,Bawang Merah Ukuran Sedang,2,"35,100"
2025-05-05,Bawang Merah Ukuran Sedang,2,"35,100"
2025-05-06,Bawang Merah Ukuran Sedang,2,"35,100"
2025-05-07,Bawang Merah Ukuran Sedang,2,"35,050"
2025-05-08,Bawang Merah Ukuran Sedang,2,"34,400"
2025-05-09,Bawang Merah Ukuran Sedang,2,"34,400"
2025-05-12,Bawang Merah Ukuran Sedang,2,"34,400"
2025-05-13,Bawang Merah Ukuran Sedang,2,"34,400"
2025-05-14,Bawang Merah Ukuran Sedang,2,"34,500"
2025-05-15,Bawang Merah Ukuran Sedang,2,"32,950"
2025-05-16,Bawang Merah Ukuran Sedang,2,"32,950"
2025-05-19,Bawang Merah Ukuran Sedang,2,"32,950"
2025-05-20,Bawang Merah Ukuran Sedang,2,"32,950"
2025-05-21,Bawang Merah Ukuran Sedang,2,"32,950"
2025-05-22,Bawang Merah Ukuran Sedang,2,"32,900"
2025-05-23,Bawang Merah Ukuran Sedang,2,"32,900"
2025-05-26,Bawang Merah Ukuran Sedang,2,"32,900"
2025-05-27,Bawang Merah Ukuran Sedang,2,"32,900"
2025-05-28,Bawang Merah Ukuran Sedang,2,"32,700"
2025-05-29,Bawang Merah Ukuran Sedang,2,"32,100"
2025-05-30,Bawang Merah Ukuran Sedang,2,"32,100"
2025-05-01,Bawang Putih,1,"38,300"
2025-05-02,Bawang Putih,1,"38,300"
2025-05-05,Bawang Putih,1,"38,300"
2025-05-06,Bawang Putih,1,"38,300"
2025-05-07,Bawang Putih,1,"38,300"
2025-05-08,Bawang Putih,1,"37,900"
2025-05-09,Bawang Putih,1,"37,900"
2025-05-12,Bawang Putih,1,"37,900"
2025-05-13,Bawang Putih,1,"37,900"
2025-05-14,Bawang Putih,1,"37,950"
2025-05-15,Bawang Putih,1,"36,950"
2025-05-16,Bawang Putih,1,"36,950"
2025-05-19,Bawang Putih,1,"36,950"
2025-05-20,Bawang Putih,1,"36,950"
2025-05-21,Bawang Putih,1,"36,950"
2025-05-22,Bawang Putih,1,"36,000"
2025-05-23,Bawang Putih,1,"36,000"
2025-05-26,Bawang Putih,1,"36,000"
2025-05-27,Bawang Putih,1,"36,000"
2025-05-28,Bawang Putih,1,"35,800"
2025-05-29,Bawang Putih,1,"34,750"
2025-05-30,Bawang Putih,1,"34,750"
2025-05-01,Bawang Putih Ukuran Sedang,2,"38,300"
2025-05-02,Bawang Putih Ukuran Sedang,2,"38,300"
2025-05-05,Bawang Putih Ukuran Sedang,2,"38,300"
2025-05-06,Bawang Putih Ukuran Sedang,2,"38,300"
2025-05-07,Bawang Putih Ukuran Sedang,2,"38,300"
2025-05-08,Bawang Putih Ukuran Sedang,2,"37,900"
2025-05-09,Bawang Putih Ukuran Sedang,2,"37,900"
2025-05-12,Bawang Putih Ukuran Sedang,2,"37,900"
2025-05-13,Bawang Putih Ukuran Sedang,2,"37,900"
2025-05-14,Bawang Putih Ukuran Sedang,2,"37,950"
2025-05-15,Bawang Putih Ukuran Sedang,2,"36,950"
2025-05-16,Bawang Putih Ukuran Sedang,2,"36,950"
2025-05-19,Bawang Putih Ukuran Sedang,2,"36,950"
2025-05-20,Bawang Putih Ukuran Sedang,2,"36,950"
2025-05-21,Bawang Putih Ukuran Sedang,2,"36,950"
2025-05-22,Bawang Putih Ukuran Sedang,2,"36,000"
2025-05-23,Bawang Putih Ukuran Sedang,2,"36,000"
2025-05-26,Bawang Putih Ukuran Sedang,2,"36,000"
2025-05-27,Bawang Putih Ukuran Sedang,2,"36,000"
2025-05-28,Bawang Putih Ukuran Sedang,2,"35,800"
2025-05-29,Bawang Putih Ukuran Sedang,2,"34,750"
2025-05-30,Bawang Putih Ukuran Sedang,2,"34,750"
2025-05-01,Cabai Merah,1,"49,400"
2025-05-02,Cabai Merah,1,"49,400"
2025-05-05,Cabai Merah,1,"49,400"
2025-05-06,Cabai Merah,1,"49,400"
2025-05-07,Cabai Merah,1,"49,300"
2025-05-08,Cabai Merah,1,"46,850"
2025-05-09,Cabai Merah,1,"46,850"
2025-05-12,Cabai Merah,1,"46,850"
2025-05-13,Cabai Merah,1,"46,850"
2025-05-14,Cabai Merah,1,"46,850"
2025-05-15,Cabai Merah,1,"45,150"
2025-05-16,Cabai Merah,1,"45,150"
2025-05-19,Cabai Merah,1,"45,150"
2025-05-20,Cabai Merah,1,"45,150"
2025-05-21,Cabai Merah,1,"45,100"
2025-05-22,Cabai Merah,1,"41,650"
2025-05-23,Cabai Merah,1,"41,650"
2025-05-26,Cabai Merah,1,"41,650"
2025-05-27,Cabai Merah,1,"41,650"
2025-05-28,Cabai Merah,1,"41,400"
2025-05-29,Cabai Merah,1,"39,800"
2025-05-30,Cabai Merah,1,"39,800"
2025-05-01,Cabai Merah Besar,2,"45,900"
2025-05-02,Cabai Merah Besar,2,"45,900"
2025-05-05,Cabai Merah Besar,2,"45,900"
2025-05-06,Cabai Merah Besar,2,"45,900"
2025-05-07,Cabai Merah Besar,2,"45,750"
2025-05-08,Cabai Merah Besar,2,"42,450"
2025-05-09,Cabai Merah Besar,2,"42,450"
2025-05-12,Cabai Merah Besar,2,"42,450"
2025-05-13,Cabai Merah Besar,2,"42,450"
2025-05-14,Cabai Merah Besar,2,"42,450"
2025-05-15,Cabai Merah Besar,2,"39,650"
2025-05-16,Cabai Merah Besar,2,"39,650"
2025-05-19,Cabai Merah Besar,2,"39,650"
2025-05-20,Cabai Merah Besar,2,"39,650"
2025-05-21,Cabai Merah Besar,2,"39,500"
2025-05-22,Cabai Merah Besar,2,"37,600"
2025-05-23,Cabai Merah Besar,2,"37,600"
2025-05-26,Cabai Merah Besar,2,"37,600"
2025-05-27,Cabai Merah Besar,2,"37,600"
2025-05-28,Cabai Merah Besar,2,"37,500"
2025-05-29,Cabai Merah Besar,2,"36,900"
2025-05-30,Cabai Merah Besar,2,"36,900"
2025-05-01,Cabai Merah Keriting ,2,"49,950"
2025-05-02,Cabai Merah Keriting ,2,"49,950"
2025-05-05,Cabai Merah Keriting ,2,"49,950"
2025-05-06,Cabai Merah Keriting ,2,"49,950"
2025-05-07,Cabai Merah Keriting ,2,"49,900"
2025-05-08,Cabai Merah Keriting ,2,"47,800"
2025-05-09,Cabai Merah Keriting ,2,"47,800"
2025-05-12,Cabai Merah Keriting ,2,"47,800"
2025-05-13,Cabai Merah Keriting ,2,"47,800"
2025-05-14,Cabai Merah Keriting ,2,"47,750"
2025-05-15,Cabai Merah Keriting ,2,"46,700"
2025-05-16,Cabai Merah Keriting ,2,"46,700"
2025-05-19,Cabai Merah Keriting ,2,"46,700"
2025-05-20,Cabai Merah Keriting ,2,"46,700"
2025-05-21,Cabai Merah Keriting ,2,"46,700"
2025-05-22,Cabai Merah Keriting ,2,"42,250"
2025-05-23,Cabai Merah Keriting ,2,"42,250"
2025-05-26,Cabai Merah Keriting ,2,"42,250"
2025-05-27,Cabai Merah Keriting ,2,"42,250"
2025-05-28,Cabai Merah Keriting ,2,"41,850"
2025-05-29,Cabai Merah Keriting ,2,"39,500"
2025-05-30,Cabai Merah Keriting ,2,"39,500"
2025-05-01,Cabai Rawit,1,"49,650"
2025-05-02,Cabai Rawit,1,"49,650"
2025-05-05,Cabai Rawit,1,"49,650"
2025-05-06,Cabai Rawit,1,"49,650"
2025-05-07,Cabai Rawit,1,"49,600"
2025-05-08,Cabai Rawit,1,"45,300"
2025-05-09,Cabai Rawit,1,"45,300"
2025-05-12,Cabai Rawit,1,"45,300"
2025-05-13,Cabai Rawit,1,"45,300"
2025-05-14,Cabai Rawit,1,"45,300"
2025-05-15,Cabai Rawit,1,"43,000"
2025-05-16,Cabai Rawit,1,"43,000"
2025-05-19,Cabai Rawit,1,"43,000"
2025-05-20,Cabai Rawit,1,"43,000"
2025-05-21,Cabai Rawit,1,"43,000"
2025-05-22,Cabai Rawit,1,"39,900"
2025-05-23,Cabai Rawit,1,"39,900"
2025-05-26,Cabai Rawit,1,"39,900"
2025-05-27,Cabai Rawit,1,"39,900"
2025-05-28,Cabai Rawit,1,"39,800"
2025-05-29,Cabai Rawit,1,"39,050"
2025-05-30,Cabai Rawit,1,"39,050"
2025-05-01,Cabai Rawit Hijau,2,"39,750"
2025-05-02,Cabai Rawit Hijau,2,"39,750"
2025-05-05,Cabai Rawit Hijau,2,"39,750"
2025-05-06,Cabai Rawit Hijau,2,"39,750"
2025-05-07,Cabai Rawit Hijau,2,"39,900"
2025-05-08,Cabai Rawit Hijau,2,"39,650"
2025-05-09,Cabai Rawit Hijau,2,"39,650"
2025-05-12,Cabai Rawit Hijau,2,"39,650"
2025-05-13,Cabai Rawit Hijau,2,"39,650"
2025-05-14,Cabai Rawit Hijau,2,"39,700"
2025-05-15,Cabai Rawit Hijau,2,"38,900"
2025-05-16,Cabai Rawit Hijau,2,"38,900"
2025-05-19,Cabai Rawit Hijau,2,"38,900"
2025-05-20,Cabai Rawit Hijau,2,"38,900"
2025-05-21,Cabai Rawit Hijau,2,"39,000"
2025-05-22,Cabai Rawit Hijau,2,"36,700"
2025-05-23,Cabai Rawit Hijau,2,"36,700"
2025-05-26,Cabai Rawit Hijau,2,"36,700"
2025-05-27,Cabai Rawit Hijau,2,"36,700"
2025-05-28,Cabai Rawit Hijau,2,"36,500"
2025-05-29,Cabai Rawit Hijau,2,"36,100"
2025-05-30,Cabai Rawit Hijau,2,"36,100"
2025-05-01,Cabai Rawit Merah,2,"58,350"
2025-05-02,Cabai Rawit Merah,2,"58,350"
2025-05-05,Cabai Rawit Merah,2,"58,350"
2025-05-06,Cabai Rawit Merah,2,"58,350"
2025-05-07,Cabai Rawit Merah,2,"58,100"
2025-05-08,Cabai Rawit Merah,2,"51,100"
2025-05-09,Cabai Rawit Merah,2,"51,100"
2025-05-12,Cabai Rawit Merah,2,"51,100"
2025-05-13,Cabai Rawit Merah,2,"51,100"
2025-05-14,Cabai Rawit Merah,2,"51,100"
2025-05-15,Cabai Rawit Merah,2,"46,700"
2025-05-16,Cabai Rawit Merah,2,"46,700"
2025-05-19,Cabai Rawit Merah,2,"46,700"
2025-05-20,Cabai Rawit Merah,2,"46,700"
2025-05-21,Cabai Rawit Merah,2,"46,650"
2025-05-22,Cabai Rawit Merah,2,"42,600"
2025-05-23,Cabai Rawit Merah,2,"42,600"
2025-05-26,Cabai Rawit Merah,2,"42,600"
2025-05-27,Cabai Rawit Merah,2,"42,600"
2025-05-28,Cabai Rawit Merah,2,"42,550"
2025-05-29,Cabai Rawit Merah,2,"41,800"
2025-05-30,Cabai Rawit Merah,2,"41,800"
2025-05-01,Minyak Goreng,1,"19,450"
2025-05-02,Minyak Goreng,1,"19,450"
2025-05-05,Minyak Goreng,1,"19,450"
2025-05-06,Minyak Goreng,1,"19,450"
2025-05-07,Minyak Goreng,1,"19,450"
2025-05-08,Minyak Goreng,1,"19,400"
2025-05-09,Minyak Goreng,1,"19,400"
2025-05-12,Minyak Goreng,1,"19,400"
2025-05-13,Minyak Goreng,1,"19,400"
2025-05-14,Minyak Goreng,1,"19,400"
2025-05-15,Minyak Goreng,1,"19,350"
2025-05-16,Minyak Goreng,1,"19,350"
2025-05-19,Minyak Goreng,1,"19,350"
2025-05-20,Minyak Goreng,1,"19,350"
2025-05-21,Minyak Goreng,1,"19,350"
2025-05-22,Minyak Goreng,1,"19,350"
2025-05-23,Minyak Goreng,1,"19,350"
2025-05-26,Minyak Goreng,1,"19,350"
2025-05-27,Minyak Goreng,1,"19,350"
2025-05-28,Minyak Goreng,1,"19,350"
2025-05-29,Minyak Goreng,1,"19,350"
2025-05-30,Minyak Goreng,1,"19,350"
2025-05-01,Minyak Goreng Curah,2,"17,350"
2025-05-02,Minyak Goreng Curah,2,"17,350"
2025-05-05,Minyak Goreng Curah,2,"17,350"
2025-05-06,Minyak Goreng Curah,2,"17,350"
2025-05-07,Minyak Goreng Curah,2,"17,350"
2025-05-08,Minyak Goreng Curah,2,"17,250"
2025-05-09,Minyak Goreng Curah,2,"17,250"
2025-05-12,Minyak Goreng Curah,2,"17,250"
2025-05-13,Minyak Goreng Curah,2,"17,250"
2025-05-14,Minyak Goreng Curah,2,"17,250"
2025-05-15,Minyak Goreng Curah,2,"17,150"
2025-05-16,Minyak Goreng Curah,2,"17,150"
2025-05-19,Minyak Goreng Curah,2,"17,150"
2025-05-20,Minyak Goreng Curah,2,"17,150"
2025-05-21,Minyak Goreng Curah,2,"17,150"
2025-05-22,Minyak Goreng Curah,2,"17,100"
2025-05-23,Minyak Goreng Curah,2,"17,100"
2025-05-26,Minyak Goreng Curah,2,"17,100"
2025-05-27,Minyak Goreng Curah,2,"17,100"
2025-05-28,Minyak Goreng Curah,2,"17,100"
2025-05-29,Minyak Goreng Curah,2,"17,000"
2025-05-30,Minyak Goreng Curah,2,"17,000"
2025-05-01,Minyak Goreng Kemasan Bermerk 1,2,"20,400"
2025-05-02,Minyak Goreng Kemasan Bermerk 1,2,"20,400"
2025-05-05,Minyak Goreng Kemasan Bermerk 1,2,"20,400"
2025-05-06,Minyak Goreng Kemasan Bermerk 1,2,"20,400"
2025-05-07,Minyak Goreng Kemasan Bermerk 1,2,"20,400"
2025-05-08,Minyak Goreng Kemasan Bermerk 1,2,"20,400"
2025-05-09,Minyak Goreng Kemasan Bermerk 1,2,"20,400"
2025-05-12,Minyak Goreng Kemasan Bermerk 1,2,"20,400"
2025-05-13,Minyak Goreng Kemasan Bermerk 1,2,"20,400"
2025-05-14,Minyak Goreng Kemasan Bermerk 1,2,"20,400"
2025-05-15,Minyak Goreng Kemasan Bermerk 1,2,"20,400"
2025-05-16,Minyak Goreng Kemasan Bermerk 1,2,"20,400"
2025-05-19,Minyak Goreng Kemasan Bermerk 1,2,"20,400"
2025-05-20,Minyak Goreng Kemasan Bermerk 1,2,"20,400"
2025-05-21,Minyak Goreng Kemasan Bermerk 1,2,"20,400"
2025-05-22,Minyak Goreng Kemasan Bermerk 1,2,"20,400"
2025-05-23,Minyak Goreng Kemasan Bermerk 1,2,"20,400"
2025-05-26,Minyak Goreng Kemasan Bermerk 1,2,"20,400"
2025-05-27,Minyak Goreng Kemasan Bermerk 1,2,"20,400"
2025-05-28,Minyak Goreng Kemasan Bermerk 1,2,"20,400"
2025-05-29,Minyak Goreng Kemasan Bermerk 1,2,"20,450"
2025-05-30,Minyak Goreng Kemasan Bermerk 1,2,"20,450"
2025-05-01,Minyak Goreng Kemasan Bermerk 2,2,"19,850"
2025-05-02,Minyak Goreng Kemasan Bermerk 2,2,"19,850"
2025-05-05,Minyak Goreng Kemasan Bermerk 2,2,"19,850"
2025-05-06,Minyak Goreng Kemasan Bermerk 2,2,"19,850"
2025-05-07,Minyak Goreng Kemasan Bermerk 2,2,"19,900"
2025-05-08,Minyak Goreng Kemasan Bermerk 2,2,"19,850"
2025-05-09,Minyak Goreng Kemasan Bermerk 2,2,"19,850"
2025-05-12,Minyak Goreng Kemasan Bermerk 2,2,"19,850"
2025-05-13,Minyak Goreng Kemasan Bermerk 2,2,"19,850"
2025-05-14,Minyak Goreng Kemasan Bermerk 2,2,"19,850"
2025-05-15,Minyak Goreng Kemasan Bermerk 2,2,"19,850"
2025-05-16,Minyak Goreng Kemasan Bermerk 2,2,"19,850"
2025-05-19,Minyak Goreng Kemasan Bermerk 2,2,"19,850"
2025-05-20,Minyak Goreng Kemasan Bermerk 2,2,"19,850"
2025-05-21,Minyak Goreng Kemasan Bermerk 2,2,"19,850"
2025-05-22,Minyak Goreng Kemasan Bermerk 2,2,"19,850"
2025-05-23,Minyak Goreng Kemasan Bermerk 2,2,"19,850"
2025-05-26,Minyak Goreng Kemasan Bermerk 2,2,"19,850"
2025-05-27,Minyak Goreng Kemasan Bermerk 2,2,"19,850"
2025-05-28,Minyak Goreng Kemasan Bermerk 2,2,"19,850"
2025-05-29,Minyak Goreng Kemasan Bermerk 2,2,"19,850"
2025-05-30,Minyak Goreng Kemasan Bermerk 2,2,"19,850"
2025-05-01,Gula Pasir,1,"17,800"
2025-05-02,Gula Pasir,1,"17,800"
2025-05-05,Gula Pasir,1,"17,800"
2025-05-06,Gula Pasir,1,"17,800"
2025-05-07,Gula Pasir,1,"17,800"
2025-05-08,Gula Pasir,1,"17,750"
2025-05-09,Gula Pasir,1,"17,750"
2025-05-12,Gula Pasir,1,"17,750"
2025-05-13,Gula Pasir,1,"17,750"
2025-05-14,Gula Pasir,1,"17,750"
2025-05-15,Gula Pasir,1,"17,700"
2025-05-16,Gula Pasir,1,"17,650"
2025-05-19,Gula Pasir,1,"17,650"
2025-05-20,Gula Pasir,1,"17,650"
2025-05-21,Gula Pasir,1,"17,650"
2025-05-22,Gula Pasir,1,"17,600"
2025-05-23,Gula Pasir,1,"17,600"
2025-05-26,Gula Pasir,1,"17,600"
2025-05-27,Gula Pasir,1,"17,600"
2025-05-28,Gula Pasir,1,"17,600"
2025-05-29,Gula Pasir,1,"17,600"
2025-05-30,Gula Pasir,1,"17,600"
2025-05-01,Gula Pasir Kualitas Premium,2,"18,350"
2025-05-02,Gula Pasir Kualitas Premium,2,"18,350"
2025-05-05,Gula Pasir Kualitas Premium,2,"18,350"
2025-05-06,Gula Pasir Kualitas Premium,2,"18,350"
2025-05-07,Gula Pasir Kualitas Premium,2,"18,350"
2025-05-08,Gula Pasir Kualitas Premium,2,"18,300"
2025-05-09,Gula Pasir Kualitas Premium,2,"18,300"
2025-05-12,Gula Pasir Kualitas Premium,2,"18,300"
2025-05-13,Gula Pasir Kualitas Premium,2,"18,300"
2025-05-14,Gula Pasir Kualitas Premium,2,"18,300"
2025-05-15,Gula Pasir Kualitas Premium,2,"18,300"
2025-05-16,Gula Pasir Kualitas Premium,2,"18,250"
2025-05-19,Gula Pasir Kualitas Premium,2,"18,250"
2025-05-20,Gula Pasir Kualitas Premium,2,"18,250"
2025-05-21,Gula Pasir Kualitas Premium,2,"18,250"
2025-05-22,Gula Pasir Kualitas Premium,2,"18,300"
2025-05-23,Gula Pasir Kualitas Premium,2,"18,300"
2025-05-26,Gula Pasir Kualitas Premium,2,"18,300"
2025-05-27,Gula Pasir Kualitas Premium,2,"18,300"
2025-05-28,Gula Pasir Kualitas Premium,2,"18,300"
2025-05-29,Gula Pasir Kualitas Premium,2,"18,300"
2025-05-30,Gula Pasir Kualitas Premium,2,"18,300"
2025-05-01,Gula Pasir Lokal,2,"17,350"
2025-05-02,Gula Pasir Lokal,2,"17,350"
2025-05-05,Gula Pasir Lokal,2,"17,350"
2025-05-06,Gula Pasir Lokal,2,"17,350"
2025-05-07,Gula Pasir Lokal,2,"17,350"
2025-05-08,Gula Pasir Lokal,2,"17,300"
2025-05-09,Gula Pasir Lokal,2,"17,300"
2025-05-12,Gula Pasir Lokal,2,"17,300"
2025-05-13,Gula Pasir Lokal,2,"17,300"
2025-05-14,Gula Pasir Lokal,2,"17,300"
2025-05-15,Gula Pasir Lokal,2,"17,200"
2025-05-16,Gula Pasir Lokal,2,"17,200"
2025-05-19,Gula Pasir Lokal,2,"17,200"
2025-05-20,Gula Pasir Lokal,2,"17,200"
2025-05-21,Gula Pasir Lokal,2,"17,200"
2025-05-22,Gula Pasir Lokal,2,"17,100"
2025-05-23,Gula Pasir Lokal,2,"17,100"
2025-05-26,Gula Pasir Lokal,2,"17,100"
2025-05-27,Gula Pasir Lokal,2,"17,100"
2025-05-28,Gula Pasir Lokal,2,"17,100"
2025-05-29,Gula Pasir Lokal,2,"17,100"
2025-05-30,Gula Pasir Lokal,2,"17,100"
2025-06-02,Beras,1,"14,500"
2025-06-03,Beras,1,"14,500"
2025-06-04,Beras,1,"14,500"
2025-06-05,Beras,1,"14,550"
2025-06-06,Beras,1,"14,550"
2025-06-09,Beras,1,"14,550"
2025-06-10,Beras,1,"14,550"
2025-06-11,Beras,1,"14,550"
2025-06-12,Beras,1,"14,600"
2025-06-13,Beras,1,"14,600"
2025-06-16,Beras,1,"14,600"
2025-06-17,Beras,1,"14,600"
2025-06-18,Beras,1,"14,600"
2025-06-19,Beras,1,"14,650"
2025-06-20,Beras,1,"14,650"
2025-06-23,Beras,1,"14,650"
2025-06-24,Beras,1,"14,650"
2025-06-25,Beras,1,"14,650"
2025-06-26,Beras,1,"14,700"
2025-06-27,Beras,1,"14,700"
2025-06-30,Beras,1,"14,700"
2025-06-02,Beras Kualitas Bawah I,2,"13,350"
2025-06-03,Beras Kualitas Bawah I,2,"13,350"
2025-06-04,Beras Kualitas Bawah I,2,"13,350"
2025-06-05,Beras Kualitas Bawah I,2,"13,400"
2025-06-06,Beras Kualitas Bawah I,2,"13,400"
2025-06-09,Beras Kualitas Bawah I,2,"13,400"
2025-06-10,Beras Kualitas Bawah I,2,"13,400"
2025-06-11,Beras Kualitas Bawah I,2,"13,400"
2025-06-12,Beras Kualitas Bawah I,2,"13,450"
2025-06-13,Beras Kualitas Bawah I,2,"13,450"
2025-06-16,Beras Kualitas Bawah I,2,"13,450"
2025-06-17,Beras Kualitas Bawah I,2,"13,450"
2025-06-18,Beras Kualitas Bawah I,2,"13,450"
2025-06-19,Beras Kualitas Bawah I,2,"13,500"
2025-06-20,Beras Kualitas Bawah I,2,"13,500"
2025-06-23,Beras Kualitas Bawah I,2,"13,500"
2025-06-24,Beras Kualitas Bawah I,2,"13,500"
2025-06-25,Beras Kualitas Bawah I,2,"13,500"
2025-06-26,Beras Kualitas Bawah I,2,"13,550"
2025-06-27,Beras Kualitas Bawah I,2,"13,550"
2025-06-30,Beras Kualitas Bawah I,2,"13,550"
2025-06-02,Beras Kualitas Bawah II,2,"13,150"
2025-06-03,Beras Kualitas Bawah II,2,"13,150"
2025-06-04,Beras Kualitas Bawah II,2,"13,150"
2025-06-05,Beras Kualitas Bawah II,2,"13,150"
2025-06-06,Beras Kualitas Bawah II,2,"13,150"
2025-06-09,Beras Kualitas Bawah II,2,"13,150"
2025-06-10,Beras Kualitas Bawah II,2,"13,150"
2025-06-11,Beras Kualitas Bawah II,2,"13,150"
2025-06-12,Beras Kualitas Bawah II,2,"13,200"
2025-06-13,Beras Kualitas Bawah II,2,"13,200"
2025-06-16,Beras Kualitas Bawah II,2,"13,200"
2025-06-17,Beras Kualitas Bawah II,2,"13,200"
2025-06-18,Beras Kualitas Bawah II,2,"13,200"
2025-06-19,Beras Kualitas Bawah II,2,"13,300"
2025-06-20,Beras Kualitas Bawah II,2,"13,300"
2025-06-23,Beras Kualitas Bawah II,2,"13,300"
2025-06-24,Beras Kualitas Bawah II,2,"13,300"
2025-06-25,Beras Kualitas Bawah II,2,"13,300"
2025-06-26,Beras Kualitas Bawah II,2,"13,400"
2025-06-27,Beras Kualitas Bawah II,2,"13,400"
2025-06-30,Beras Kualitas Bawah II,2,"13,400"
2025-06-02,Beras Kualitas Medium I,2,"14,500"
2025-06-03,Beras Kualitas Medium I,2,"14,500"
2025-06-04,Beras Kualitas Medium I,2,"14,500"
2025-06-05,Beras Kualitas Medium I,2,"14,600"
2025-06-06,Beras Kualitas Medium I,2,"14,600"
2025-06-09,Beras Kualitas Medium I,2,"14,600"
2025-06-10,Beras Kualitas Medium I,2,"14,600"
2025-06-11,Beras Kualitas Medium I,2,"14,600"
2025-06-12,Beras Kualitas Medium I,2,"14,650"
2025-06-13,Beras Kualitas Medium I,2,"14,650"
2025-06-16,Beras Kualitas Medium I,2,"14,650"
2025-06-17,Beras Kualitas Medium I,2,"14,650"
2025-06-18,Beras Kualitas Medium I,2,"14,650"
2025-06-19,Beras Kualitas Medium I,2,"14,650"
2025-06-20,Beras Kualitas Medium I,2,"14,650"
2025-06-23,Beras Kualitas Medium I,2,"14,650"
2025-06-24,Beras Kualitas Medium I,2,"14,650"
2025-06-25,Beras Kualitas Medium I,2,"14,650"
2025-06-26,Beras Kualitas Medium I,2,"14,700"
2025-06-27,Beras Kualitas Medium I,2,"14,700"
2025-06-30,Beras Kualitas Medium I,2,"14,700"
2025-06-02,Beras Kualitas Medium II,2,"14,400"
2025-06-03,Beras Kualitas Medium II,2,"14,400"
2025-06-04,Beras Kualitas Medium II,2,"14,400"
2025-06-05,Beras Kualitas Medium II,2,"14,450"
2025-06-06,Beras Kualitas Medium II,2,"14,450"
2025-06-09,Beras Kualitas Medium II,2,"14,450"
2025-06-10,Beras Kualitas Medium II,2,"14,450"
2025-06-11,Beras Kualitas Medium II,2,"14,450"
2025-06-12,Beras Kualitas Medium II,2,"14,500"
2025-06-13,Beras Kualitas Medium II,2,"14,500"
2025-06-16,Beras Kualitas Medium II,2,"14,500"
2025-06-17,Beras Kualitas Medium II,2,"14,500"
2025-06-18,Beras Kualitas Medium II,2,"14,500"
2025-06-19,Beras Kualitas Medium II,2,"14,550"
2025-06-20,Beras Kualitas Medium II,2,"14,550"
2025-06-23,Beras Kualitas Medium II,2,"14,550"
2025-06-24,Beras Kualitas Medium II,2,"14,550"
2025-06-25,Beras Kualitas Medium II,2,"14,550"
2025-06-26,Beras Kualitas Medium II,2,"14,600"
2025-06-27,Beras Kualitas Medium II,2,"14,600"
2025-06-30,Beras Kualitas Medium II,2,"14,600"
2025-06-02,Beras Kualitas Super I,2,"15,850"
2025-06-03,Beras Kualitas Super I,2,"15,850"
2025-06-04,Beras Kualitas Super I,2,"15,850"
2025-06-05,Beras Kualitas Super I,2,"15,900"
2025-06-06,Beras Kualitas Super I,2,"15,900"
2025-06-09,Beras Kualitas Super I,2,"15,900"
2025-06-10,Beras Kualitas Super I,2,"15,900"
2025-06-11,Beras Kualitas Super I,2,"15,900"
2025-06-12,Beras Kualitas Super I,2,"15,950"
2025-06-13,Beras Kualitas Super I,2,"15,950"
2025-06-16,Beras Kualitas Super I,2,"15,950"
2025-06-17,Beras Kualitas Super I,2,"15,950"
2025-06-18,Beras Kualitas Super I,2,"15,950"
2025-06-19,Beras Kualitas Super I,2,"15,950"
2025-06-20,Beras Kualitas Super I,2,"15,950"
2025-06-23,Beras Kualitas Super I,2,"15,950"
2025-06-24,Beras Kualitas Super I,2,"15,950"
2025-06-25,Beras Kualitas Super I,2,"15,950"
2025-06-26,Beras Kualitas Super I,2,"16,000"
2025-06-27,Beras Kualitas Super I,2,"16,000"
2025-06-30,Beras Kualitas Super I,2,"16,000"
2025-06-02,Beras Kualitas Super II,2,"15,550"
2025-06-03,Beras Kualitas Super II,2,"15,550"
2025-06-04,Beras Kualitas Super II,2,"15,550"
2025-06-05,Beras Kualitas Super II,2,"15,600"
2025-06-06,Beras Kualitas Super II,2,"15,600"
2025-06-09,Beras Kualitas Super II,2,"15,600"
2025-06-10,Beras Kualitas Super II,2,"15,600"
2025-06-11,Beras Kualitas Super II,2,"15,600"
2025-06-12,Beras Kualitas Super II,2,"15,600"
2025-06-13,Beras Kualitas Super II,2,"15,600"
2025-06-16,Beras Kualitas Super II,2,"15,600"
2025-06-17,Beras Kualitas Super II,2,"15,600"
2025-06-18,Beras Kualitas Super II,2,"15,600"
2025-06-19,Beras Kualitas Super II,2,"15,650"
2025-06-20,Beras Kualitas Super II,2,"15,650"
2025-06-23,Beras Kualitas Super II,2,"15,650"
2025-06-24,Beras Kualitas Super II,2,"15,650"
2025-06-25,Beras Kualitas Super II,2,"15,650"
2025-06-26,Beras Kualitas Super II,2,"15,700"
2025-06-27,Beras Kualitas Super II,2,"15,700"
2025-06-30,Beras Kualitas Super II,2,"15,700"
2025-06-02,Daging Ayam,1,"29,550"
2025-06-03,Daging Ayam,1,"29,550"
2025-06-04,Daging Ayam,1,"29,650"
2025-06-05,Daging Ayam,1,"30,050"
2025-06-06,Daging Ayam,1,"30,050"
2025-06-09,Daging Ayam,1,"30,050"
2025-06-10,Daging Ayam,1,"30,050"
2025-06-11,Daging Ayam,1,"30,050"
2025-06-12,Daging Ayam,1,"29,250"
2025-06-13,Daging Ayam,1,"29,250"
2025-06-16,Daging Ayam,1,"29,250"
2025-06-17,Daging Ayam,1,"29,250"
2025-06-18,Daging Ayam,1,"29,200"
2025-06-19,Daging Ayam,1,"28,700"
2025-06-20,Daging Ayam,1,"28,700"
2025-06-23,Daging Ayam,1,"28,700"
2025-06-24,Daging Ayam,1,"28,700"
2025-06-25,Daging Ayam,1,"28,900"
2025-06-26,Daging Ayam,1,"29,100"
2025-06-27,Daging Ayam,1,"29,100"
2025-06-30,Daging Ayam,1,"29,100"
2025-06-02,Daging Ayam Ras Segar,2,"29,550"
2025-06-03,Daging Ayam Ras Segar,2,"29,550"
2025-06-04,Daging Ayam Ras Segar,2,"29,650"
2025-06-05,Daging Ayam Ras Segar,2,"30,050"
2025-06-06,Daging Ayam Ras Segar,2,"30,050"
2025-06-09,Daging Ayam Ras Segar,2,"30,050"
2025-06-10,Daging Ayam Ras Segar,2,"30,050"
2025-06-11,Daging Ayam Ras Segar,2,"30,050"
2025-06-12,Daging Ayam Ras Segar,2,"29,250"
2025-06-13,Daging Ayam Ras Segar,2,"29,250"
2025-06-16,Daging Ayam Ras Segar,2,"29,250"
2025-06-17,Daging Ayam Ras Segar,2,"29,250"
2025-06-18,Daging Ayam Ras Segar,2,"29,200"
2025-06-19,Daging Ayam Ras Segar,2,"28,700"
2025-06-20,Daging Ayam Ras Segar,2,"28,700"
2025-06-23,Daging Ayam Ras Segar,2,"28,700"
2025-06-24,Daging Ayam Ras Segar,2,"28,700"
2025-06-25,Daging Ayam Ras Segar,2,"28,900"
2025-06-26,Daging Ayam Ras Segar,2,"29,100"
2025-06-27,Daging Ayam Ras Segar,2,"29,100"
2025-06-30,Daging Ayam Ras Segar,2,"29,100"
2025-06-02,Daging Sapi,1,"127,500"
2025-06-03,Daging Sapi,1,"127,500"
2025-06-04,Daging Sapi,1,"127,500"
2025-06-05,Daging Sapi,1,"128,800"
2025-06-06,Daging Sapi,1,"128,800"
2025-06-09,Daging Sapi,1,"128,800"
2025-06-10,Daging Sapi,1,"128,800"
2025-06-11,Daging Sapi,1,"128,800"
2025-06-12,Daging Sapi,1,"127,800"
2025-06-13,Daging Sapi,1,"127,800"
2025-06-16,Daging Sapi,1,"127,800"
2025-06-17,Daging Sapi,1,"127,800"
2025-06-18,Daging Sapi,1,"127,800"
2025-06-19,Daging Sapi,1,"127,850"
2025-06-20,Daging Sapi,1,"127,300"
2025-06-23,Daging Sapi,1,"127,300"
2025-06-24,Daging Sapi,1,"127,300"
2025-06-25,Daging Sapi,1,"127,200"
2025-06-26,Daging Sapi,1,"127,850"
2025-06-27,Daging Sapi,1,"127,850"
2025-06-30,Daging Sapi,1,"127,850"
2025-06-02,Daging Sapi Kualitas 1,2,"130,150"
2025-06-03,Daging Sapi Kualitas 1,2,"130,150"
2025-06-04,Daging Sapi Kualitas 1,2,"130,150"
2025-06-05,Daging Sapi Kualitas 1,2,"131,750"
2025-06-06,Daging Sapi Kualitas 1,2,"131,750"
2025-06-09,Daging Sapi Kualitas 1,2,"131,750"
2025-06-10,Daging Sapi Kualitas 1,2,"131,750"
2025-06-11,Daging Sapi Kualitas 1,2,"131,750"
2025-06-12,Daging Sapi Kualitas 1,2,"130,450"
2025-06-13,Daging Sapi Kualitas 1,2,"130,450"
2025-06-16,Daging Sapi Kualitas 1,2,"130,450"
2025-06-17,Daging Sapi Kualitas 1,2,"130,450"
2025-06-18,Daging Sapi Kualitas 1,2,"130,450"
2025-06-19,Daging Sapi Kualitas 1,2,"130,400"
2025-06-20,Daging Sapi Kualitas 1,2,"129,800"
2025-06-23,Daging Sapi Kualitas 1,2,"129,800"
2025-06-24,Daging Sapi Kualitas 1,2,"129,800"
2025-06-25,Daging Sapi Kualitas 1,2,"129,700"
2025-06-26,Daging Sapi Kualitas 1,2,"130,450"
2025-06-27,Daging Sapi Kualitas 1,2,"130,450"
2025-06-30,Daging Sapi Kualitas 1,2,"130,450"
2025-06-02,Daging Sapi Kualitas 2,2,"125,850"
2025-06-03,Daging Sapi Kualitas 2,2,"125,850"
2025-06-04,Daging Sapi Kualitas 2,2,"125,850"
2025-06-05,Daging Sapi Kualitas 2,2,"126,550"
2025-06-06,Daging Sapi Kualitas 2,2,"126,550"
2025-06-09,Daging Sapi Kualitas 2,2,"126,550"
2025-06-10,Daging Sapi Kualitas 2,2,"126,550"
2025-06-11,Daging Sapi Kualitas 2,2,"126,550"
2025-06-12,Daging Sapi Kualitas 2,2,"126,150"
2025-06-13,Daging Sapi Kualitas 2,2,"126,150"
2025-06-16,Daging Sapi Kualitas 2,2,"126,150"
2025-06-17,Daging Sapi Kualitas 2,2,"126,150"
2025-06-18,Daging Sapi Kualitas 2,2,"126,150"
2025-06-19,Daging Sapi Kualitas 2,2,"126,250"
2025-06-20,Daging Sapi Kualitas 2,2,"125,750"
2025-06-23,Daging Sapi Kualitas 2,2,"125,750"
2025-06-24,Daging Sapi Kualitas 2,2,"125,750"
2025-06-25,Daging Sapi Kualitas 2,2,"125,650"
2025-06-26,Daging Sapi Kualitas 2,2,"126,050"
2025-06-27,Daging Sapi Kualitas 2,2,"126,050"
2025-06-30,Daging Sapi Kualitas 2,2,"126,050"
2025-06-02,Telur Ayam,1,"27,050"
2025-06-03,Telur Ayam,1,"27,050"
2025-06-04,Telur Ayam,1,"27,050"
2025-06-05,Telur Ayam,1,"27,150"
2025-06-06,Telur Ayam,1,"27,150"
2025-06-09,Telur Ayam,1,"27,150"
2025-06-10,Telur Ayam,1,"27,150"
2025-06-11,Telur Ayam,1,"27,150"
2025-06-12,Telur Ayam,1,"27,150"
2025-06-13,Telur Ayam,1,"27,150"
2025-06-16,Telur Ayam,1,"27,150"
2025-06-17,Telur Ayam,1,"27,150"
2025-06-18,Telur Ayam,1,"27,150"
2025-06-19,Telur Ayam,1,"27,100"
2025-06-20,Telur Ayam,1,"27,100"
2025-06-23,Telur Ayam,1,"27,100"
2025-06-24,Telur Ayam,1,"27,100"
2025-06-25,Telur Ayam,1,"27,100"
2025-06-26,Telur Ayam,1,"27,200"
2025-06-27,Telur Ayam,1,"27,200"
2025-06-30,Telur Ayam,1,"27,200"
2025-06-02,Telur Ayam Ras Segar,2,"27,050"
2025-06-03,Telur Ayam Ras Segar,2,"27,050"
2025-06-04,Telur Ayam Ras Segar,2,"27,050"
2025-06-05,Telur Ayam Ras Segar,2,"27,150"
2025-06-06,Telur Ayam Ras Segar,2,"27,150"
2025-06-09,Telur Ayam Ras Segar,2,"27,150"
2025-06-10,Telur Ayam Ras Segar,2,"27,150"
2025-06-11,Telur Ayam Ras Segar,2,"27,150"
2025-06-12,Telur Ayam Ras Segar,2,"27,150"
2025-06-13,Telur Ayam Ras Segar,2,"27,150"
2025-06-16,Telur Ayam Ras Segar,2,"27,150"
2025-06-17,Telur Ayam Ras Segar,2,"27,150"
2025-06-18,Telur Ayam Ras Segar,2,"27,150"
2025-06-19,Telur Ayam Ras Segar,2,"27,100"
2025-06-20,Telur Ayam Ras Segar,2,"27,100"
2025-06-23,Telur Ayam Ras Segar,2,"27,100"
2025-06-24,Telur Ayam Ras Segar,2,"27,100"
2025-06-25,Telur Ayam Ras Segar,2,"27,100"
2025-06-26,Telur Ayam Ras Segar,2,"27,200"
2025-06-27,Telur Ayam Ras Segar,2,"27,200"
2025-06-30,Telur Ayam Ras Segar,2,"27,200"
2025-06-02,Bawang Merah,1,"32,100"
2025-06-03,Bawang Merah,1,"32,100"
2025-06-04,Bawang Merah,1,"32,100"
2025-06-05,Bawang Merah,1,"33,250"
2025-06-06,Bawang Merah,1,"33,250"
2025-06-09,Bawang Merah,1,"33,250"
2025-06-10,Bawang Merah,1,"33,250"
2025-06-11,Bawang Merah,1,"33,450"
2025-06-12,Bawang Merah,1,"35,700"
2025-06-13,Bawang Merah,1,"35,700"
2025-06-16,Bawang Merah,1,"35,700"
2025-06-17,Bawang Merah,1,"35,700"
2025-06-18,Bawang Merah,1,"35,800"
2025-06-19,Bawang Merah,1,"39,250"
2025-06-20,Bawang Merah,1,"39,250"
2025-06-23,Bawang Merah,1,"39,250"
2025-06-24,Bawang Merah,1,"39,250"
2025-06-25,Bawang Merah,1,"39,250"
2025-06-26,Bawang Merah,1,"39,450"
2025-06-27,Bawang Merah,1,"39,450"
2025-06-30,Bawang Merah,1,"39,450"
2025-06-02,Bawang Merah Ukuran Sedang,2,"32,100"
2025-06-03,Bawang Merah Ukuran Sedang,2,"32,100"
2025-06-04,Bawang Merah Ukuran Sedang,2,"32,100"
2025-06-05,Bawang Merah Ukuran Sedang,2,"33,250"
2025-06-06,Bawang Merah Ukuran Sedang,2,"33,250"
2025-06-09,Bawang Merah Ukuran Sedang,2,"33,250"
2025-06-10,Bawang Merah Ukuran Sedang,2,"33,250"
2025-06-11,Bawang Merah Ukuran Sedang,2,"33,450"
2025-06-12,Bawang Merah Ukuran Sedang,2,"35,700"
2025-06-13,Bawang Merah Ukuran Sedang,2,"35,700"
2025-06-16,Bawang Merah Ukuran Sedang,2,"35,700"
2025-06-17,Bawang Merah Ukuran Sedang,2,"35,700"
2025-06-18,Bawang Merah Ukuran Sedang,2,"35,800"
2025-06-19,Bawang Merah Ukuran Sedang,2,"39,250"
2025-06-20,Bawang Merah Ukuran Sedang,2,"39,250"
2025-06-23,Bawang Merah Ukuran Sedang,2,"39,250"
2025-06-24,Bawang Merah Ukuran Sedang,2,"39,250"
2025-06-25,Bawang Merah Ukuran Sedang,2,"39,250"
2025-06-26,Bawang Merah Ukuran Sedang,2,"39,450"
2025-06-27,Bawang Merah Ukuran Sedang,2,"39,450"
2025-06-30,Bawang Merah Ukuran Sedang,2,"39,450"
2025-06-02,Bawang Putih,1,"34,750"
2025-06-03,Bawang Putih,1,"34,750"
2025-06-04,Bawang Putih,1,"34,600"
2025-06-05,Bawang Putih,1,"34,000"
2025-06-06,Bawang Putih,1,"34,000"
2025-06-09,Bawang Putih,1,"34,000"
2025-06-10,Bawang Putih,1,"34,000"
2025-06-11,Bawang Putih,1,"34,150"
2025-06-12,Bawang Putih,1,"33,800"
2025-06-13,Bawang Putih,1,"33,800"
2025-06-16,Bawang Putih,1,"33,800"
2025-06-17,Bawang Putih,1,"33,800"
2025-06-18,Bawang Putih,1,"33,800"
2025-06-19,Bawang Putih,1,"33,750"
2025-06-20,Bawang Putih,1,"33,750"
2025-06-23,Bawang Putih,1,"33,750"
2025-06-24,Bawang Putih,1,"33,750"
2025-06-25,Bawang Putih,1,"33,800"
2025-06-26,Bawang Putih,1,"33,400"
2025-06-27,Bawang Putih,1,"33,400"
2025-06-30,Bawang Putih,1,"33,400"
2025-06-02,Bawang Putih Ukuran Sedang,2,"34,750"
2025-06-03,Bawang Putih Ukuran Sedang,2,"34,750"
2025-06-04,Bawang Putih Ukuran Sedang,2,"34,600"
2025-06-05,Bawang Putih Ukuran Sedang,2,"34,000"
2025-06-06,Bawang Putih Ukuran Sedang,2,"34,000"
2025-06-09,Bawang Putih Ukuran Sedang,2,"34,000"
2025-06-10,Bawang Putih Ukuran Sedang,2,"34,000"
2025-06-11,Bawang Putih Ukuran Sedang,2,"34,150"
2025-06-12,Bawang Putih Ukuran Sedang,2,"33,800"
2025-06-13,Bawang Putih Ukuran Sedang,2,"33,800"
2025-06-16,Bawang Putih Ukuran Sedang,2,"33,800"
2025-06-17,Bawang Putih Ukuran Sedang,2,"33,800"
2025-06-18,Bawang Putih Ukuran Sedang,2,"33,800"
2025-06-19,Bawang Putih Ukuran Sedang,2,"33,750"
2025-06-20,Bawang Putih Ukuran Sedang,2,"33,750"
2025-06-23,Bawang Putih Ukuran Sedang,2,"33,750"
2025-06-24,Bawang Putih Ukuran Sedang,2,"33,750"
2025-06-25,Bawang Putih Ukuran Sedang,2,"33,800"
2025-06-26,Bawang Putih Ukuran Sedang,2,"33,400"
2025-06-27,Bawang Putih Ukuran Sedang,2,"33,400"
2025-06-30,Bawang Putih Ukuran Sedang,2,"33,400"
2025-06-02,Cabai Merah,1,"39,800"
2025-06-03,Cabai Merah,1,"39,800"
2025-06-04,Cabai Merah,1,"39,800"
2025-06-05,Cabai Merah,1,"42,500"
2025-06-06,Cabai Merah,1,"42,500"
2025-06-09,Cabai Merah,1,"42,500"
2025-06-10,Cabai Merah,1,"42,500"
2025-06-11,Cabai Merah,1,"42,500"
2025-06-12,Cabai Merah,1,"41,200"
2025-06-13,Cabai Merah,1,"41,200"
2025-06-16,Cabai Merah,1,"41,200"
2025-06-17,Cabai Merah,1,"41,200"
2025-06-18,Cabai Merah,1,"41,100"
2025-06-19,Cabai Merah,1,"37,850"
2025-06-20,Cabai Merah,1,"37,850"
2025-06-23,Cabai Merah,1,"37,850"
2025-06-24,Cabai Merah,1,"37,850"
2025-06-25,Cabai Merah,1,"37,950"
2025-06-26,Cabai Merah,1,"37,050"
2025-06-27,Cabai Merah,1,"37,050"
2025-06-30,Cabai Merah,1,"37,050"
2025-06-02,Cabai Merah Besar,2,"36,900"
2025-06-03,Cabai Merah Besar,2,"36,900"
2025-06-04,Cabai Merah Besar,2,"36,750"
2025-06-05,Cabai Merah Besar,2,"39,600"
2025-06-06,Cabai Merah Besar,2,"39,600"
2025-06-09,Cabai Merah Besar,2,"39,600"
2025-06-10,Cabai Merah Besar,2,"39,600"
2025-06-11,Cabai Merah Besar,2,"39,800"
2025-06-12,Cabai Merah Besar,2,"39,300"
2025-06-13,Cabai Merah Besar,2,"39,300"
2025-06-16,Cabai Merah Besar,2,"39,300"
2025-06-17,Cabai Merah Besar,2,"39,300"
2025-06-18,Cabai Merah Besar,2,"39,250"
2025-06-19,Cabai Merah Besar,2,"35,700"
2025-06-20,Cabai Merah Besar,2,"35,700"
2025-06-23,Cabai Merah Besar,2,"35,700"
2025-06-24,Cabai Merah Besar,2,"35,700"
2025-06-25,Cabai Merah Besar,2,"36,050"
2025-06-26,Cabai Merah Besar,2,"34,650"
2025-06-27,Cabai Merah Besar,2,"34,650"
2025-06-30,Cabai Merah Besar,2,"34,650"
2025-06-02,Cabai Merah Keriting ,2,"39,500"
2025-06-03,Cabai Merah Keriting ,2,"39,500"
2025-06-04,Cabai Merah Keriting ,2,"39,550"
2025-06-05,Cabai Merah Keriting ,2,"42,200"
2025-06-06,Cabai Merah Keriting ,2,"42,200"
2025-06-09,Cabai Merah Keriting ,2,"42,200"
2025-06-10,Cabai Merah Keriting ,2,"42,200"
2025-06-11,Cabai Merah Keriting ,2,"42,150"
2025-06-12,Cabai Merah Keriting ,2,"40,400"
2025-06-13,Cabai Merah Keriting ,2,"40,400"
2025-06-16,Cabai Merah Keriting ,2,"40,400"
2025-06-17,Cabai Merah Keriting ,2,"40,400"
2025-06-18,Cabai Merah Keriting ,2,"40,250"
2025-06-19,Cabai Merah Keriting ,2,"37,200"
2025-06-20,Cabai Merah Keriting ,2,"37,200"
2025-06-23,Cabai Merah Keriting ,2,"37,200"
2025-06-24,Cabai Merah Keriting ,2,"37,200"
2025-06-25,Cabai Merah Keriting ,2,"37,150"
2025-06-26,Cabai Merah Keriting ,2,"36,700"
2025-06-27,Cabai Merah Keriting ,2,"36,700"
2025-06-30,Cabai Merah Keriting ,2,"36,700"
2025-06-02,Cabai Rawit,1,"39,050"
2025-06-03,Cabai Rawit,1,"39,050"
2025-06-04,Cabai Rawit,1,"39,200"
2025-06-05,Cabai Rawit,1,"41,050"
2025-06-06,Cabai Rawit,1,"41,050"
2025-06-09,Cabai Rawit,1,"41,050"
2025-06-10,Cabai Rawit,1,"41,050"
2025-06-11,Cabai Rawit,1,"41,100"
2025-06-12,Cabai Rawit,1,"41,450"
2025-06-13,Cabai Rawit,1,"41,450"
2025-06-16,Cabai Rawit,1,"41,450"
2025-06-17,Cabai Rawit,1,"41,450"
2025-06-18,Cabai Rawit,1,"41,500"
2025-06-19,Cabai Rawit,1,"42,250"
2025-06-20,Cabai Rawit,1,"42,250"
2025-06-23,Cabai Rawit,1,"42,250"
2025-06-24,Cabai Rawit,1,"42,250"
2025-06-25,Cabai Rawit,1,"42,250"
2025-06-26,Cabai Rawit,1,"45,250"
2025-06-27,Cabai Rawit,1,"45,250"
2025-06-30,Cabai Rawit,1,"45,250"
2025-06-02,Cabai Rawit Hijau,2,"36,100"
2025-06-03,Cabai Rawit Hijau,2,"36,100"
2025-06-04,Cabai Rawit Hijau,2,"36,300"
2025-06-05,Cabai Rawit Hijau,2,"38,500"
2025-06-06,Cabai Rawit Hijau,2,"38,500"
2025-06-09,Cabai Rawit Hijau,2,"38,500"
2025-06-10,Cabai Rawit Hijau,2,"38,500"
2025-06-11,Cabai Rawit Hijau,2,"38,600"
2025-06-12,Cabai Rawit Hijau,2,"39,450"
2025-06-13,Cabai Rawit Hijau,2,"39,450"
2025-06-16,Cabai Rawit Hijau,2,"39,450"
2025-06-17,Cabai Rawit Hijau,2,"39,450"
2025-06-18,Cabai Rawit Hijau,2,"39,300"
2025-06-19,Cabai Rawit Hijau,2,"38,700"
2025-06-20,Cabai Rawit Hijau,2,"38,700"
2025-06-23,Cabai Rawit Hijau,2,"38,700"
2025-06-24,Cabai Rawit Hijau,2,"38,700"
2025-06-25,Cabai Rawit Hijau,2,"38,600"
2025-06-26,Cabai Rawit Hijau,2,"40,500"
2025-06-27,Cabai Rawit Hijau,2,"40,500"
2025-06-30,Cabai Rawit Hijau,2,"40,500"
2025-06-02,Cabai Rawit Merah,2,"41,800"
2025-06-03,Cabai Rawit Merah,2,"41,800"
2025-06-04,Cabai Rawit Merah,2,"41,950"
2025-06-05,Cabai Rawit Merah,2,"44,050"
2025-06-06,Cabai Rawit Merah,2,"44,050"
2025-06-09,Cabai Rawit Merah,2,"44,050"
2025-06-10,Cabai Rawit Merah,2,"44,050"
2025-06-11,Cabai Rawit Merah,2,"44,000"
2025-06-12,Cabai Rawit Merah,2,"44,350"
2025-06-13,Cabai Rawit Merah,2,"44,350"
2025-06-16,Cabai Rawit Merah,2,"44,350"
2025-06-17,Cabai Rawit Merah,2,"44,350"
2025-06-18,Cabai Rawit Merah,2,"44,600"
2025-06-19,Cabai Rawit Merah,2,"46,500"
2025-06-20,Cabai Rawit Merah,2,"46,500"
2025-06-23,Cabai Rawit Merah,2,"46,500"
2025-06-24,Cabai Rawit Merah,2,"46,500"
2025-06-25,Cabai Rawit Merah,2,"46,550"
2025-06-26,Cabai Rawit Merah,2,"51,550"
2025-06-27,Cabai Rawit Merah,2,"51,550"
2025-06-30,Cabai Rawit Merah,2,"51,550"
2025-06-02,Minyak Goreng,1,"19,350"
2025-06-03,Minyak Goreng,1,"19,350"
2025-06-04,Minyak Goreng,1,"19,350"
2025-06-05,Minyak Goreng,1,"19,300"
2025-06-06,Minyak Goreng,1,"19,300"
2025-06-09,Minyak Goreng,1,"19,300"
2025-06-10,Minyak Goreng,1,"19,300"
2025-06-11,Minyak Goreng,1,"19,300"
2025-06-12,Minyak Goreng,1,"19,350"
2025-06-13,Minyak Goreng,1,"19,350"
2025-06-16,Minyak Goreng,1,"19,350"
2025-06-17,Minyak Goreng,1,"19,350"
2025-06-18,Minyak Goreng,1,"19,350"
2025-06-19,Minyak Goreng,1,"19,400"
2025-06-20,Minyak Goreng,1,"19,350"
2025-06-23,Minyak Goreng,1,"19,350"
2025-06-24,Minyak Goreng,1,"19,350"
2025-06-25,Minyak Goreng,1,"19,350"
2025-06-26,Minyak Goreng,1,"19,350"
2025-06-27,Minyak Goreng,1,"19,350"
2025-06-30,Minyak Goreng,1,"19,350"
2025-06-02,Minyak Goreng Curah,2,"17,000"
2025-06-03,Minyak Goreng Curah,2,"17,000"
2025-06-04,Minyak Goreng Curah,2,"17,050"
2025-06-05,Minyak Goreng Curah,2,"17,000"
2025-06-06,Minyak Goreng Curah,2,"17,000"
2025-06-09,Minyak Goreng Curah,2,"17,000"
2025-06-10,Minyak Goreng Curah,2,"17,000"
2025-06-11,Minyak Goreng Curah,2,"17,000"
2025-06-12,Minyak Goreng Curah,2,"17,000"
2025-06-13,Minyak Goreng Curah,2,"17,000"
2025-06-16,Minyak Goreng Curah,2,"17,000"
2025-06-17,Minyak Goreng Curah,2,"17,000"
2025-06-18,Minyak Goreng Curah,2,"17,000"
2025-06-19,Minyak Goreng Curah,2,"17,000"
2025-06-20,Minyak Goreng Curah,2,"17,000"
2025-06-23,Minyak Goreng Curah,2,"17,000"
2025-06-24,Minyak Goreng Curah,2,"17,000"
2025-06-25,Minyak Goreng Curah,2,"17,000"
2025-06-26,Minyak Goreng Curah,2,"17,000"
2025-06-27,Minyak Goreng Curah,2,"17,000"
2025-06-30,Minyak Goreng Curah,2,"17,000"
2025-06-02,Minyak Goreng Kemasan Bermerk 1,2,"20,450"
2025-06-03,Minyak Goreng Kemasan Bermerk 1,2,"20,450"
2025-06-04,Minyak Goreng Kemasan Bermerk 1,2,"20,450"
2025-06-05,Minyak Goreng Kemasan Bermerk 1,2,"20,400"
2025-06-06,Minyak Goreng Kemasan Bermerk 1,2,"20,400"
2025-06-09,Minyak Goreng Kemasan Bermerk 1,2,"20,400"
2025-06-10,Minyak Goreng Kemasan Bermerk 1,2,"20,400"
2025-06-11,Minyak Goreng Kemasan Bermerk 1,2,"20,400"
2025-06-12,Minyak Goreng Kemasan Bermerk 1,2,"20,450"
2025-06-13,Minyak Goreng Kemasan Bermerk 1,2,"20,500"
2025-06-16,Minyak Goreng Kemasan Bermerk 1,2,"20,500"
2025-06-17,Minyak Goreng Kemasan Bermerk 1,2,"20,500"
2025-06-18,Minyak Goreng Kemasan Bermerk 1,2,"20,500"
2025-06-19,Minyak Goreng Kemasan Bermerk 1,2,"20,450"
2025-06-20,Minyak Goreng Kemasan Bermerk 1,2,"20,450"
2025-06-23,Minyak Goreng Kemasan Bermerk 1,2,"20,450"
2025-06-24,Minyak Goreng Kemasan Bermerk 1,2,"20,450"
2025-06-25,Minyak Goreng Kemasan Bermerk 1,2,"20,450"
2025-06-26,Minyak Goreng Kemasan Bermerk 1,2,"20,450"
2025-06-27,Minyak Goreng Kemasan Bermerk 1,2,"20,450"
2025-06-30,Minyak Goreng Kemasan Bermerk 1,2,"20,450"
2025-06-02,Minyak Goreng Kemasan Bermerk 2,2,"19,850"
2025-06-03,Minyak Goreng Kemasan Bermerk 2,2,"19,850"
2025-06-04,Minyak Goreng Kemasan Bermerk 2,2,"19,850"
2025-06-05,Minyak Goreng Kemasan Bermerk 2,2,"19,850"
2025-06-06,Minyak Goreng Kemasan Bermerk 2,2,"19,850"
2025-06-09,Minyak Goreng Kemasan Bermerk 2,2,"19,850"
2025-06-10,Minyak Goreng Kemasan Bermerk 2,2,"19,850"
2025-06-11,Minyak Goreng Kemasan Bermerk 2,2,"19,850"
2025-06-12,Minyak Goreng Kemasan Bermerk 2,2,"19,950"
2025-06-13,Minyak Goreng Kemasan Bermerk 2,2,"19,950"
2025-06-16,Minyak Goreng Kemasan Bermerk 2,2,"19,950"
2025-06-17,Minyak Goreng Kemasan Bermerk 2,2,"19,950"
2025-06-18,Minyak Goreng Kemasan Bermerk 2,2,"19,950"
2025-06-19,Minyak Goreng Kemasan Bermerk 2,2,"19,950"
2025-06-20,Minyak Goreng Kemasan Bermerk 2,2,"19,950"
2025-06-23,Minyak Goreng Kemasan Bermerk 2,2,"19,950"
2025-06-24,Minyak Goreng Kemasan Bermerk 2,2,"19,950"
2025-06-25,Minyak Goreng Kemasan Bermerk 2,2,"19,950"
2025-06-26,Minyak Goreng Kemasan Bermerk 2,2,"19,950"
2025-06-27,Minyak Goreng Kemasan Bermerk 2,2,"19,950"
2025-06-30,Minyak Goreng Kemasan Bermerk 2,2,"19,950"
2025-06-02,Gula Pasir,1,"17,600"
2025-06-03,Gula Pasir,1,"17,600"
2025-06-04,Gula Pasir,1,"17,600"
2025-06-05,Gula Pasir,1,"17,650"
2025-06-06,Gula Pasir,1,"17,650"
2025-06-09,Gula Pasir,1,"17,650"
2025-06-10,Gula Pasir,1,"17,650"
2025-06-11,Gula Pasir,1,"17,650"
2025-06-12,Gula Pasir,1,"17,550"
2025-06-13,Gula Pasir,1,"17,550"
2025-06-16,Gula Pasir,1,"17,550"
2025-06-17,Gula Pasir,1,"17,550"
2025-06-18,Gula Pasir,1,"17,550"
2025-06-19,Gula Pasir,1,"17,500"
2025-06-20,Gula Pasir,1,"17,500"
2025-06-23,Gula Pasir,1,"17,500"
2025-06-24,Gula Pasir,1,"17,500"
2025-06-25,Gula Pasir,1,"17,500"
2025-06-26,Gula Pasir,1,"17,500"
2025-06-27,Gula Pasir,1,"17,500"
2025-06-30,Gula Pasir,1,"17,500"
2025-06-02,Gula Pasir Kualitas Premium,2,"18,300"
2025-06-03,Gula Pasir Kualitas Premium,2,"18,300"
2025-06-04,Gula Pasir Kualitas Premium,2,"18,300"
2025-06-05,Gula Pasir Kualitas Premium,2,"18,300"
2025-06-06,Gula Pasir Kualitas Premium,2,"18,300"
2025-06-09,Gula Pasir Kualitas Premium,2,"18,300"
2025-06-10,Gula Pasir Kualitas Premium,2,"18,300"
2025-06-11,Gula Pasir Kualitas Premium,2,"18,300"
2025-06-12,Gula Pasir Kualitas Premium,2,"18,300"
2025-06-13,Gula Pasir Kualitas Premium,2,"18,300"
2025-06-16,Gula Pasir Kualitas Premium,2,"18,300"
2025-06-17,Gula Pasir Kualitas Premium,2,"18,300"
2025-06-18,Gula Pasir Kualitas Premium,2,"18,250"
2025-06-19,Gula Pasir Kualitas Premium,2,"18,250"
2025-06-20,Gula Pasir Kualitas Premium,2,"18,250"
2025-06-23,Gula Pasir Kualitas Premium,2,"18,250"
2025-06-24,Gula Pasir Kualitas Premium,2,"18,250"
2025-06-25,Gula Pasir Kualitas Premium,2,"18,250"
2025-06-26,Gula Pasir Kualitas Premium,2,"18,250"
2025-06-27,Gula Pasir Kualitas Premium,2,"18,250"
2025-06-30,Gula Pasir Kualitas Premium,2,"18,250"
2025-06-02,Gula Pasir Lokal,2,"17,100"
2025-06-03,Gula Pasir Lokal,2,"17,100"
2025-06-04,Gula Pasir Lokal,2,"17,100"
2025-06-05,Gula Pasir Lokal,2,"17,100"
2025-06-06,Gula Pasir Lokal,2,"17,100"
2025-06-09,Gula Pasir Lokal,2,"17,100"
2025-06-10,Gula Pasir Lokal,2,"17,100"
2025-06-11,Gula Pasir Lokal,2,"17,100"
2025-06-12,Gula Pasir Lokal,2,"17,000"
2025-06-13,Gula Pasir Lokal,2,"17,000"
2025-06-16,Gula Pasir Lokal,2,"17,000"
2025-06-17,Gula Pasir Lokal,2,"17,000"
2025-06-18,Gula Pasir Lokal,2,"17,000"
2025-06-19,Gula Pasir Lokal,2,"16,950"
2025-06-20,Gula Pasir Lokal,2,"16,950"
2025-06-23,Gula Pasir Lokal,2,"16,950"
2025-06-24,Gula Pasir Lokal,2,"16,950"
2025-06-25,Gula Pasir Lokal,2,"16,950"
2025-06-26,Gula Pasir Lokal,2,"16,850"
2025-06-27,Gula Pasir Lokal,2,"16,850"
2025-06-30,Gula Pasir Lokal,2,"16,850"
2025-07-01,Beras,1,"14,700"
2025-07-02,Beras,1,"14,700"
2025-07-03,Beras,1,"14,800"
2025-07-04,Beras,1,"14,800"
2025-07-07,Beras,1,"14,800"
2025-07-08,Beras,1,"14,800"
2025-07-09,Beras,1,"14,800"
2025-07-10,Beras,1,"14,850"
2025-07-11,Beras,1,"14,850"
2025-07-14,Beras,1,"14,850"
2025-07-15,Beras,1,"14,850"
2025-07-16,Beras,1,"14,850"
2025-07-17,Beras,1,"14,900"
2025-07-18,Beras,1,"14,900"
2025-07-21,Beras,1,"14,900"
2025-07-22,Beras,1,"14,900"
2025-07-23,Beras,1,"14,900"
2025-07-24,Beras,1,"14,950"
2025-07-25,Beras,1,"14,950"
2025-07-28,Beras,1,"14,950"
2025-07-29,Beras,1,"14,950"
2025-07-30,Beras,1,"14,950"
2025-07-31,Beras,1,"14,950"
2025-07-01,Beras Kualitas Bawah I,2,"13,550"
2025-07-02,Beras Kualitas Bawah I,2,"13,550"
2025-07-03,Beras Kualitas Bawah I,2,"13,650"
2025-07-04,Beras Kualitas Bawah I,2,"13,650"
2025-07-07,Beras Kualitas Bawah I,2,"13,650"
2025-07-08,Beras Kualitas Bawah I,2,"13,650"
2025-07-09,Beras Kualitas Bawah I,2,"13,650"
2025-07-10,Beras Kualitas Bawah I,2,"13,700"
2025-07-11,Beras Kualitas Bawah I,2,"13,700"
2025-07-14,Beras Kualitas Bawah I,2,"13,700"
2025-07-15,Beras Kualitas Bawah I,2,"13,750"
2025-07-16,Beras Kualitas Bawah I,2,"13,700"
2025-07-17,Beras Kualitas Bawah I,2,"13,750"
2025-07-18,Beras Kualitas Bawah I,2,"13,750"
2025-07-21,Beras Kualitas Bawah I,2,"13,750"
2025-07-22,Beras Kualitas Bawah I,2,"13,750"
2025-07-23,Beras Kualitas Bawah I,2,"13,750"
2025-07-24,Beras Kualitas Bawah I,2,"13,800"
2025-07-25,Beras Kualitas Bawah I,2,"13,800"
2025-07-28,Beras Kualitas Bawah I,2,"13,800"
2025-07-29,Beras Kualitas Bawah I,2,"13,800"
2025-07-30,Beras Kualitas Bawah I,2,"13,800"
2025-07-31,Beras Kualitas Bawah I,2,"13,800"
2025-07-01,Beras Kualitas Bawah II,2,"13,400"
2025-07-02,Beras Kualitas Bawah II,2,"13,400"
2025-07-03,Beras Kualitas Bawah II,2,"13,500"
2025-07-04,Beras Kualitas Bawah II,2,"13,500"
2025-07-07,Beras Kualitas Bawah II,2,"13,500"
2025-07-08,Beras Kualitas Bawah II,2,"13,500"
2025-07-09,Beras Kualitas Bawah II,2,"13,500"
2025-07-10,Beras Kualitas Bawah II,2,"13,600"
2025-07-11,Beras Kualitas Bawah II,2,"13,600"
2025-07-14,Beras Kualitas Bawah II,2,"13,600"
2025-07-15,Beras Kualitas Bawah II,2,"13,600"
2025-07-16,Beras Kualitas Bawah II,2,"13,600"
2025-07-17,Beras Kualitas Bawah II,2,"13,650"
2025-07-18,Beras Kualitas Bawah II,2,"13,600"
2025-07-21,Beras Kualitas Bawah II,2,"13,600"
2025-07-22,Beras Kualitas Bawah II,2,"13,600"
2025-07-23,Beras Kualitas Bawah II,2,"13,650"
2025-07-24,Beras Kualitas Bawah II,2,"13,650"
2025-07-25,Beras Kualitas Bawah II,2,"13,650"
2025-07-28,Beras Kualitas Bawah II,2,"13,650"
2025-07-29,Beras Kualitas Bawah II,2,"13,650"
2025-07-30,Beras Kualitas Bawah II,2,"13,650"
2025-07-31,Beras Kualitas Bawah II,2,"13,600"
2025-07-01,Beras Kualitas Medium I,2,"14,700"
2025-07-02,Beras Kualitas Medium I,2,"14,750"
2025-07-03,Beras Kualitas Medium I,2,"14,850"
2025-07-04,Beras Kualitas Medium I,2,"14,850"
2025-07-07,Beras Kualitas Medium I,2,"14,850"
2025-07-08,Beras Kualitas Medium I,2,"14,850"
2025-07-09,Beras Kualitas Medium I,2,"14,850"
2025-07-10,Beras Kualitas Medium I,2,"15,000"
2025-07-11,Beras Kualitas Medium I,2,"14,950"
2025-07-14,Beras Kualitas Medium I,2,"14,950"
2025-07-15,Beras Kualitas Medium I,2,"14,950"
2025-07-16,Beras Kualitas Medium I,2,"14,950"
2025-07-17,Beras Kualitas Medium I,2,"15,000"
2025-07-18,Beras Kualitas Medium I,2,"15,000"
2025-07-21,Beras Kualitas Medium I,2,"15,000"
2025-07-22,Beras Kualitas Medium I,2,"15,000"
2025-07-23,Beras Kualitas Medium I,2,"15,000"
2025-07-24,Beras Kualitas Medium I,2,"15,050"
2025-07-25,Beras Kualitas Medium I,2,"15,050"
2025-07-28,Beras Kualitas Medium I,2,"15,050"
2025-07-29,Beras Kualitas Medium I,2,"15,050"
2025-07-30,Beras Kualitas Medium I,2,"15,050"
2025-07-31,Beras Kualitas Medium I,2,"15,050"
2025-07-01,Beras Kualitas Medium II,2,"14,600"
2025-07-02,Beras Kualitas Medium II,2,"14,600"
2025-07-03,Beras Kualitas Medium II,2,"14,700"
2025-07-04,Beras Kualitas Medium II,2,"14,700"
2025-07-07,Beras Kualitas Medium II,2,"14,700"
2025-07-08,Beras Kualitas Medium II,2,"14,700"
2025-07-09,Beras Kualitas Medium II,2,"14,700"
2025-07-10,Beras Kualitas Medium II,2,"14,750"
2025-07-11,Beras Kualitas Medium II,2,"14,750"
2025-07-14,Beras Kualitas Medium II,2,"14,750"
2025-07-15,Beras Kualitas Medium II,2,"14,750"
2025-07-16,Beras Kualitas Medium II,2,"14,750"
2025-07-17,Beras Kualitas Medium II,2,"14,850"
2025-07-18,Beras Kualitas Medium II,2,"14,850"
2025-07-21,Beras Kualitas Medium II,2,"14,850"
2025-07-22,Beras Kualitas Medium II,2,"14,850"
2025-07-23,Beras Kualitas Medium II,2,"14,850"
2025-07-24,Beras Kualitas Medium II,2,"14,850"
2025-07-25,Beras Kualitas Medium II,2,"14,850"
2025-07-28,Beras Kualitas Medium II,2,"14,850"
2025-07-29,Beras Kualitas Medium II,2,"14,850"
2025-07-30,Beras Kualitas Medium II,2,"14,850"
2025-07-31,Beras Kualitas Medium II,2,"14,800"
2025-07-01,Beras Kualitas Super I,2,"16,000"
2025-07-02,Beras Kualitas Super I,2,"16,000"
2025-07-03,Beras Kualitas Super I,2,"16,100"
2025-07-04,Beras Kualitas Super I,2,"16,100"
2025-07-07,Beras Kualitas Super I,2,"16,100"
2025-07-08,Beras Kualitas Super I,2,"16,100"
2025-07-09,Beras Kualitas Super I,2,"16,100"
2025-07-10,Beras Kualitas Super I,2,"16,150"
2025-07-11,Beras Kualitas Super I,2,"16,150"
2025-07-14,Beras Kualitas Super I,2,"16,150"
2025-07-15,Beras Kualitas Super I,2,"16,150"
2025-07-16,Beras Kualitas Super I,2,"16,150"
2025-07-17,Beras Kualitas Super I,2,"16,200"
2025-07-18,Beras Kualitas Super I,2,"16,200"
2025-07-21,Beras Kualitas Super I,2,"16,200"
2025-07-22,Beras Kualitas Super I,2,"16,200"
2025-07-23,Beras Kualitas Super I,2,"16,200"
2025-07-24,Beras Kualitas Super I,2,"16,200"
2025-07-25,Beras Kualitas Super I,2,"16,200"
2025-07-28,Beras Kualitas Super I,2,"16,200"
2025-07-29,Beras Kualitas Super I,2,"16,200"
2025-07-30,Beras Kualitas Super I,2,"16,200"
2025-07-31,Beras Kualitas Super I,2,"16,200"
2025-07-01,Beras Kualitas Super II,2,"15,700"
2025-07-02,Beras Kualitas Super II,2,"15,700"
2025-07-03,Beras Kualitas Super II,2,"15,750"
2025-07-04,Beras Kualitas Super II,2,"15,750"
2025-07-07,Beras Kualitas Super II,2,"15,750"
2025-07-08,Beras Kualitas Super II,2,"15,750"
2025-07-09,Beras Kualitas Super II,2,"15,750"
2025-07-10,Beras Kualitas Super II,2,"15,750"
2025-07-11,Beras Kualitas Super II,2,"15,750"
2025-07-14,Beras Kualitas Super II,2,"15,750"
2025-07-15,Beras Kualitas Super II,2,"15,750"
2025-07-16,Beras Kualitas Super II,2,"15,800"
2025-07-17,Beras Kualitas Super II,2,"15,800"
2025-07-18,Beras Kualitas Super II,2,"15,800"
2025-07-21,Beras Kualitas Super II,2,"15,800"
2025-07-22,Beras Kualitas Super II,2,"15,800"
2025-07-23,Beras Kualitas Super II,2,"15,800"
2025-07-24,Beras Kualitas Super II,2,"15,800"
2025-07-25,Beras Kualitas Super II,2,"15,800"
2025-07-28,Beras Kualitas Super II,2,"15,800"
2025-07-29,Beras Kualitas Super II,2,"15,800"
2025-07-30,Beras Kualitas Super II,2,"15,800"
2025-07-31,Beras Kualitas Super II,2,"15,800"
2025-07-01,Daging Ayam,1,"29,100"
2025-07-02,Daging Ayam,1,"29,050"
2025-07-03,Daging Ayam,1,"29,250"
2025-07-04,Daging Ayam,1,"29,250"
2025-07-07,Daging Ayam,1,"29,250"
2025-07-08,Daging Ayam,1,"29,250"
2025-07-09,Daging Ayam,1,"29,250"
2025-07-10,Daging Ayam,1,"29,650"
2025-07-11,Daging Ayam,1,"29,650"
2025-07-14,Daging Ayam,1,"29,650"
2025-07-15,Daging Ayam,1,"29,650"
2025-07-16,Daging Ayam,1,"29,650"
2025-07-17,Daging Ayam,1,"30,200"
2025-07-18,Daging Ayam,1,"30,200"
2025-07-21,Daging Ayam,1,"30,200"
2025-07-22,Daging Ayam,1,"30,200"
2025-07-23,Daging Ayam,1,"30,100"
2025-07-24,Daging Ayam,1,"30,200"
2025-07-25,Daging Ayam,1,"30,200"
2025-07-28,Daging Ayam,1,"30,200"
2025-07-29,Daging Ayam,1,"30,200"
2025-07-30,Daging Ayam,1,"30,200"
2025-07-31,Daging Ayam,1,"29,850"
2025-07-01,Daging Ayam Ras Segar,2,"29,100"
2025-07-02,Daging Ayam Ras Segar,2,"29,050"
2025-07-03,Daging Ayam Ras Segar,2,"29,250"
2025-07-04,Daging Ayam Ras Segar,2,"29,250"
2025-07-07,Daging Ayam Ras Segar,2,"29,250"
2025-07-08,Daging Ayam Ras Segar,2,"29,250"
2025-07-09,Daging Ayam Ras Segar,2,"29,250"
2025-07-10,Daging Ayam Ras Segar,2,"29,650"
2025-07-11,Daging Ayam Ras Segar,2,"29,650"
2025-07-14,Daging Ayam Ras Segar,2,"29,650"
2025-07-15,Daging Ayam Ras Segar,2,"29,650"
2025-07-16,Daging Ayam Ras Segar,2,"29,650"
2025-07-17,Daging Ayam Ras Segar,2,"30,200"
2025-07-18,Daging Ayam Ras Segar,2,"30,200"
2025-07-21,Daging Ayam Ras Segar,2,"30,200"
2025-07-22,Daging Ayam Ras Segar,2,"30,200"
2025-07-23,Daging Ayam Ras Segar,2,"30,100"
2025-07-24,Daging Ayam Ras Segar,2,"30,200"
2025-07-25,Daging Ayam Ras Segar,2,"30,200"
2025-07-28,Daging Ayam Ras Segar,2,"30,200"
2025-07-29,Daging Ayam Ras Segar,2,"30,200"
2025-07-30,Daging Ayam Ras Segar,2,"30,200"
2025-07-31,Daging Ayam Ras Segar,2,"29,850"
2025-07-01,Daging Sapi,1,"127,850"
2025-07-02,Daging Sapi,1,"127,850"
2025-07-03,Daging Sapi,1,"128,100"
2025-07-04,Daging Sapi,1,"128,100"
2025-07-07,Daging Sapi,1,"128,100"
2025-07-08,Daging Sapi,1,"128,100"
2025-07-09,Daging Sapi,1,"128,100"
2025-07-10,Daging Sapi,1,"128,400"
2025-07-11,Daging Sapi,1,"128,400"
2025-07-14,Daging Sapi,1,"128,400"
2025-07-15,Daging Sapi,1,"128,450"
2025-07-16,Daging Sapi,1,"128,450"
2025-07-17,Daging Sapi,1,"128,250"
2025-07-18,Daging Sapi,1,"128,250"
2025-07-21,Daging Sapi,1,"128,250"
2025-07-22,Daging Sapi,1,"128,250"
2025-07-23,Daging Sapi,1,"128,250"
2025-07-24,Daging Sapi,1,"128,200"
2025-07-25,Daging Sapi,1,"128,200"
2025-07-28,Daging Sapi,1,"128,200"
2025-07-29,Daging Sapi,1,"128,200"
2025-07-30,Daging Sapi,1,"128,200"
2025-07-31,Daging Sapi,1,"128,300"
2025-07-01,Daging Sapi Kualitas 1,2,"130,450"
2025-07-02,Daging Sapi Kualitas 1,2,"130,450"
2025-07-03,Daging Sapi Kualitas 1,2,"130,750"
2025-07-04,Daging Sapi Kualitas 1,2,"130,750"
2025-07-07,Daging Sapi Kualitas 1,2,"130,750"
2025-07-08,Daging Sapi Kualitas 1,2,"130,750"
2025-07-09,Daging Sapi Kualitas 1,2,"130,750"
2025-07-10,Daging Sapi Kualitas 1,2,"130,850"
2025-07-11,Daging Sapi Kualitas 1,2,"130,850"
2025-07-14,Daging Sapi Kualitas 1,2,"130,850"
2025-07-15,Daging Sapi Kualitas 1,2,"130,900"
2025-07-16,Daging Sapi Kualitas 1,2,"130,900"
2025-07-17,Daging Sapi Kualitas 1,2,"130,700"
2025-07-18,Daging Sapi Kualitas 1,2,"130,700"
2025-07-21,Daging Sapi Kualitas 1,2,"130,700"
2025-07-22,Daging Sapi Kualitas 1,2,"130,700"
2025-07-23,Daging Sapi Kualitas 1,2,"130,700"
2025-07-24,Daging Sapi Kualitas 1,2,"130,700"
2025-07-25,Daging Sapi Kualitas 1,2,"130,700"
2025-07-28,Daging Sapi Kualitas 1,2,"130,700"
2025-07-29,Daging Sapi Kualitas 1,2,"130,700"
2025-07-30,Daging Sapi Kualitas 1,2,"130,600"
2025-07-31,Daging Sapi Kualitas 1,2,"130,750"
2025-07-01,Daging Sapi Kualitas 2,2,"126,050"
2025-07-02,Daging Sapi Kualitas 2,2,"126,050"
2025-07-03,Daging Sapi Kualitas 2,2,"126,200"
2025-07-04,Daging Sapi Kualitas 2,2,"126,200"
2025-07-07,Daging Sapi Kualitas 2,2,"126,200"
2025-07-08,Daging Sapi Kualitas 2,2,"126,200"
2025-07-09,Daging Sapi Kualitas 2,2,"126,200"
2025-07-10,Daging Sapi Kualitas 2,2,"126,200"
2025-07-11,Daging Sapi Kualitas 2,2,"126,200"
2025-07-14,Daging Sapi Kualitas 2,2,"126,200"
2025-07-15,Daging Sapi Kualitas 2,2,"126,300"
2025-07-16,Daging Sapi Kualitas 2,2,"126,300"
2025-07-17,Daging Sapi Kualitas 2,2,"126,050"
2025-07-18,Daging Sapi Kualitas 2,2,"126,050"
2025-07-21,Daging Sapi Kualitas 2,2,"126,050"
2025-07-22,Daging Sapi Kualitas 2,2,"126,050"
2025-07-23,Daging Sapi Kualitas 2,2,"126,050"
2025-07-24,Daging Sapi Kualitas 2,2,"125,900"
2025-07-25,Daging Sapi Kualitas 2,2,"125,900"
2025-07-28,Daging Sapi Kualitas 2,2,"125,900"
2025-07-29,Daging Sapi Kualitas 2,2,"125,900"
2025-07-30,Daging Sapi Kualitas 2,2,"125,900"
2025-07-31,Daging Sapi Kualitas 2,2,"125,700"
2025-07-01,Telur Ayam,1,"27,200"
2025-07-02,Telur Ayam,1,"27,200"
2025-07-03,Telur Ayam,1,"27,200"
2025-07-04,Telur Ayam,1,"27,200"
2025-07-07,Telur Ayam,1,"27,200"
2025-07-08,Telur Ayam,1,"27,200"
2025-07-09,Telur Ayam,1,"27,200"
2025-07-10,Telur Ayam,1,"27,450"
2025-07-11,Telur Ayam,1,"27,450"
2025-07-14,Telur Ayam,1,"27,450"
2025-07-15,Telur Ayam,1,"27,450"
2025-07-16,Telur Ayam,1,"27,450"
2025-07-17,Telur Ayam,1,"27,600"
2025-07-18,Telur Ayam,1,"27,600"
2025-07-21,Telur Ayam,1,"27,600"
2025-07-22,Telur Ayam,1,"27,600"
2025-07-23,Telur Ayam,1,"27,600"
2025-07-24,Telur Ayam,1,"27,750"
2025-07-25,Telur Ayam,1,"27,750"
2025-07-28,Telur Ayam,1,"27,750"
2025-07-29,Telur Ayam,1,"27,750"
2025-07-30,Telur Ayam,1,"27,750"
2025-07-31,Telur Ayam,1,"27,700"
2025-07-01,Telur Ayam Ras Segar,2,"27,200"
2025-07-02,Telur Ayam Ras Segar,2,"27,200"
2025-07-03,Telur Ayam Ras Segar,2,"27,200"
2025-07-04,Telur Ayam Ras Segar,2,"27,200"
2025-07-07,Telur Ayam Ras Segar,2,"27,200"
2025-07-08,Telur Ayam Ras Segar,2,"27,200"
2025-07-09,Telur Ayam Ras Segar,2,"27,200"
2025-07-10,Telur Ayam Ras Segar,2,"27,450"
2025-07-11,Telur Ayam Ras Segar,2,"27,450"
2025-07-14,Telur Ayam Ras Segar,2,"27,450"
2025-07-15,Telur Ayam Ras Segar,2,"27,450"
2025-07-16,Telur Ayam Ras Segar,2,"27,450"
2025-07-17,Telur Ayam Ras Segar,2,"27,600"
2025-07-18,Telur Ayam Ras Segar,2,"27,600"
2025-07-21,Telur Ayam Ras Segar,2,"27,600"
2025-07-22,Telur Ayam Ras Segar,2,"27,600"
2025-07-23,Telur Ayam Ras Segar,2,"27,600"
2025-07-24,Telur Ayam Ras Segar,2,"27,750"
2025-07-25,Telur Ayam Ras Segar,2,"27,750"
2025-07-28,Telur Ayam Ras Segar,2,"27,750"
2025-07-29,Telur Ayam Ras Segar,2,"27,750"
2025-07-30,Telur Ayam Ras Segar,2,"27,750"
2025-07-31,Telur Ayam Ras Segar,2,"27,700"
2025-07-01,Bawang Merah,1,"39,450"
2025-07-02,Bawang Merah,1,"39,400"
2025-07-03,Bawang Merah,1,"38,300"
2025-07-04,Bawang Merah,1,"38,300"
2025-07-07,Bawang Merah,1,"38,300"
2025-07-08,Bawang Merah,1,"38,300"
2025-07-09,Bawang Merah,1,"38,300"
2025-07-10,Bawang Merah,1,"39,250"
2025-07-11,Bawang Merah,1,"39,250"
2025-07-14,Bawang Merah,1,"39,250"
2025-07-15,Bawang Merah,1,"39,300"
2025-07-16,Bawang Merah,1,"39,300"
2025-07-17,Bawang Merah,1,"40,800"
2025-07-18,Bawang Merah,1,"40,800"
2025-07-21,Bawang Merah,1,"40,800"
2025-07-22,Bawang Merah,1,"40,800"
2025-07-23,Bawang Merah,1,"41,000"
2025-07-24,Bawang Merah,1,"44,300"
2025-07-25,Bawang Merah,1,"44,300"
2025-07-28,Bawang Merah,1,"44,300"
2025-07-29,Bawang Merah,1,"44,300"
2025-07-30,Bawang Merah,1,"44,300"
2025-07-31,Bawang Merah,1,"47,200"
2025-07-01,Bawang Merah Ukuran Sedang,2,"39,450"
2025-07-02,Bawang Merah Ukuran Sedang,2,"39,400"
2025-07-03,Bawang Merah Ukuran Sedang,2,"38,300"
2025-07-04,Bawang Merah Ukuran Sedang,2,"38,300"
2025-07-07,Bawang Merah Ukuran Sedang,2,"38,300"
2025-07-08,Bawang Merah Ukuran Sedang,2,"38,300"
2025-07-09,Bawang Merah Ukuran Sedang,2,"38,300"
2025-07-10,Bawang Merah Ukuran Sedang,2,"39,250"
2025-07-11,Bawang Merah Ukuran Sedang,2,"39,250"
2025-07-14,Bawang Merah Ukuran Sedang,2,"39,250"
2025-07-15,Bawang Merah Ukuran Sedang,2,"39,300"
2025-07-16,Bawang Merah Ukuran Sedang,2,"39,300"
2025-07-17,Bawang Merah Ukuran Sedang,2,"40,800"
2025-07-18,Bawang Merah Ukuran Sedang,2,"40,800"
2025-07-21,Bawang Merah Ukuran Sedang,2,"40,800"
2025-07-22,Bawang Merah Ukuran Sedang,2,"40,800"
2025-07-23,Bawang Merah Ukuran Sedang,2,"41,000"
2025-07-24,Bawang Merah Ukuran Sedang,2,"44,300"
2025-07-25,Bawang Merah Ukuran Sedang,2,"44,300"
2025-07-28,Bawang Merah Ukuran Sedang,2,"44,300"
2025-07-29,Bawang Merah Ukuran Sedang,2,"44,300"
2025-07-30,Bawang Merah Ukuran Sedang,2,"44,300"
2025-07-31,Bawang Merah Ukuran Sedang,2,"47,200"
2025-07-01,Bawang Putih,1,"33,400"
2025-07-02,Bawang Putih,1,"33,250"
2025-07-03,Bawang Putih,1,"32,050"
2025-07-04,Bawang Putih,1,"32,050"
2025-07-07,Bawang Putih,1,"32,050"
2025-07-08,Bawang Putih,1,"32,050"
2025-07-09,Bawang Putih,1,"32,050"
2025-07-10,Bawang Putih,1,"32,250"
2025-07-11,Bawang Putih,1,"32,250"
2025-07-14,Bawang Putih,1,"32,250"
2025-07-15,Bawang Putih,1,"32,350"
2025-07-16,Bawang Putih,1,"32,350"
2025-07-17,Bawang Putih,1,"32,400"
2025-07-18,Bawang Putih,1,"32,400"
2025-07-21,Bawang Putih,1,"32,400"
2025-07-22,Bawang Putih,1,"32,400"
2025-07-23,Bawang Putih,1,"32,400"
2025-07-24,Bawang Putih,1,"32,550"
2025-07-25,Bawang Putih,1,"32,550"
2025-07-28,Bawang Putih,1,"32,550"
2025-07-29,Bawang Putih,1,"32,550"
2025-07-30,Bawang Putih,1,"32,500"
2025-07-31,Bawang Putih,1,"32,650"
2025-07-01,Bawang Putih Ukuran Sedang,2,"33,400"
2025-07-02,Bawang Putih Ukuran Sedang,2,"33,250"
2025-07-03,Bawang Putih Ukuran Sedang,2,"32,050"
2025-07-04,Bawang Putih Ukuran Sedang,2,"32,050"
2025-07-07,Bawang Putih Ukuran Sedang,2,"32,050"
2025-07-08,Bawang Putih Ukuran Sedang,2,"32,050"
2025-07-09,Bawang Putih Ukuran Sedang,2,"32,050"
2025-07-10,Bawang Putih Ukuran Sedang,2,"32,250"
2025-07-11,Bawang Putih Ukuran Sedang,2,"32,250"
2025-07-14,Bawang Putih Ukuran Sedang,2,"32,250"
2025-07-15,Bawang Putih Ukuran Sedang,2,"32,350"
2025-07-16,Bawang Putih Ukuran Sedang,2,"32,350"
2025-07-17,Bawang Putih Ukuran Sedang,2,"32,400"
2025-07-18,Bawang Putih Ukuran Sedang,2,"32,400"
2025-07-21,Bawang Putih Ukuran Sedang,2,"32,400"
2025-07-22,Bawang Putih Ukuran Sedang,2,"32,400"
2025-07-23,Bawang Putih Ukuran Sedang,2,"32,400"
2025-07-24,Bawang Putih Ukuran Sedang,2,"32,550"
2025-07-25,Bawang Putih Ukuran Sedang,2,"32,550"
2025-07-28,Bawang Putih Ukuran Sedang,2,"32,550"
2025-07-29,Bawang Putih Ukuran Sedang,2,"32,550"
2025-07-30,Bawang Putih Ukuran Sedang,2,"32,500"
2025-07-31,Bawang Putih Ukuran Sedang,2,"32,650"
2025-07-01,Cabai Merah,1,"37,050"
2025-07-02,Cabai Merah,1,"37,050"
2025-07-03,Cabai Merah,1,"36,800"
2025-07-04,Cabai Merah,1,"36,800"
2025-07-07,Cabai Merah,1,"36,800"
2025-07-08,Cabai Merah,1,"36,800"
2025-07-09,Cabai Merah,1,"36,800"
2025-07-10,Cabai Merah,1,"39,700"
2025-07-11,Cabai Merah,1,"39,700"
2025-07-14,Cabai Merah,1,"39,700"
2025-07-15,Cabai Merah,1,"39,650"
2025-07-16,Cabai Merah,1,"39,650"
2025-07-17,Cabai Merah,1,"39,950"
2025-07-18,Cabai Merah,1,"39,950"
2025-07-21,Cabai Merah,1,"39,950"
2025-07-22,Cabai Merah,1,"39,950"
2025-07-23,Cabai Merah,1,"39,950"
2025-07-24,Cabai Merah,1,"39,350"
2025-07-25,Cabai Merah,1,"39,350"
2025-07-28,Cabai Merah,1,"39,350"
2025-07-29,Cabai Merah,1,"39,350"
2025-07-30,Cabai Merah,1,"39,200"
2025-07-31,Cabai Merah,1,"36,900"
2025-07-01,Cabai Merah Besar,2,"34,650"
2025-07-02,Cabai Merah Besar,2,"34,450"
2025-07-03,Cabai Merah Besar,2,"33,500"
2025-07-04,Cabai Merah Besar,2,"33,500"
2025-07-07,Cabai Merah Besar,2,"33,500"
2025-07-08,Cabai Merah Besar,2,"33,500"
2025-07-09,Cabai Merah Besar,2,"33,500"
2025-07-10,Cabai Merah Besar,2,"35,650"
2025-07-11,Cabai Merah Besar,2,"35,650"
2025-07-14,Cabai Merah Besar,2,"35,650"
2025-07-15,Cabai Merah Besar,2,"35,450"
2025-07-16,Cabai Merah Besar,2,"35,450"
2025-07-17,Cabai Merah Besar,2,"36,100"
2025-07-18,Cabai Merah Besar,2,"36,100"
2025-07-21,Cabai Merah Besar,2,"36,100"
2025-07-22,Cabai Merah Besar,2,"36,100"
2025-07-23,Cabai Merah Besar,2,"36,100"
2025-07-24,Cabai Merah Besar,2,"36,900"
2025-07-25,Cabai Merah Besar,2,"36,900"
2025-07-28,Cabai Merah Besar,2,"36,900"
2025-07-29,Cabai Merah Besar,2,"36,900"
2025-07-30,Cabai Merah Besar,2,"36,800"
2025-07-31,Cabai Merah Besar,2,"36,850"
2025-07-01,Cabai Merah Keriting ,2,"36,700"
2025-07-02,Cabai Merah Keriting ,2,"36,800"
2025-07-03,Cabai Merah Keriting ,2,"37,350"
2025-07-04,Cabai Merah Keriting ,2,"37,350"
2025-07-07,Cabai Merah Keriting ,2,"37,350"
2025-07-08,Cabai Merah Keriting ,2,"37,350"
2025-07-09,Cabai Merah Keriting ,2,"37,350"
2025-07-10,Cabai Merah Keriting ,2,"40,600"
2025-07-11,Cabai Merah Keriting ,2,"40,600"
2025-07-14,Cabai Merah Keriting ,2,"40,600"
2025-07-15,Cabai Merah Keriting ,2,"40,700"
2025-07-16,Cabai Merah Keriting ,2,"40,700"
2025-07-17,Cabai Merah Keriting ,2,"40,800"
2025-07-18,Cabai Merah Keriting ,2,"40,800"
2025-07-21,Cabai Merah Keriting ,2,"40,800"
2025-07-22,Cabai Merah Keriting ,2,"40,800"
2025-07-23,Cabai Merah Keriting ,2,"40,800"
2025-07-24,Cabai Merah Keriting ,2,"39,550"
2025-07-25,Cabai Merah Keriting ,2,"39,550"
2025-07-28,Cabai Merah Keriting ,2,"39,550"
2025-07-29,Cabai Merah Keriting ,2,"39,550"
2025-07-30,Cabai Merah Keriting ,2,"39,350"
2025-07-31,Cabai Merah Keriting ,2,"36,350"
2025-07-01,Cabai Rawit,1,"45,250"
2025-07-02,Cabai Rawit,1,"45,250"
2025-07-03,Cabai Rawit,1,"48,950"
2025-07-04,Cabai Rawit,1,"48,950"
2025-07-07,Cabai Rawit,1,"48,950"
2025-07-08,Cabai Rawit,1,"48,950"
2025-07-09,Cabai Rawit,1,"48,950"
2025-07-10,Cabai Rawit,1,"52,100"
2025-07-11,Cabai Rawit,1,"52,100"
2025-07-14,Cabai Rawit,1,"52,100"
2025-07-15,Cabai Rawit,1,"52,600"
2025-07-16,Cabai Rawit,1,"52,600"
2025-07-17,Cabai Rawit,1,"53,900"
2025-07-18,Cabai Rawit,1,"53,900"
2025-07-21,Cabai Rawit,1,"53,900"
2025-07-22,Cabai Rawit,1,"53,900"
2025-07-23,Cabai Rawit,1,"53,750"
2025-07-24,Cabai Rawit,1,"48,750"
2025-07-25,Cabai Rawit,1,"48,750"
2025-07-28,Cabai Rawit,1,"48,750"
2025-07-29,Cabai Rawit,1,"48,750"
2025-07-30,Cabai Rawit,1,"48,500"
2025-07-31,Cabai Rawit,1,"44,550"
2025-07-01,Cabai Rawit Hijau,2,"40,500"
2025-07-02,Cabai Rawit Hijau,2,"40,500"
2025-07-03,Cabai Rawit Hijau,2,"41,550"
2025-07-04,Cabai Rawit Hijau,2,"41,550"
2025-07-07,Cabai Rawit Hijau,2,"41,550"
2025-07-08,Cabai Rawit Hijau,2,"41,550"
2025-07-09,Cabai Rawit Hijau,2,"41,550"
2025-07-10,Cabai Rawit Hijau,2,"44,400"
2025-07-11,Cabai Rawit Hijau,2,"44,400"
2025-07-14,Cabai Rawit Hijau,2,"44,400"
2025-07-15,Cabai Rawit Hijau,2,"45,050"
2025-07-16,Cabai Rawit Hijau,2,"45,050"
2025-07-17,Cabai Rawit Hijau,2,"45,000"
2025-07-18,Cabai Rawit Hijau,2,"45,000"
2025-07-21,Cabai Rawit Hijau,2,"45,000"
2025-07-22,Cabai Rawit Hijau,2,"45,000"
2025-07-23,Cabai Rawit Hijau,2,"45,000"
2025-07-24,Cabai Rawit Hijau,2,"44,050"
2025-07-25,Cabai Rawit Hijau,2,"44,050"
2025-07-28,Cabai Rawit Hijau,2,"44,050"
2025-07-29,Cabai Rawit Hijau,2,"44,050"
2025-07-30,Cabai Rawit Hijau,2,"43,800"
2025-07-31,Cabai Rawit Hijau,2,"41,850"
2025-07-01,Cabai Rawit Merah,2,"51,550"
2025-07-02,Cabai Rawit Merah,2,"51,550"
2025-07-03,Cabai Rawit Merah,2,"57,400"
2025-07-04,Cabai Rawit Merah,2,"57,400"
2025-07-07,Cabai Rawit Merah,2,"57,400"
2025-07-08,Cabai Rawit Merah,2,"57,400"
2025-07-09,Cabai Rawit Merah,2,"57,400"
2025-07-10,Cabai Rawit Merah,2,"60,300"
2025-07-11,Cabai Rawit Merah,2,"60,300"
2025-07-14,Cabai Rawit Merah,2,"60,300"
2025-07-15,Cabai Rawit Merah,2,"60,750"
2025-07-16,Cabai Rawit Merah,2,"60,750"
2025-07-17,Cabai Rawit Merah,2,"62,700"
2025-07-18,Cabai Rawit Merah,2,"62,700"
2025-07-21,Cabai Rawit Merah,2,"62,700"
2025-07-22,Cabai Rawit Merah,2,"62,700"
2025-07-23,Cabai Rawit Merah,2,"62,400"
2025-07-24,Cabai Rawit Merah,2,"54,150"
2025-07-25,Cabai Rawit Merah,2,"54,150"
2025-07-28,Cabai Rawit Merah,2,"54,150"
2025-07-29,Cabai Rawit Merah,2,"54,150"
2025-07-30,Cabai Rawit Merah,2,"53,850"
2025-07-31,Cabai Rawit Merah,2,"47,300"
2025-07-01,Minyak Goreng,1,"19,350"
2025-07-02,Minyak Goreng,1,"19,350"
2025-07-03,Minyak Goreng,1,"19,350"
2025-07-04,Minyak Goreng,1,"19,350"
2025-07-07,Minyak Goreng,1,"19,350"
2025-07-08,Minyak Goreng,1,"19,350"
2025-07-09,Minyak Goreng,1,"19,350"
2025-07-10,Minyak Goreng,1,"19,350"
2025-07-11,Minyak Goreng,1,"19,350"
2025-07-14,Minyak Goreng,1,"19,350"
2025-07-15,Minyak Goreng,1,"19,350"
2025-07-16,Minyak Goreng,1,"19,350"
2025-07-17,Minyak Goreng,1,"19,250"
2025-07-18,Minyak Goreng,1,"19,250"
2025-07-21,Minyak Goreng,1,"19,250"
2025-07-22,Minyak Goreng,1,"19,250"
2025-07-23,Minyak Goreng,1,"19,250"
2025-07-24,Minyak Goreng,1,"19,350"
2025-07-25,Minyak Goreng,1,"19,350"
2025-07-28,Minyak Goreng,1,"19,350"
2025-07-29,Minyak Goreng,1,"19,350"
2025-07-30,Minyak Goreng,1,"19,350"
2025-07-31,Minyak Goreng,1,"19,400"
2025-07-01,Minyak Goreng Curah,2,"17,000"
2025-07-02,Minyak Goreng Curah,2,"17,050"
2025-07-03,Minyak Goreng Curah,2,"17,000"
2025-07-04,Minyak Goreng Curah,2,"17,000"
2025-07-07,Minyak Goreng Curah,2,"17,000"
2025-07-08,Minyak Goreng Curah,2,"17,000"
2025-07-09,Minyak Goreng Curah,2,"17,000"
2025-07-10,Minyak Goreng Curah,2,"17,000"
2025-07-11,Minyak Goreng Curah,2,"17,000"
2025-07-14,Minyak Goreng Curah,2,"17,000"
2025-07-15,Minyak Goreng Curah,2,"17,000"
2025-07-16,Minyak Goreng Curah,2,"17,000"
2025-07-17,Minyak Goreng Curah,2,"17,000"
2025-07-18,Minyak Goreng Curah,2,"17,000"
2025-07-21,Minyak Goreng Curah,2,"17,000"
2025-07-22,Minyak Goreng Curah,2,"17,000"
2025-07-23,Minyak Goreng Curah,2,"17,000"
2025-07-24,Minyak Goreng Curah,2,"17,150"
2025-07-25,Minyak Goreng Curah,2,"17,150"
2025-07-28,Minyak Goreng Curah,2,"17,150"
2025-07-29,Minyak Goreng Curah,2,"17,150"
2025-07-30,Minyak Goreng Curah,2,"17,150"
2025-07-31,Minyak Goreng Curah,2,"17,200"
2025-07-01,Minyak Goreng Kemasan Bermerk 1,2,"20,450"
2025-07-02,Minyak Goreng Kemasan Bermerk 1,2,"20,350"
2025-07-03,Minyak Goreng Kemasan Bermerk 1,2,"20,400"
2025-07-04,Minyak Goreng Kemasan Bermerk 1,2,"20,400"
2025-07-07,Minyak Goreng Kemasan Bermerk 1,2,"20,400"
2025-07-08,Minyak Goreng Kemasan Bermerk 1,2,"20,400"
2025-07-09,Minyak Goreng Kemasan Bermerk 1,2,"20,400"
2025-07-10,Minyak Goreng Kemasan Bermerk 1,2,"20,400"
2025-07-11,Minyak Goreng Kemasan Bermerk 1,2,"20,400"
2025-07-14,Minyak Goreng Kemasan Bermerk 1,2,"20,400"
2025-07-15,Minyak Goreng Kemasan Bermerk 1,2,"20,400"
2025-07-16,Minyak Goreng Kemasan Bermerk 1,2,"20,400"
2025-07-17,Minyak Goreng Kemasan Bermerk 1,2,"20,100"
2025-07-18,Minyak Goreng Kemasan Bermerk 1,2,"20,100"
2025-07-21,Minyak Goreng Kemasan Bermerk 1,2,"20,100"
2025-07-22,Minyak Goreng Kemasan Bermerk 1,2,"20,100"
2025-07-23,Minyak Goreng Kemasan Bermerk 1,2,"20,100"
2025-07-24,Minyak Goreng Kemasan Bermerk 1,2,"20,350"
2025-07-25,Minyak Goreng Kemasan Bermerk 1,2,"20,350"
2025-07-28,Minyak Goreng Kemasan Bermerk 1,2,"20,350"
2025-07-29,Minyak Goreng Kemasan Bermerk 1,2,"20,350"
2025-07-30,Minyak Goreng Kemasan Bermerk 1,2,"20,350"
2025-07-31,Minyak Goreng Kemasan Bermerk 1,2,"20,400"
2025-07-01,Minyak Goreng Kemasan Bermerk 2,2,"19,950"
2025-07-02,Minyak Goreng Kemasan Bermerk 2,2,"19,950"
2025-07-03,Minyak Goreng Kemasan Bermerk 2,2,"19,950"
2025-07-04,Minyak Goreng Kemasan Bermerk 2,2,"19,950"
2025-07-07,Minyak Goreng Kemasan Bermerk 2,2,"19,950"
2025-07-08,Minyak Goreng Kemasan Bermerk 2,2,"19,950"
2025-07-09,Minyak Goreng Kemasan Bermerk 2,2,"19,950"
2025-07-10,Minyak Goreng Kemasan Bermerk 2,2,"19,900"
2025-07-11,Minyak Goreng Kemasan Bermerk 2,2,"19,900"
2025-07-14,Minyak Goreng Kemasan Bermerk 2,2,"19,900"
2025-07-15,Minyak Goreng Kemasan Bermerk 2,2,"19,900"
2025-07-16,Minyak Goreng Kemasan Bermerk 2,2,"19,900"
2025-07-17,Minyak Goreng Kemasan Bermerk 2,2,"19,900"
2025-07-18,Minyak Goreng Kemasan Bermerk 2,2,"19,900"
2025-07-21,Minyak Goreng Kemasan Bermerk 2,2,"19,900"
2025-07-22,Minyak Goreng Kemasan Bermerk 2,2,"19,900"
2025-07-23,Minyak Goreng Kemasan Bermerk 2,2,"19,900"
2025-07-24,Minyak Goreng Kemasan Bermerk 2,2,"19,950"
2025-07-25,Minyak Goreng Kemasan Bermerk 2,2,"19,950"
2025-07-28,Minyak Goreng Kemasan Bermerk 2,2,"19,950"
2025-07-29,Minyak Goreng Kemasan Bermerk 2,2,"19,950"
2025-07-30,Minyak Goreng Kemasan Bermerk 2,2,"19,950"
2025-07-31,Minyak Goreng Kemasan Bermerk 2,2,"19,950"
2025-07-01,Gula Pasir,1,"17,500"
2025-07-02,Gula Pasir,1,"17,500"
2025-07-03,Gula Pasir,1,"17,450"
2025-07-04,Gula Pasir,1,"17,450"
2025-07-07,Gula Pasir,1,"17,450"
2025-07-08,Gula Pasir,1,"17,450"
2025-07-09,Gula Pasir,1,"17,450"
2025-07-10,Gula Pasir,1,"17,400"
2025-07-11,Gula Pasir,1,"17,400"
2025-07-14,Gula Pasir,1,"17,400"
2025-07-15,Gula Pasir,1,"17,400"
2025-07-16,Gula Pasir,1,"17,350"
2025-07-17,Gula Pasir,1,"17,300"
2025-07-18,Gula Pasir,1,"17,300"
2025-07-21,Gula Pasir,1,"17,300"
2025-07-22,Gula Pasir,1,"17,300"
2025-07-23,Gula Pasir,1,"17,300"
2025-07-24,Gula Pasir,1,"17,250"
2025-07-25,Gula Pasir,1,"17,250"
2025-07-28,Gula Pasir,1,"17,250"
2025-07-29,Gula Pasir,1,"17,250"
2025-07-30,Gula Pasir,1,"17,250"
2025-07-31,Gula Pasir,1,"17,300"
2025-07-01,Gula Pasir Kualitas Premium,2,"18,250"
2025-07-02,Gula Pasir Kualitas Premium,2,"18,250"
2025-07-03,Gula Pasir Kualitas Premium,2,"18,250"
2025-07-04,Gula Pasir Kualitas Premium,2,"18,250"
2025-07-07,Gula Pasir Kualitas Premium,2,"18,250"
2025-07-08,Gula Pasir Kualitas Premium,2,"18,250"
2025-07-09,Gula Pasir Kualitas Premium,2,"18,250"
2025-07-10,Gula Pasir Kualitas Premium,2,"18,250"
2025-07-11,Gula Pasir Kualitas Premium,2,"18,250"
2025-07-14,Gula Pasir Kualitas Premium,2,"18,250"
2025-07-15,Gula Pasir Kualitas Premium,2,"18,250"
2025-07-16,Gula Pasir Kualitas Premium,2,"18,250"
2025-07-17,Gula Pasir Kualitas Premium,2,"18,250"
2025-07-18,Gula Pasir Kualitas Premium,2,"18,250"
2025-07-21,Gula Pasir Kualitas Premium,2,"18,250"
2025-07-22,Gula Pasir Kualitas Premium,2,"18,250"
2025-07-23,Gula Pasir Kualitas Premium,2,"18,250"
2025-07-24,Gula Pasir Kualitas Premium,2,"18,250"
2025-07-25,Gula Pasir Kualitas Premium,2,"18,250"
2025-07-28,Gula Pasir Kualitas Premium,2,"18,250"
2025-07-29,Gula Pasir Kualitas Premium,2,"18,250"
2025-07-30,Gula Pasir Kualitas Premium,2,"18,250"
2025-07-31,Gula Pasir Kualitas Premium,2,"18,250"
2025-07-01,Gula Pasir Lokal,2,"16,850"
2025-07-02,Gula Pasir Lokal,2,"16,850"
2025-07-03,Gula Pasir Lokal,2,"16,800"
2025-07-04,Gula Pasir Lokal,2,"16,800"
2025-07-07,Gula Pasir Lokal,2,"16,800"
2025-07-08,Gula Pasir Lokal,2,"16,800"
2025-07-09,Gula Pasir Lokal,2,"16,800"
2025-07-10,Gula Pasir Lokal,2,"16,750"
2025-07-11,Gula Pasir Lokal,2,"16,700"
2025-07-14,Gula Pasir Lokal,2,"16,700"
2025-07-15,Gula Pasir Lokal,2,"16,700"
2025-07-16,Gula Pasir Lokal,2,"16,700"
2025-07-17,Gula Pasir Lokal,2,"16,650"
2025-07-18,Gula Pasir Lokal,2,"16,650"
2025-07-21,Gula Pasir Lokal,2,"16,650"
2025-07-22,Gula Pasir Lokal,2,"16,650"
2025-07-23,Gula Pasir Lokal,2,"16,650"
2025-07-24,Gula Pasir Lokal,2,"16,550"
2025-07-25,Gula Pasir Lokal,2,"16,550"
2025-07-28,Gula Pasir Lokal,2,"16,550"
2025-07-29,Gula Pasir Lokal,2,"16,550"
2025-07-30,Gula Pasir Lokal,2,"16,550"
2025-07-31,Gula Pasir Lokal,2,"16,550"
2025-08-01,Beras,1,"14,950"
2025-08-04,Beras,1,"14,950"
2025-08-05,Beras,1,"14,950"
2025-08-06,Beras,1,"14,950"
2025-08-07,Beras,1,"14,950"
2025-08-08,Beras,1,"15,000"
2025-08-11,Beras,1,"15,000"
2025-08-12,Beras,1,"15,000"
2025-08-13,Beras,1,"15,000"
2025-08-14,Beras,1,"14,950"
2025-08-15,Beras,1,"14,950"
2025-08-18,Beras,1,"14,950"
2025-08-19,Beras,1,"14,950"
2025-08-20,Beras,1,"14,950"
2025-08-21,Beras,1,"14,950"
2025-08-22,Beras,1,"14,950"
2025-08-25,Beras,1,"14,950"
2025-08-26,Beras,1,"14,950"
2025-08-27,Beras,1,"14,950"
2025-08-28,Beras,1,"14,950"
2025-08-29,Beras,1,"14,900"
2025-08-01,Beras Kualitas Bawah I,2,"13,800"
2025-08-04,Beras Kualitas Bawah I,2,"13,800"
2025-08-05,Beras Kualitas Bawah I,2,"13,800"
2025-08-06,Beras Kualitas Bawah I,2,"13,800"
2025-08-07,Beras Kualitas Bawah I,2,"13,850"
2025-08-08,Beras Kualitas Bawah I,2,"13,900"
2025-08-11,Beras Kualitas Bawah I,2,"13,900"
2025-08-12,Beras Kualitas Bawah I,2,"13,900"
2025-08-13,Beras Kualitas Bawah I,2,"13,900"
2025-08-14,Beras Kualitas Bawah I,2,"13,950"
2025-08-15,Beras Kualitas Bawah I,2,"13,950"
2025-08-18,Beras Kualitas Bawah I,2,"13,950"
2025-08-19,Beras Kualitas Bawah I,2,"13,950"
2025-08-20,Beras Kualitas Bawah I,2,"13,950"
2025-08-21,Beras Kualitas Bawah I,2,"13,900"
2025-08-22,Beras Kualitas Bawah I,2,"13,900"
2025-08-25,Beras Kualitas Bawah I,2,"13,900"
2025-08-26,Beras Kualitas Bawah I,2,"13,900"
2025-08-27,Beras Kualitas Bawah I,2,"13,900"
2025-08-28,Beras Kualitas Bawah I,2,"13,850"
2025-08-29,Beras Kualitas Bawah I,2,"13,850"
2025-08-01,Beras Kualitas Bawah II,2,"13,600"
2025-08-04,Beras Kualitas Bawah II,2,"13,600"
2025-08-05,Beras Kualitas Bawah II,2,"13,600"
2025-08-06,Beras Kualitas Bawah II,2,"13,600"
2025-08-07,Beras Kualitas Bawah II,2,"13,700"
2025-08-08,Beras Kualitas Bawah II,2,"13,700"
2025-08-11,Beras Kualitas Bawah II,2,"13,700"
2025-08-12,Beras Kualitas Bawah II,2,"13,700"
2025-08-13,Beras Kualitas Bawah II,2,"13,700"
2025-08-14,Beras Kualitas Bawah II,2,"13,650"
2025-08-15,Beras Kualitas Bawah II,2,"13,650"
2025-08-18,Beras Kualitas Bawah II,2,"13,650"
2025-08-19,Beras Kualitas Bawah II,2,"13,650"
2025-08-20,Beras Kualitas Bawah II,2,"13,650"
2025-08-21,Beras Kualitas Bawah II,2,"13,650"
2025-08-22,Beras Kualitas Bawah II,2,"13,600"
2025-08-25,Beras Kualitas Bawah II,2,"13,600"
2025-08-26,Beras Kualitas Bawah II,2,"13,600"
2025-08-27,Beras Kualitas Bawah II,2,"13,600"
2025-08-28,Beras Kualitas Bawah II,2,"13,650"
2025-08-29,Beras Kualitas Bawah II,2,"13,600"
2025-08-01,Beras Kualitas Medium I,2,"15,050"
2025-08-04,Beras Kualitas Medium I,2,"15,050"
2025-08-05,Beras Kualitas Medium I,2,"15,050"
2025-08-06,Beras Kualitas Medium I,2,"15,050"
2025-08-07,Beras Kualitas Medium I,2,"15,100"
2025-08-08,Beras Kualitas Medium I,2,"15,100"
2025-08-11,Beras Kualitas Medium I,2,"15,100"
2025-08-12,Beras Kualitas Medium I,2,"15,100"
2025-08-13,Beras Kualitas Medium I,2,"15,100"
2025-08-14,Beras Kualitas Medium I,2,"15,050"
2025-08-15,Beras Kualitas Medium I,2,"15,050"
2025-08-18,Beras Kualitas Medium I,2,"15,050"
2025-08-19,Beras Kualitas Medium I,2,"15,050"
2025-08-20,Beras Kualitas Medium I,2,"15,050"
2025-08-21,Beras Kualitas Medium I,2,"15,050"
2025-08-22,Beras Kualitas Medium I,2,"15,050"
2025-08-25,Beras Kualitas Medium I,2,"15,050"
2025-08-26,Beras Kualitas Medium I,2,"15,050"
2025-08-27,Beras Kualitas Medium I,2,"15,050"
2025-08-28,Beras Kualitas Medium I,2,"15,050"
2025-08-29,Beras Kualitas Medium I,2,"15,000"
2025-08-01,Beras Kualitas Medium II,2,"14,800"
2025-08-04,Beras Kualitas Medium II,2,"14,800"
2025-08-05,Beras Kualitas Medium II,2,"14,800"
2025-08-06,Beras Kualitas Medium II,2,"14,800"
2025-08-07,Beras Kualitas Medium II,2,"14,800"
2025-08-08,Beras Kualitas Medium II,2,"14,800"
2025-08-11,Beras Kualitas Medium II,2,"14,800"
2025-08-12,Beras Kualitas Medium II,2,"14,800"
2025-08-13,Beras Kualitas Medium II,2,"14,800"
2025-08-14,Beras Kualitas Medium II,2,"14,800"
2025-08-15,Beras Kualitas Medium II,2,"14,800"
2025-08-18,Beras Kualitas Medium II,2,"14,800"
2025-08-19,Beras Kualitas Medium II,2,"14,800"
2025-08-20,Beras Kualitas Medium II,2,"14,800"
2025-08-21,Beras Kualitas Medium II,2,"14,800"
2025-08-22,Beras Kualitas Medium II,2,"14,800"
2025-08-25,Beras Kualitas Medium II,2,"14,800"
2025-08-26,Beras Kualitas Medium II,2,"14,800"
2025-08-27,Beras Kualitas Medium II,2,"14,800"
2025-08-28,Beras Kualitas Medium II,2,"14,750"
2025-08-29,Beras Kualitas Medium II,2,"14,750"
2025-08-01,Beras Kualitas Super I,2,"16,200"
2025-08-04,Beras Kualitas Super I,2,"16,200"
2025-08-05,Beras Kualitas Super I,2,"16,200"
2025-08-06,Beras Kualitas Super I,2,"16,200"
2025-08-07,Beras Kualitas Super I,2,"16,200"
2025-08-08,Beras Kualitas Super I,2,"16,200"
2025-08-11,Beras Kualitas Super I,2,"16,200"
2025-08-12,Beras Kualitas Super I,2,"16,200"
2025-08-13,Beras Kualitas Super I,2,"16,200"
2025-08-14,Beras Kualitas Super I,2,"16,200"
2025-08-15,Beras Kualitas Super I,2,"16,150"
2025-08-18,Beras Kualitas Super I,2,"16,150"
2025-08-19,Beras Kualitas Super I,2,"16,150"
2025-08-20,Beras Kualitas Super I,2,"16,150"
2025-08-21,Beras Kualitas Super I,2,"16,200"
2025-08-22,Beras Kualitas Super I,2,"16,200"
2025-08-25,Beras Kualitas Super I,2,"16,200"
2025-08-26,Beras Kualitas Super I,2,"16,200"
2025-08-27,Beras Kualitas Super I,2,"16,200"
2025-08-28,Beras Kualitas Super I,2,"16,150"
2025-08-29,Beras Kualitas Super I,2,"16,150"
2025-08-01,Beras Kualitas Super II,2,"15,800"
2025-08-04,Beras Kualitas Super II,2,"15,800"
2025-08-05,Beras Kualitas Super II,2,"15,800"
2025-08-06,Beras Kualitas Super II,2,"15,800"
2025-08-07,Beras Kualitas Super II,2,"15,850"
2025-08-08,Beras Kualitas Super II,2,"15,850"
2025-08-11,Beras Kualitas Super II,2,"15,850"
2025-08-12,Beras Kualitas Super II,2,"15,850"
2025-08-13,Beras Kualitas Super II,2,"15,850"
2025-08-14,Beras Kualitas Super II,2,"15,800"
2025-08-15,Beras Kualitas Super II,2,"15,800"
2025-08-18,Beras Kualitas Super II,2,"15,800"
2025-08-19,Beras Kualitas Super II,2,"15,800"
2025-08-20,Beras Kualitas Super II,2,"15,800"
2025-08-21,Beras Kualitas Super II,2,"15,800"
2025-08-22,Beras Kualitas Super II,2,"15,800"
2025-08-25,Beras Kualitas Super II,2,"15,800"
2025-08-26,Beras Kualitas Super II,2,"15,800"
2025-08-27,Beras Kualitas Super II,2,"15,800"
2025-08-28,Beras Kualitas Super II,2,"15,800"
2025-08-29,Beras Kualitas Super II,2,"15,800"
2025-08-01,Daging Ayam,1,"29,850"
2025-08-04,Daging Ayam,1,"29,850"
2025-08-05,Daging Ayam,1,"29,850"
2025-08-06,Daging Ayam,1,"29,850"
2025-08-07,Daging Ayam,1,"29,750"
2025-08-08,Daging Ayam,1,"29,750"
2025-08-11,Daging Ayam,1,"29,750"
2025-08-12,Daging Ayam,1,"29,750"
2025-08-13,Daging Ayam,1,"29,600"
2025-08-14,Daging Ayam,1,"29,750"
2025-08-15,Daging Ayam,1,"29,750"
2025-08-18,Daging Ayam,1,"29,750"
2025-08-19,Daging Ayam,1,"29,750"
2025-08-20,Daging Ayam,1,"29,750"
2025-08-21,Daging Ayam,1,"29,950"
2025-08-22,Daging Ayam,1,"29,950"
2025-08-25,Daging Ayam,1,"29,950"
2025-08-26,Daging Ayam,1,"29,950"
2025-08-27,Daging Ayam,1,"30,100"
2025-08-28,Daging Ayam,1,"30,400"
2025-08-29,Daging Ayam,1,"30,400"
2025-08-01,Daging Ayam Ras Segar,2,"29,850"
2025-08-04,Daging Ayam Ras Segar,2,"29,850"
2025-08-05,Daging Ayam Ras Segar,2,"29,850"
2025-08-06,Daging Ayam Ras Segar,2,"29,850"
2025-08-07,Daging Ayam Ras Segar,2,"29,750"
2025-08-08,Daging Ayam Ras Segar,2,"29,750"
2025-08-11,Daging Ayam Ras Segar,2,"29,750"
2025-08-12,Daging Ayam Ras Segar,2,"29,750"
2025-08-13,Daging Ayam Ras Segar,2,"29,600"
2025-08-14,Daging Ayam Ras Segar,2,"29,750"
2025-08-15,Daging Ayam Ras Segar,2,"29,750"
2025-08-18,Daging Ayam Ras Segar,2,"29,750"
2025-08-19,Daging Ayam Ras Segar,2,"29,750"
2025-08-20,Daging Ayam Ras Segar,2,"29,750"
2025-08-21,Daging Ayam Ras Segar,2,"29,950"
2025-08-22,Daging Ayam Ras Segar,2,"29,950"
2025-08-25,Daging Ayam Ras Segar,2,"29,950"
2025-08-26,Daging Ayam Ras Segar,2,"29,950"
2025-08-27,Daging Ayam Ras Segar,2,"30,100"
2025-08-28,Daging Ayam Ras Segar,2,"30,400"
2025-08-29,Daging Ayam Ras Segar,2,"30,400"
2025-08-01,Daging Sapi,1,"128,300"
2025-08-04,Daging Sapi,1,"128,300"
2025-08-05,Daging Sapi,1,"128,300"
2025-08-06,Daging Sapi,1,"128,300"
2025-08-07,Daging Sapi,1,"128,400"
2025-08-08,Daging Sapi,1,"128,400"
2025-08-11,Daging Sapi,1,"128,400"
2025-08-12,Daging Sapi,1,"128,400"
2025-08-13,Daging Sapi,1,"128,400"
2025-08-14,Daging Sapi,1,"128,250"
2025-08-15,Daging Sapi,1,"128,250"
2025-08-18,Daging Sapi,1,"128,250"
2025-08-19,Daging Sapi,1,"128,250"
2025-08-20,Daging Sapi,1,"128,250"
2025-08-21,Daging Sapi,1,"128,000"
2025-08-22,Daging Sapi,1,"128,000"
2025-08-25,Daging Sapi,1,"128,000"
2025-08-26,Daging Sapi,1,"128,000"
2025-08-27,Daging Sapi,1,"128,000"
2025-08-28,Daging Sapi,1,"127,850"
2025-08-29,Daging Sapi,1,"127,850"
2025-08-01,Daging Sapi Kualitas 1,2,"130,750"
2025-08-04,Daging Sapi Kualitas 1,2,"130,750"
2025-08-05,Daging Sapi Kualitas 1,2,"130,750"
2025-08-06,Daging Sapi Kualitas 1,2,"130,750"
2025-08-07,Daging Sapi Kualitas 1,2,"130,850"
2025-08-08,Daging Sapi Kualitas 1,2,"130,850"
2025-08-11,Daging Sapi Kualitas 1,2,"130,850"
2025-08-12,Daging Sapi Kualitas 1,2,"130,850"
2025-08-13,Daging Sapi Kualitas 1,2,"130,850"
2025-08-14,Daging Sapi Kualitas 1,2,"130,650"
2025-08-15,Daging Sapi Kualitas 1,2,"130,650"
2025-08-18,Daging Sapi Kualitas 1,2,"130,650"
2025-08-19,Daging Sapi Kualitas 1,2,"130,650"
2025-08-20,Daging Sapi Kualitas 1,2,"130,700"
2025-08-21,Daging Sapi Kualitas 1,2,"130,400"
2025-08-22,Daging Sapi Kualitas 1,2,"130,400"
2025-08-25,Daging Sapi Kualitas 1,2,"130,400"
2025-08-26,Daging Sapi Kualitas 1,2,"130,400"
2025-08-27,Daging Sapi Kualitas 1,2,"130,400"
2025-08-28,Daging Sapi Kualitas 1,2,"130,250"
2025-08-29,Daging Sapi Kualitas 1,2,"130,250"
2025-08-01,Daging Sapi Kualitas 2,2,"125,700"
2025-08-04,Daging Sapi Kualitas 2,2,"125,700"
2025-08-05,Daging Sapi Kualitas 2,2,"125,700"
2025-08-06,Daging Sapi Kualitas 2,2,"125,700"
2025-08-07,Daging Sapi Kualitas 2,2,"125,700"
2025-08-08,Daging Sapi Kualitas 2,2,"125,700"
2025-08-11,Daging Sapi Kualitas 2,2,"125,700"
2025-08-12,Daging Sapi Kualitas 2,2,"125,700"
2025-08-13,Daging Sapi Kualitas 2,2,"125,700"
2025-08-14,Daging Sapi Kualitas 2,2,"125,700"
2025-08-15,Daging Sapi Kualitas 2,2,"125,700"
2025-08-18,Daging Sapi Kualitas 2,2,"125,700"
2025-08-19,Daging Sapi Kualitas 2,2,"125,700"
2025-08-20,Daging Sapi Kualitas 2,2,"125,700"
2025-08-21,Daging Sapi Kualitas 2,2,"125,850"
2025-08-22,Daging Sapi Kualitas 2,2,"125,850"
2025-08-25,Daging Sapi Kualitas 2,2,"125,850"
2025-08-26,Daging Sapi Kualitas 2,2,"125,850"
2025-08-27,Daging Sapi Kualitas 2,2,"125,850"
2025-08-28,Daging Sapi Kualitas 2,2,"125,600"
2025-08-29,Daging Sapi Kualitas 2,2,"125,600"
2025-08-01,Telur Ayam,1,"27,700"
2025-08-04,Telur Ayam,1,"27,700"
2025-08-05,Telur Ayam,1,"27,700"
2025-08-06,Telur Ayam,1,"27,700"
2025-08-07,Telur Ayam,1,"27,650"
2025-08-08,Telur Ayam,1,"27,650"
2025-08-11,Telur Ayam,1,"27,650"
2025-08-12,Telur Ayam,1,"27,650"
2025-08-13,Telur Ayam,1,"27,650"
2025-08-14,Telur Ayam,1,"27,550"
2025-08-15,Telur Ayam,1,"27,550"
2025-08-18,Telur Ayam,1,"27,550"
2025-08-19,Telur Ayam,1,"27,550"
2025-08-20,Telur Ayam,1,"27,550"
2025-08-21,Telur Ayam,1,"27,450"
2025-08-22,Telur Ayam,1,"27,450"
2025-08-25,Telur Ayam,1,"27,450"
2025-08-26,Telur Ayam,1,"27,450"
2025-08-27,Telur Ayam,1,"27,450"
2025-08-28,Telur Ayam,1,"27,400"
2025-08-29,Telur Ayam,1,"27,400"
2025-08-01,Telur Ayam Ras Segar,2,"27,700"
2025-08-04,Telur Ayam Ras Segar,2,"27,700"
2025-08-05,Telur Ayam Ras Segar,2,"27,700"
2025-08-06,Telur Ayam Ras Segar,2,"27,700"
2025-08-07,Telur Ayam Ras Segar,2,"27,650"
2025-08-08,Telur Ayam Ras Segar,2,"27,650"
2025-08-11,Telur Ayam Ras Segar,2,"27,650"
2025-08-12,Telur Ayam Ras Segar,2,"27,650"
2025-08-13,Telur Ayam Ras Segar,2,"27,650"
2025-08-14,Telur Ayam Ras Segar,2,"27,550"
2025-08-15,Telur Ayam Ras Segar,2,"27,550"
2025-08-18,Telur Ayam Ras Segar,2,"27,550"
2025-08-19,Telur Ayam Ras Segar,2,"27,550"
2025-08-20,Telur Ayam Ras Segar,2,"27,550"
2025-08-21,Telur Ayam Ras Segar,2,"27,450"
2025-08-22,Telur Ayam Ras Segar,2,"27,450"
2025-08-25,Telur Ayam Ras Segar,2,"27,450"
2025-08-26,Telur Ayam Ras Segar,2,"27,450"
2025-08-27,Telur Ayam Ras Segar,2,"27,450"
2025-08-28,Telur Ayam Ras Segar,2,"27,400"
2025-08-29,Telur Ayam Ras Segar,2,"27,400"
2025-08-01,Bawang Merah,1,"47,200"
2025-08-04,Bawang Merah,1,"47,200"
2025-08-05,Bawang Merah,1,"47,200"
2025-08-06,Bawang Merah,1,"47,200"
2025-08-07,Bawang Merah,1,"48,150"
2025-08-08,Bawang Merah,1,"48,100"
2025-08-11,Bawang Merah,1,"48,100"
2025-08-12,Bawang Merah,1,"48,100"
2025-08-13,Bawang Merah,1,"47,950"
2025-08-14,Bawang Merah,1,"47,800"
2025-08-15,Bawang Merah,1,"47,800"
2025-08-18,Bawang Merah,1,"47,800"
2025-08-19,Bawang Merah,1,"47,800"
2025-08-20,Bawang Merah,1,"47,500"
2025-08-21,Bawang Merah,1,"43,550"
2025-08-22,Bawang Merah,1,"43,550"
2025-08-25,Bawang Merah,1,"43,550"
2025-08-26,Bawang Merah,1,"43,550"
2025-08-27,Bawang Merah,1,"43,550"
2025-08-28,Bawang Merah,1,"40,850"
2025-08-29,Bawang Merah,1,"40,850"
2025-08-01,Bawang Merah Ukuran Sedang,2,"47,200"
2025-08-04,Bawang Merah Ukuran Sedang,2,"47,200"
2025-08-05,Bawang Merah Ukuran Sedang,2,"47,200"
2025-08-06,Bawang Merah Ukuran Sedang,2,"47,200"
2025-08-07,Bawang Merah Ukuran Sedang,2,"48,150"
2025-08-08,Bawang Merah Ukuran Sedang,2,"48,100"
2025-08-11,Bawang Merah Ukuran Sedang,2,"48,100"
2025-08-12,Bawang Merah Ukuran Sedang,2,"48,100"
2025-08-13,Bawang Merah Ukuran Sedang,2,"47,950"
2025-08-14,Bawang Merah Ukuran Sedang,2,"47,800"
2025-08-15,Bawang Merah Ukuran Sedang,2,"47,800"
2025-08-18,Bawang Merah Ukuran Sedang,2,"47,800"
2025-08-19,Bawang Merah Ukuran Sedang,2,"47,800"
2025-08-20,Bawang Merah Ukuran Sedang,2,"47,500"
2025-08-21,Bawang Merah Ukuran Sedang,2,"43,550"
2025-08-22,Bawang Merah Ukuran Sedang,2,"43,550"
2025-08-25,Bawang Merah Ukuran Sedang,2,"43,550"
2025-08-26,Bawang Merah Ukuran Sedang,2,"43,550"
2025-08-27,Bawang Merah Ukuran Sedang,2,"43,550"
2025-08-28,Bawang Merah Ukuran Sedang,2,"40,850"
2025-08-29,Bawang Merah Ukuran Sedang,2,"40,850"
2025-08-01,Bawang Putih,1,"32,650"
2025-08-04,Bawang Putih,1,"32,650"
2025-08-05,Bawang Putih,1,"32,650"
2025-08-06,Bawang Putih,1,"32,650"
2025-08-07,Bawang Putih,1,"32,150"
2025-08-08,Bawang Putih,1,"32,150"
2025-08-11,Bawang Putih,1,"32,150"
2025-08-12,Bawang Putih,1,"32,150"
2025-08-13,Bawang Putih,1,"32,150"
2025-08-14,Bawang Putih,1,"32,000"
2025-08-15,Bawang Putih,1,"32,000"
2025-08-18,Bawang Putih,1,"32,000"
2025-08-19,Bawang Putih,1,"32,000"
2025-08-20,Bawang Putih,1,"32,000"
2025-08-21,Bawang Putih,1,"31,650"
2025-08-22,Bawang Putih,1,"31,650"
2025-08-25,Bawang Putih,1,"31,650"
2025-08-26,Bawang Putih,1,"31,650"
2025-08-27,Bawang Putih,1,"31,700"
2025-08-28,Bawang Putih,1,"31,600"
2025-08-29,Bawang Putih,1,"31,600"
2025-08-01,Bawang Putih Ukuran Sedang,2,"32,650"
2025-08-04,Bawang Putih Ukuran Sedang,2,"32,650"
2025-08-05,Bawang Putih Ukuran Sedang,2,"32,650"
2025-08-06,Bawang Putih Ukuran Sedang,2,"32,650"
2025-08-07,Bawang Putih Ukuran Sedang,2,"32,150"
2025-08-08,Bawang Putih Ukuran Sedang,2,"32,150"
2025-08-11,Bawang Putih Ukuran Sedang,2,"32,150"
2025-08-12,Bawang Putih Ukuran Sedang,2,"32,150"
2025-08-13,Bawang Putih Ukuran Sedang,2,"32,150"
2025-08-14,Bawang Putih Ukuran Sedang,2,"32,000"
2025-08-15,Bawang Putih Ukuran Sedang,2,"32,000"
2025-08-18,Bawang Putih Ukuran Sedang,2,"32,000"
2025-08-19,Bawang Putih Ukuran Sedang,2,"32,000"
2025-08-20,Bawang Putih Ukuran Sedang,2,"32,000"
2025-08-21,Bawang Putih Ukuran Sedang,2,"31,650"
2025-08-22,Bawang Putih Ukuran Sedang,2,"31,650"
2025-08-25,Bawang Putih Ukuran Sedang,2,"31,650"
2025-08-26,Bawang Putih Ukuran Sedang,2,"31,650"
2025-08-27,Bawang Putih Ukuran Sedang,2,"31,700"
2025-08-28,Bawang Putih Ukuran Sedang,2,"31,600"
2025-08-29,Bawang Putih Ukuran Sedang,2,"31,600"
2025-08-01,Cabai Merah,1,"36,900"
2025-08-04,Cabai Merah,1,"36,900"
2025-08-05,Cabai Merah,1,"36,900"
2025-08-06,Cabai Merah,1,"36,900"
2025-08-07,Cabai Merah,1,"38,150"
2025-08-08,Cabai Merah,1,"38,150"
2025-08-11,Cabai Merah,1,"38,150"
2025-08-12,Cabai Merah,1,"38,150"
2025-08-13,Cabai Merah,1,"38,200"
2025-08-14,Cabai Merah,1,"37,450"
2025-08-15,Cabai Merah,1,"37,450"
2025-08-18,Cabai Merah,1,"37,450"
2025-08-19,Cabai Merah,1,"37,450"
2025-08-20,Cabai Merah,1,"37,400"
2025-08-21,Cabai Merah,1,"35,800"
2025-08-22,Cabai Merah,1,"35,800"
2025-08-25,Cabai Merah,1,"35,800"
2025-08-26,Cabai Merah,1,"35,800"
2025-08-27,Cabai Merah,1,"35,850"
2025-08-28,Cabai Merah,1,"34,500"
2025-08-29,Cabai Merah,1,"34,500"
2025-08-01,Cabai Merah Besar,2,"36,850"
2025-08-04,Cabai Merah Besar,2,"36,850"
2025-08-05,Cabai Merah Besar,2,"36,850"
2025-08-06,Cabai Merah Besar,2,"36,850"
2025-08-07,Cabai Merah Besar,2,"38,800"
2025-08-08,Cabai Merah Besar,2,"38,800"
2025-08-11,Cabai Merah Besar,2,"38,800"
2025-08-12,Cabai Merah Besar,2,"38,800"
2025-08-13,Cabai Merah Besar,2,"38,900"
2025-08-14,Cabai Merah Besar,2,"37,850"
2025-08-15,Cabai Merah Besar,2,"37,850"
2025-08-18,Cabai Merah Besar,2,"37,850"
2025-08-19,Cabai Merah Besar,2,"37,850"
2025-08-20,Cabai Merah Besar,2,"37,850"
2025-08-21,Cabai Merah Besar,2,"35,950"
2025-08-22,Cabai Merah Besar,2,"35,950"
2025-08-25,Cabai Merah Besar,2,"35,950"
2025-08-26,Cabai Merah Besar,2,"35,950"
2025-08-27,Cabai Merah Besar,2,"35,950"
2025-08-28,Cabai Merah Besar,2,"36,550"
2025-08-29,Cabai Merah Besar,2,"36,550"
2025-08-01,Cabai Merah Keriting ,2,"36,350"
2025-08-04,Cabai Merah Keriting ,2,"36,350"
2025-08-05,Cabai Merah Keriting ,2,"36,350"
2025-08-06,Cabai Merah Keriting ,2,"36,350"
2025-08-07,Cabai Merah Keriting ,2,"36,750"
2025-08-08,Cabai Merah Keriting ,2,"36,750"
2025-08-11,Cabai Merah Keriting ,2,"36,750"
2025-08-12,Cabai Merah Keriting ,2,"36,750"
2025-08-13,Cabai Merah Keriting ,2,"36,850"
2025-08-14,Cabai Merah Keriting ,2,"36,300"
2025-08-15,Cabai Merah Keriting ,2,"36,300"
2025-08-18,Cabai Merah Keriting ,2,"36,300"
2025-08-19,Cabai Merah Keriting ,2,"36,300"
2025-08-20,Cabai Merah Keriting ,2,"36,200"
2025-08-21,Cabai Merah Keriting ,2,"34,700"
2025-08-22,Cabai Merah Keriting ,2,"34,700"
2025-08-25,Cabai Merah Keriting ,2,"34,700"
2025-08-26,Cabai Merah Keriting ,2,"34,700"
2025-08-27,Cabai Merah Keriting ,2,"34,850"
2025-08-28,Cabai Merah Keriting ,2,"33,150"
2025-08-29,Cabai Merah Keriting ,2,"33,150"
2025-08-01,Cabai Rawit,1,"44,900"
2025-08-04,Cabai Rawit,1,"44,900"
2025-08-05,Cabai Rawit,1,"44,900"
2025-08-06,Cabai Rawit,1,"44,900"
2025-08-07,Cabai Rawit,1,"43,600"
2025-08-08,Cabai Rawit,1,"43,600"
2025-08-11,Cabai Rawit,1,"43,600"
2025-08-12,Cabai Rawit,1,"43,600"
2025-08-13,Cabai Rawit,1,"43,550"
2025-08-14,Cabai Rawit,1,"41,300"
2025-08-15,Cabai Rawit,1,"41,300"
2025-08-18,Cabai Rawit,1,"41,300"
2025-08-19,Cabai Rawit,1,"41,300"
2025-08-20,Cabai Rawit,1,"41,200"
2025-08-21,Cabai Rawit,1,"40,150"
2025-08-22,Cabai Rawit,1,"40,150"
2025-08-25,Cabai Rawit,1,"40,150"
2025-08-26,Cabai Rawit,1,"40,150"
2025-08-27,Cabai Rawit,1,"40,000"
2025-08-28,Cabai Rawit,1,"37,200"
2025-08-29,Cabai Rawit,1,"37,200"
2025-08-01,Cabai Rawit Hijau,2,"42,350"
2025-08-04,Cabai Rawit Hijau,2,"42,350"
2025-08-05,Cabai Rawit Hijau,2,"42,350"
2025-08-06,Cabai Rawit Hijau,2,"42,350"
2025-08-07,Cabai Rawit Hijau,2,"41,350"
2025-08-08,Cabai Rawit Hijau,2,"41,350"
2025-08-11,Cabai Rawit Hijau,2,"41,350"
2025-08-12,Cabai Rawit Hijau,2,"41,350"
2025-08-13,Cabai Rawit Hijau,2,"41,350"
2025-08-14,Cabai Rawit Hijau,2,"39,050"
2025-08-15,Cabai Rawit Hijau,2,"39,050"
2025-08-18,Cabai Rawit Hijau,2,"39,050"
2025-08-19,Cabai Rawit Hijau,2,"39,050"
2025-08-20,Cabai Rawit Hijau,2,"38,950"
2025-08-21,Cabai Rawit Hijau,2,"38,900"
2025-08-22,Cabai Rawit Hijau,2,"38,900"
2025-08-25,Cabai Rawit Hijau,2,"38,900"
2025-08-26,Cabai Rawit Hijau,2,"38,900"
2025-08-27,Cabai Rawit Hijau,2,"38,700"
2025-08-28,Cabai Rawit Hijau,2,"37,350"
2025-08-29,Cabai Rawit Hijau,2,"37,350"
2025-08-01,Cabai Rawit Merah,2,"47,300"
2025-08-04,Cabai Rawit Merah,2,"47,300"
2025-08-05,Cabai Rawit Merah,2,"47,300"
2025-08-06,Cabai Rawit Merah,2,"47,300"
2025-08-07,Cabai Rawit Merah,2,"46,000"
2025-08-08,Cabai Rawit Merah,2,"46,000"
2025-08-11,Cabai Rawit Merah,2,"46,000"
2025-08-12,Cabai Rawit Merah,2,"46,000"
2025-08-13,Cabai Rawit Merah,2,"45,850"
2025-08-14,Cabai Rawit Merah,2,"42,850"
2025-08-15,Cabai Rawit Merah,2,"42,850"
2025-08-18,Cabai Rawit Merah,2,"42,850"
2025-08-19,Cabai Rawit Merah,2,"42,850"
2025-08-20,Cabai Rawit Merah,2,"42,650"
2025-08-21,Cabai Rawit Merah,2,"41,150"
2025-08-22,Cabai Rawit Merah,2,"41,150"
2025-08-25,Cabai Rawit Merah,2,"41,150"
2025-08-26,Cabai Rawit Merah,2,"41,150"
2025-08-27,Cabai Rawit Merah,2,"41,050"
2025-08-28,Cabai Rawit Merah,2,"37,200"
2025-08-29,Cabai Rawit Merah,2,"37,200"
2025-08-01,Minyak Goreng,1,"19,400"
2025-08-04,Minyak Goreng,1,"19,400"
2025-08-05,Minyak Goreng,1,"19,400"
2025-08-06,Minyak Goreng,1,"19,400"
2025-08-07,Minyak Goreng,1,"19,400"
2025-08-08,Minyak Goreng,1,"19,400"
2025-08-11,Minyak Goreng,1,"19,400"
2025-08-12,Minyak Goreng,1,"19,400"
2025-08-13,Minyak Goreng,1,"19,400"
2025-08-14,Minyak Goreng,1,"19,450"
2025-08-15,Minyak Goreng,1,"19,450"
2025-08-18,Minyak Goreng,1,"19,450"
2025-08-19,Minyak Goreng,1,"19,450"
2025-08-20,Minyak Goreng,1,"19,450"
2025-08-21,Minyak Goreng,1,"19,450"
2025-08-22,Minyak Goreng,1,"19,450"
2025-08-25,Minyak Goreng,1,"19,450"
2025-08-26,Minyak Goreng,1,"19,450"
2025-08-27,Minyak Goreng,1,"19,450"
2025-08-28,Minyak Goreng,1,"19,450"
2025-08-29,Minyak Goreng,1,"19,400"
2025-08-01,Minyak Goreng Curah,2,"17,200"
2025-08-04,Minyak Goreng Curah,2,"17,200"
2025-08-05,Minyak Goreng Curah,2,"17,200"
2025-08-06,Minyak Goreng Curah,2,"17,200"
2025-08-07,Minyak Goreng Curah,2,"17,200"
2025-08-08,Minyak Goreng Curah,2,"17,200"
2025-08-11,Minyak Goreng Curah,2,"17,200"
2025-08-12,Minyak Goreng Curah,2,"17,200"
2025-08-13,Minyak Goreng Curah,2,"17,200"
2025-08-14,Minyak Goreng Curah,2,"17,250"
2025-08-15,Minyak Goreng Curah,2,"17,250"
2025-08-18,Minyak Goreng Curah,2,"17,250"
2025-08-19,Minyak Goreng Curah,2,"17,250"
2025-08-20,Minyak Goreng Curah,2,"17,250"
2025-08-21,Minyak Goreng Curah,2,"17,300"
2025-08-22,Minyak Goreng Curah,2,"17,300"
2025-08-25,Minyak Goreng Curah,2,"17,300"
2025-08-26,Minyak Goreng Curah,2,"17,300"
2025-08-27,Minyak Goreng Curah,2,"17,300"
2025-08-28,Minyak Goreng Curah,2,"17,300"
2025-08-29,Minyak Goreng Curah,2,"17,400"
2025-08-01,Minyak Goreng Kemasan Bermerk 1,2,"20,400"
2025-08-04,Minyak Goreng Kemasan Bermerk 1,2,"20,400"
2025-08-05,Minyak Goreng Kemasan Bermerk 1,2,"20,400"
2025-08-06,Minyak Goreng Kemasan Bermerk 1,2,"20,400"
2025-08-07,Minyak Goreng Kemasan Bermerk 1,2,"20,400"
2025-08-08,Minyak Goreng Kemasan Bermerk 1,2,"20,400"
2025-08-11,Minyak Goreng Kemasan Bermerk 1,2,"20,400"
2025-08-12,Minyak Goreng Kemasan Bermerk 1,2,"20,400"
2025-08-13,Minyak Goreng Kemasan Bermerk 1,2,"20,400"
2025-08-14,Minyak Goreng Kemasan Bermerk 1,2,"20,400"
2025-08-15,Minyak Goreng Kemasan Bermerk 1,2,"20,400"
2025-08-18,Minyak Goreng Kemasan Bermerk 1,2,"20,400"
2025-08-19,Minyak Goreng Kemasan Bermerk 1,2,"20,400"
2025-08-20,Minyak Goreng Kemasan Bermerk 1,2,"20,400"
2025-08-21,Minyak Goreng Kemasan Bermerk 1,2,"20,450"
2025-08-22,Minyak Goreng Kemasan Bermerk 1,2,"20,450"
2025-08-25,Minyak Goreng Kemasan Bermerk 1,2,"20,450"
2025-08-26,Minyak Goreng Kemasan Bermerk 1,2,"20,450"
2025-08-27,Minyak Goreng Kemasan Bermerk 1,2,"20,450"
2025-08-28,Minyak Goreng Kemasan Bermerk 1,2,"20,450"
2025-08-29,Minyak Goreng Kemasan Bermerk 1,2,"20,400"
2025-08-01,Minyak Goreng Kemasan Bermerk 2,2,"19,950"
2025-08-04,Minyak Goreng Kemasan Bermerk 2,2,"19,950"
2025-08-05,Minyak Goreng Kemasan Bermerk 2,2,"19,950"
2025-08-06,Minyak Goreng Kemasan Bermerk 2,2,"19,950"
2025-08-07,Minyak Goreng Kemasan Bermerk 2,2,"19,950"
2025-08-08,Minyak Goreng Kemasan Bermerk 2,2,"19,950"
2025-08-11,Minyak Goreng Kemasan Bermerk 2,2,"19,950"
2025-08-12,Minyak Goreng Kemasan Bermerk 2,2,"19,950"
2025-08-13,Minyak Goreng Kemasan Bermerk 2,2,"19,950"
2025-08-14,Minyak Goreng Kemasan Bermerk 2,2,"19,950"
2025-08-15,Minyak Goreng Kemasan Bermerk 2,2,"19,950"
2025-08-18,Minyak Goreng Kemasan Bermerk 2,2,"19,950"
2025-08-19,Minyak Goreng Kemasan Bermerk 2,2,"19,950"
2025-08-20,Minyak Goreng Kemasan Bermerk 2,2,"19,950"
2025-08-21,Minyak Goreng Kemasan Bermerk 2,2,"20,000"
2025-08-22,Minyak Goreng Kemasan Bermerk 2,2,"20,000"
2025-08-25,Minyak Goreng Kemasan Bermerk 2,2,"20,000"
2025-08-26,Minyak Goreng Kemasan Bermerk 2,2,"20,000"
2025-08-27,Minyak Goreng Kemasan Bermerk 2,2,"20,000"
2025-08-28,Minyak Goreng Kemasan Bermerk 2,2,"20,000"
2025-08-29,Minyak Goreng Kemasan Bermerk 2,2,"19,950"
2025-08-01,Gula Pasir,1,"17,300"
2025-08-04,Gula Pasir,1,"17,300"
2025-08-05,Gula Pasir,1,"17,300"
2025-08-06,Gula Pasir,1,"17,300"
2025-08-07,Gula Pasir,1,"17,250"
2025-08-08,Gula Pasir,1,"17,250"
2025-08-11,Gula Pasir,1,"17,250"
2025-08-12,Gula Pasir,1,"17,250"
2025-08-13,Gula Pasir,1,"17,250"
2025-08-14,Gula Pasir,1,"17,250"
2025-08-15,Gula Pasir,1,"17,250"
2025-08-18,Gula Pasir,1,"17,250"
2025-08-19,Gula Pasir,1,"17,250"
2025-08-20,Gula Pasir,1,"17,250"
2025-08-21,Gula Pasir,1,"17,200"
2025-08-22,Gula Pasir,1,"17,200"
2025-08-25,Gula Pasir,1,"17,200"
2025-08-26,Gula Pasir,1,"17,200"
2025-08-27,Gula Pasir,1,"17,200"
2025-08-28,Gula Pasir,1,"17,200"
2025-08-29,Gula Pasir,1,"17,200"
2025-08-01,Gula Pasir Kualitas Premium,2,"18,250"
2025-08-04,Gula Pasir Kualitas Premium,2,"18,250"
2025-08-05,Gula Pasir Kualitas Premium,2,"18,250"
2025-08-06,Gula Pasir Kualitas Premium,2,"18,250"
2025-08-07,Gula Pasir Kualitas Premium,2,"18,250"
2025-08-08,Gula Pasir Kualitas Premium,2,"18,250"
2025-08-11,Gula Pasir Kualitas Premium,2,"18,250"
2025-08-12,Gula Pasir Kualitas Premium,2,"18,250"
2025-08-13,Gula Pasir Kualitas Premium,2,"18,250"
2025-08-14,Gula Pasir Kualitas Premium,2,"18,250"
2025-08-15,Gula Pasir Kualitas Premium,2,"18,250"
2025-08-18,Gula Pasir Kualitas Premium,2,"18,250"
2025-08-19,Gula Pasir Kualitas Premium,2,"18,250"
2025-08-20,Gula Pasir Kualitas Premium,2,"18,250"
2025-08-21,Gula Pasir Kualitas Premium,2,"18,250"
2025-08-22,Gula Pasir Kualitas Premium,2,"18,250"
2025-08-25,Gula Pasir Kualitas Premium,2,"18,250"
2025-08-26,Gula Pasir Kualitas Premium,2,"18,250"
2025-08-27,Gula Pasir Kualitas Premium,2,"18,250"
2025-08-28,Gula Pasir Kualitas Premium,2,"18,200"
2025-08-29,Gula Pasir Kualitas Premium,2,"18,200"
2025-08-01,Gula Pasir Lokal,2,"16,550"
2025-08-04,Gula Pasir Lokal,2,"16,550"
2025-08-05,Gula Pasir Lokal,2,"16,550"
2025-08-06,Gula Pasir Lokal,2,"16,550"
2025-08-07,Gula Pasir Lokal,2,"16,550"
2025-08-08,Gula Pasir Lokal,2,"16,550"
2025-08-11,Gula Pasir Lokal,2,"16,550"
2025-08-12,Gula Pasir Lokal,2,"16,550"
2025-08-13,Gula Pasir Lokal,2,"16,550"
2025-08-14,Gula Pasir Lokal,2,"16,500"
2025-08-15,Gula Pasir Lokal,2,"16,500"
2025-08-18,Gula Pasir Lokal,2,"16,500"
2025-08-19,Gula Pasir Lokal,2,"16,500"
2025-08-20,Gula Pasir Lokal,2,"16,500"
2025-08-21,Gula Pasir Lokal,2,"16,450"
2025-08-22,Gula Pasir Lokal,2,"16,450"
2025-08-25,Gula Pasir Lokal,2,"16,450"
2025-08-26,Gula Pasir Lokal,2,"16,450"
2025-08-27,Gula Pasir Lokal,2,"16,450"
2025-08-28,Gula Pasir Lokal,2,"16,450"
2025-08-29,Gula Pasir Lokal,2,"16,400"
2025-09-01,Beras,1,"14,900"
2025-09-02,Beras,1,"14,900"
2025-09-03,Beras,1,"14,900"
2025-09-04,Beras,1,"14,950"
2025-09-05,Beras,1,"14,950"
2025-09-08,Beras,1,"14,950"
2025-09-09,Beras,1,"14,950"
2025-09-10,Beras,1,"14,950"
2025-09-11,Beras,1,"14,950"
2025-09-12,Beras,1,"14,950"
2025-09-15,Beras,1,"14,950"
2025-09-16,Beras,1,"14,950"
2025-09-17,Beras,1,"14,950"
2025-09-18,Beras,1,"14,950"
2025-09-19,Beras,1,"14,950"
2025-09-22,Beras,1,"14,950"
2025-09-23,Beras,1,"14,950"
2025-09-24,Beras,1,"14,950"
2025-09-25,Beras,1,"14,900"
2025-09-26,Beras,1,"14,900"
2025-09-29,Beras,1,"14,900"
2025-09-30,Beras,1,"14,900"
2025-09-01,Beras Kualitas Bawah I,2,"13,850"
2025-09-02,Beras Kualitas Bawah I,2,"13,850"
2025-09-03,Beras Kualitas Bawah I,2,"13,850"
2025-09-04,Beras Kualitas Bawah I,2,"13,900"
2025-09-05,Beras Kualitas Bawah I,2,"13,900"
2025-09-08,Beras Kualitas Bawah I,2,"13,900"
2025-09-09,Beras Kualitas Bawah I,2,"13,900"
2025-09-10,Beras Kualitas Bawah I,2,"13,900"
2025-09-11,Beras Kualitas Bawah I,2,"13,900"
2025-09-12,Beras Kualitas Bawah I,2,"13,850"
2025-09-15,Beras Kualitas Bawah I,2,"13,850"
2025-09-16,Beras Kualitas Bawah I,2,"13,850"
2025-09-17,Beras Kualitas Bawah I,2,"13,850"
2025-09-18,Beras Kualitas Bawah I,2,"13,800"
2025-09-19,Beras Kualitas Bawah I,2,"13,800"
2025-09-22,Beras Kualitas Bawah I,2,"13,800"
2025-09-23,Beras Kualitas Bawah I,2,"13,800"
2025-09-24,Beras Kualitas Bawah I,2,"13,800"
2025-09-25,Beras Kualitas Bawah I,2,"13,800"
2025-09-26,Beras Kualitas Bawah I,2,"13,800"
2025-09-29,Beras Kualitas Bawah I,2,"13,800"
2025-09-30,Beras Kualitas Bawah I,2,"13,800"
2025-09-01,Beras Kualitas Bawah II,2,"13,600"
2025-09-02,Beras Kualitas Bawah II,2,"13,600"
2025-09-03,Beras Kualitas Bawah II,2,"13,600"
2025-09-04,Beras Kualitas Bawah II,2,"13,650"
2025-09-05,Beras Kualitas Bawah II,2,"13,650"
2025-09-08,Beras Kualitas Bawah II,2,"13,650"
2025-09-09,Beras Kualitas Bawah II,2,"13,650"
2025-09-10,Beras Kualitas Bawah II,2,"13,650"
2025-09-11,Beras Kualitas Bawah II,2,"13,600"
2025-09-12,Beras Kualitas Bawah II,2,"13,600"
2025-09-15,Beras Kualitas Bawah II,2,"13,600"
2025-09-16,Beras Kualitas Bawah II,2,"13,600"
2025-09-17,Beras Kualitas Bawah II,2,"13,600"
2025-09-18,Beras Kualitas Bawah II,2,"13,550"
2025-09-19,Beras Kualitas Bawah II,2,"13,550"
2025-09-22,Beras Kualitas Bawah II,2,"13,550"
2025-09-23,Beras Kualitas Bawah II,2,"13,550"
2025-09-24,Beras Kualitas Bawah II,2,"13,550"
2025-09-25,Beras Kualitas Bawah II,2,"13,550"
2025-09-26,Beras Kualitas Bawah II,2,"13,550"
2025-09-29,Beras Kualitas Bawah II,2,"13,550"
2025-09-30,Beras Kualitas Bawah II,2,"13,550"
2025-09-01,Beras Kualitas Medium I,2,"15,000"
2025-09-02,Beras Kualitas Medium I,2,"15,000"
2025-09-03,Beras Kualitas Medium I,2,"15,000"
2025-09-04,Beras Kualitas Medium I,2,"15,000"
2025-09-05,Beras Kualitas Medium I,2,"15,000"
2025-09-08,Beras Kualitas Medium I,2,"15,000"
2025-09-09,Beras Kualitas Medium I,2,"15,000"
2025-09-10,Beras Kualitas Medium I,2,"15,000"
2025-09-11,Beras Kualitas Medium I,2,"15,050"
2025-09-12,Beras Kualitas Medium I,2,"15,050"
2025-09-15,Beras Kualitas Medium I,2,"15,050"
2025-09-16,Beras Kualitas Medium I,2,"15,050"
2025-09-17,Beras Kualitas Medium I,2,"15,050"
2025-09-18,Beras Kualitas Medium I,2,"15,000"
2025-09-19,Beras Kualitas Medium I,2,"15,000"
2025-09-22,Beras Kualitas Medium I,2,"15,000"
2025-09-23,Beras Kualitas Medium I,2,"15,000"
2025-09-24,Beras Kualitas Medium I,2,"15,000"
2025-09-25,Beras Kualitas Medium I,2,"15,000"
2025-09-26,Beras Kualitas Medium I,2,"15,000"
2025-09-29,Beras Kualitas Medium I,2,"15,000"
2025-09-30,Beras Kualitas Medium I,2,"15,000"
2025-09-01,Beras Kualitas Medium II,2,"14,750"
2025-09-02,Beras Kualitas Medium II,2,"14,750"
2025-09-03,Beras Kualitas Medium II,2,"14,750"
2025-09-04,Beras Kualitas Medium II,2,"14,750"
2025-09-05,Beras Kualitas Medium II,2,"14,750"
2025-09-08,Beras Kualitas Medium II,2,"14,750"
2025-09-09,Beras Kualitas Medium II,2,"14,750"
2025-09-10,Beras Kualitas Medium II,2,"14,750"
2025-09-11,Beras Kualitas Medium II,2,"14,750"
2025-09-12,Beras Kualitas Medium II,2,"14,750"
2025-09-15,Beras Kualitas Medium II,2,"14,750"
2025-09-16,Beras Kualitas Medium II,2,"14,750"
2025-09-17,Beras Kualitas Medium II,2,"14,750"
2025-09-18,Beras Kualitas Medium II,2,"14,750"
2025-09-19,Beras Kualitas Medium II,2,"14,750"
2025-09-22,Beras Kualitas Medium II,2,"14,750"
2025-09-23,Beras Kualitas Medium II,2,"14,750"
2025-09-24,Beras Kualitas Medium II,2,"14,750"
2025-09-25,Beras Kualitas Medium II,2,"14,750"
2025-09-26,Beras Kualitas Medium II,2,"14,750"
2025-09-29,Beras Kualitas Medium II,2,"14,750"
2025-09-30,Beras Kualitas Medium II,2,"14,750"
2025-09-01,Beras Kualitas Super I,2,"16,150"
2025-09-02,Beras Kualitas Super I,2,"16,150"
2025-09-03,Beras Kualitas Super I,2,"16,150"
2025-09-04,Beras Kualitas Super I,2,"16,150"
2025-09-05,Beras Kualitas Super I,2,"16,150"
2025-09-08,Beras Kualitas Super I,2,"16,150"
2025-09-09,Beras Kualitas Super I,2,"16,150"
2025-09-10,Beras Kualitas Super I,2,"16,150"
2025-09-11,Beras Kualitas Super I,2,"16,200"
2025-09-12,Beras Kualitas Super I,2,"16,200"
2025-09-15,Beras Kualitas Super I,2,"16,200"
2025-09-16,Beras Kualitas Super I,2,"16,200"
2025-09-17,Beras Kualitas Super I,2,"16,200"
2025-09-18,Beras Kualitas Super I,2,"16,200"
2025-09-19,Beras Kualitas Super I,2,"16,200"
2025-09-22,Beras Kualitas Super I,2,"16,200"
2025-09-23,Beras Kualitas Super I,2,"16,200"
2025-09-24,Beras Kualitas Super I,2,"16,200"
2025-09-25,Beras Kualitas Super I,2,"16,150"
2025-09-26,Beras Kualitas Super I,2,"16,150"
2025-09-29,Beras Kualitas Super I,2,"16,150"
2025-09-30,Beras Kualitas Super I,2,"16,150"
2025-09-01,Beras Kualitas Super II,2,"15,800"
2025-09-02,Beras Kualitas Super II,2,"15,800"
2025-09-03,Beras Kualitas Super II,2,"15,800"
2025-09-04,Beras Kualitas Super II,2,"15,800"
2025-09-05,Beras Kualitas Super II,2,"15,800"
2025-09-08,Beras Kualitas Super II,2,"15,800"
2025-09-09,Beras Kualitas Super II,2,"15,800"
2025-09-10,Beras Kualitas Super II,2,"15,800"
2025-09-11,Beras Kualitas Super II,2,"15,800"
2025-09-12,Beras Kualitas Super II,2,"15,800"
2025-09-15,Beras Kualitas Super II,2,"15,800"
2025-09-16,Beras Kualitas Super II,2,"15,800"
2025-09-17,Beras Kualitas Super II,2,"15,800"
2025-09-18,Beras Kualitas Super II,2,"15,800"
2025-09-19,Beras Kualitas Super II,2,"15,800"
2025-09-22,Beras Kualitas Super II,2,"15,800"
2025-09-23,Beras Kualitas Super II,2,"15,800"
2025-09-24,Beras Kualitas Super II,2,"15,800"
2025-09-25,Beras Kualitas Super II,2,"15,800"
2025-09-26,Beras Kualitas Super II,2,"15,800"
2025-09-29,Beras Kualitas Super II,2,"15,800"
2025-09-30,Beras Kualitas Super II,2,"15,800"
2025-09-01,Daging Ayam,1,"30,400"
2025-09-02,Daging Ayam,1,"30,400"
2025-09-03,Daging Ayam,1,"30,400"
2025-09-04,Daging Ayam,1,"30,500"
2025-09-05,Daging Ayam,1,"30,500"
2025-09-08,Daging Ayam,1,"30,500"
2025-09-09,Daging Ayam,1,"30,500"
2025-09-10,Daging Ayam,1,"30,600"
2025-09-11,Daging Ayam,1,"31,800"
2025-09-12,Daging Ayam,1,"31,800"
2025-09-15,Daging Ayam,1,"31,800"
2025-09-16,Daging Ayam,1,"31,800"
2025-09-17,Daging Ayam,1,"31,900"
2025-09-18,Daging Ayam,1,"32,700"
2025-09-19,Daging Ayam,1,"32,700"
2025-09-22,Daging Ayam,1,"32,700"
2025-09-23,Daging Ayam,1,"32,700"
2025-09-24,Daging Ayam,1,"32,750"
2025-09-25,Daging Ayam,1,"33,000"
2025-09-26,Daging Ayam,1,"33,000"
2025-09-29,Daging Ayam,1,"33,000"
2025-09-30,Daging Ayam,1,"33,000"
2025-09-01,Daging Ayam Ras Segar,2,"30,400"
2025-09-02,Daging Ayam Ras Segar,2,"30,400"
2025-09-03,Daging Ayam Ras Segar,2,"30,400"
2025-09-04,Daging Ayam Ras Segar,2,"30,500"
2025-09-05,Daging Ayam Ras Segar,2,"30,500"
2025-09-08,Daging Ayam Ras Segar,2,"30,500"
2025-09-09,Daging Ayam Ras Segar,2,"30,500"
2025-09-10,Daging Ayam Ras Segar,2,"30,600"
2025-09-11,Daging Ayam Ras Segar,2,"31,800"
2025-09-12,Daging Ayam Ras Segar,2,"31,800"
2025-09-15,Daging Ayam Ras Segar,2,"31,800"
2025-09-16,Daging Ayam Ras Segar,2,"31,800"
2025-09-17,Daging Ayam Ras Segar,2,"31,900"
2025-09-18,Daging Ayam Ras Segar,2,"32,700"
2025-09-19,Daging Ayam Ras Segar,2,"32,700"
2025-09-22,Daging Ayam Ras Segar,2,"32,700"
2025-09-23,Daging Ayam Ras Segar,2,"32,700"
2025-09-24,Daging Ayam Ras Segar,2,"32,750"
2025-09-25,Daging Ayam Ras Segar,2,"33,000"
2025-09-26,Daging Ayam Ras Segar,2,"33,000"
2025-09-29,Daging Ayam Ras Segar,2,"33,000"
2025-09-30,Daging Ayam Ras Segar,2,"33,000"
2025-09-01,Daging Sapi,1,"127,850"
2025-09-02,Daging Sapi,1,"127,850"
2025-09-03,Daging Sapi,1,"127,850"
2025-09-04,Daging Sapi,1,"128,150"
2025-09-05,Daging Sapi,1,"128,150"
2025-09-08,Daging Sapi,1,"128,150"
2025-09-09,Daging Sapi,1,"128,150"
2025-09-10,Daging Sapi,1,"128,150"
2025-09-11,Daging Sapi,1,"128,100"
2025-09-12,Daging Sapi,1,"128,100"
2025-09-15,Daging Sapi,1,"128,100"
2025-09-16,Daging Sapi,1,"128,100"
2025-09-17,Daging Sapi,1,"128,050"
2025-09-18,Daging Sapi,1,"128,050"
2025-09-19,Daging Sapi,1,"128,050"
2025-09-22,Daging Sapi,1,"128,050"
2025-09-23,Daging Sapi,1,"128,050"
2025-09-24,Daging Sapi,1,"128,000"
2025-09-25,Daging Sapi,1,"128,250"
2025-09-26,Daging Sapi,1,"128,250"
2025-09-29,Daging Sapi,1,"128,250"
2025-09-30,Daging Sapi,1,"128,250"
2025-09-01,Daging Sapi Kualitas 1,2,"130,250"
2025-09-02,Daging Sapi Kualitas 1,2,"130,250"
2025-09-03,Daging Sapi Kualitas 1,2,"130,250"
2025-09-04,Daging Sapi Kualitas 1,2,"130,550"
2025-09-05,Daging Sapi Kualitas 1,2,"130,550"
2025-09-08,Daging Sapi Kualitas 1,2,"130,550"
2025-09-09,Daging Sapi Kualitas 1,2,"130,550"
2025-09-10,Daging Sapi Kualitas 1,2,"130,550"
2025-09-11,Daging Sapi Kualitas 1,2,"130,500"
2025-09-12,Daging Sapi Kualitas 1,2,"130,500"
2025-09-15,Daging Sapi Kualitas 1,2,"130,500"
2025-09-16,Daging Sapi Kualitas 1,2,"130,500"
2025-09-17,Daging Sapi Kualitas 1,2,"130,500"
2025-09-18,Daging Sapi Kualitas 1,2,"130,500"
2025-09-19,Daging Sapi Kualitas 1,2,"130,500"
2025-09-22,Daging Sapi Kualitas 1,2,"130,500"
2025-09-23,Daging Sapi Kualitas 1,2,"130,500"
2025-09-24,Daging Sapi Kualitas 1,2,"130,450"
2025-09-25,Daging Sapi Kualitas 1,2,"130,700"
2025-09-26,Daging Sapi Kualitas 1,2,"130,700"
2025-09-29,Daging Sapi Kualitas 1,2,"130,700"
2025-09-30,Daging Sapi Kualitas 1,2,"130,700"
2025-09-01,Daging Sapi Kualitas 2,2,"125,600"
2025-09-02,Daging Sapi Kualitas 2,2,"125,600"
2025-09-03,Daging Sapi Kualitas 2,2,"125,600"
2025-09-04,Daging Sapi Kualitas 2,2,"126,000"
2025-09-05,Daging Sapi Kualitas 2,2,"126,000"
2025-09-08,Daging Sapi Kualitas 2,2,"126,000"
2025-09-09,Daging Sapi Kualitas 2,2,"126,000"
2025-09-10,Daging Sapi Kualitas 2,2,"126,000"
2025-09-11,Daging Sapi Kualitas 2,2,"125,750"
2025-09-12,Daging Sapi Kualitas 2,2,"125,750"
2025-09-15,Daging Sapi Kualitas 2,2,"125,750"
2025-09-16,Daging Sapi Kualitas 2,2,"125,750"
2025-09-17,Daging Sapi Kualitas 2,2,"125,650"
2025-09-18,Daging Sapi Kualitas 2,2,"125,700"
2025-09-19,Daging Sapi Kualitas 2,2,"125,700"
2025-09-22,Daging Sapi Kualitas 2,2,"125,700"
2025-09-23,Daging Sapi Kualitas 2,2,"125,700"
2025-09-24,Daging Sapi Kualitas 2,2,"125,600"
2025-09-25,Daging Sapi Kualitas 2,2,"125,950"
2025-09-26,Daging Sapi Kualitas 2,2,"125,950"
2025-09-29,Daging Sapi Kualitas 2,2,"125,950"
2025-09-30,Daging Sapi Kualitas 2,2,"125,950"
2025-09-01,Telur Ayam,1,"27,400"
2025-09-02,Telur Ayam,1,"27,400"
2025-09-03,Telur Ayam,1,"27,350"
2025-09-04,Telur Ayam,1,"27,250"
2025-09-05,Telur Ayam,1,"27,250"
2025-09-08,Telur Ayam,1,"27,250"
2025-09-09,Telur Ayam,1,"27,250"
2025-09-10,Telur Ayam,1,"27,250"
2025-09-11,Telur Ayam,1,"27,550"
2025-09-12,Telur Ayam,1,"27,550"
2025-09-15,Telur Ayam,1,"27,550"
2025-09-16,Telur Ayam,1,"27,550"
2025-09-17,Telur Ayam,1,"27,550"
2025-09-18,Telur Ayam,1,"27,850"
2025-09-19,Telur Ayam,1,"27,850"
2025-09-22,Telur Ayam,1,"27,850"
2025-09-23,Telur Ayam,1,"27,850"
2025-09-24,Telur Ayam,1,"27,850"
2025-09-25,Telur Ayam,1,"28,050"
2025-09-26,Telur Ayam,1,"28,050"
2025-09-29,Telur Ayam,1,"28,050"
2025-09-30,Telur Ayam,1,"28,050"
2025-09-01,Telur Ayam Ras Segar,2,"27,400"
2025-09-02,Telur Ayam Ras Segar,2,"27,400"
2025-09-03,Telur Ayam Ras Segar,2,"27,350"
2025-09-04,Telur Ayam Ras Segar,2,"27,250"
2025-09-05,Telur Ayam Ras Segar,2,"27,250"
2025-09-08,Telur Ayam Ras Segar,2,"27,250"
2025-09-09,Telur Ayam Ras Segar,2,"27,250"
2025-09-10,Telur Ayam Ras Segar,2,"27,250"
2025-09-11,Telur Ayam Ras Segar,2,"27,550"
2025-09-12,Telur Ayam Ras Segar,2,"27,550"
2025-09-15,Telur Ayam Ras Segar,2,"27,550"
2025-09-16,Telur Ayam Ras Segar,2,"27,550"
2025-09-17,Telur Ayam Ras Segar,2,"27,550"
2025-09-18,Telur Ayam Ras Segar,2,"27,850"
2025-09-19,Telur Ayam Ras Segar,2,"27,850"
2025-09-22,Telur Ayam Ras Segar,2,"27,850"
2025-09-23,Telur Ayam Ras Segar,2,"27,850"
2025-09-24,Telur Ayam Ras Segar,2,"27,850"
2025-09-25,Telur Ayam Ras Segar,2,"28,050"
2025-09-26,Telur Ayam Ras Segar,2,"28,050"
2025-09-29,Telur Ayam Ras Segar,2,"28,050"
2025-09-30,Telur Ayam Ras Segar,2,"28,050"
2025-09-01,Bawang Merah,1,"40,850"
2025-09-02,Bawang Merah,1,"40,850"
2025-09-03,Bawang Merah,1,"40,750"
2025-09-04,Bawang Merah,1,"37,650"
2025-09-05,Bawang Merah,1,"37,650"
2025-09-08,Bawang Merah,1,"37,650"
2025-09-09,Bawang Merah,1,"37,650"
2025-09-10,Bawang Merah,1,"37,750"
2025-09-11,Bawang Merah,1,"35,900"
2025-09-12,Bawang Merah,1,"35,800"
2025-09-15,Bawang Merah,1,"35,800"
2025-09-16,Bawang Merah,1,"35,800"
2025-09-17,Bawang Merah,1,"35,750"
2025-09-18,Bawang Merah,1,"34,200"
2025-09-19,Bawang Merah,1,"34,200"
2025-09-22,Bawang Merah,1,"34,200"
2025-09-23,Bawang Merah,1,"34,200"
2025-09-24,Bawang Merah,1,"34,250"
2025-09-25,Bawang Merah,1,"33,450"
2025-09-26,Bawang Merah,1,"33,450"
2025-09-29,Bawang Merah,1,"33,450"
2025-09-30,Bawang Merah,1,"33,450"
2025-09-01,Bawang Merah Ukuran Sedang,2,"40,850"
2025-09-02,Bawang Merah Ukuran Sedang,2,"40,850"
2025-09-03,Bawang Merah Ukuran Sedang,2,"40,750"
2025-09-04,Bawang Merah Ukuran Sedang,2,"37,650"
2025-09-05,Bawang Merah Ukuran Sedang,2,"37,650"
2025-09-08,Bawang Merah Ukuran Sedang,2,"37,650"
2025-09-09,Bawang Merah Ukuran Sedang,2,"37,650"
2025-09-10,Bawang Merah Ukuran Sedang,2,"37,750"
2025-09-11,Bawang Merah Ukuran Sedang,2,"35,900"
2025-09-12,Bawang Merah Ukuran Sedang,2,"35,800"
2025-09-15,Bawang Merah Ukuran Sedang,2,"35,800"
2025-09-16,Bawang Merah Ukuran Sedang,2,"35,800"
2025-09-17,Bawang Merah Ukuran Sedang,2,"35,750"
2025-09-18,Bawang Merah Ukuran Sedang,2,"34,200"
2025-09-19,Bawang Merah Ukuran Sedang,2,"34,200"
2025-09-22,Bawang Merah Ukuran Sedang,2,"34,200"
2025-09-23,Bawang Merah Ukuran Sedang,2,"34,200"
2025-09-24,Bawang Merah Ukuran Sedang,2,"34,250"
2025-09-25,Bawang Merah Ukuran Sedang,2,"33,450"
2025-09-26,Bawang Merah Ukuran Sedang,2,"33,450"
2025-09-29,Bawang Merah Ukuran Sedang,2,"33,450"
2025-09-30,Bawang Merah Ukuran Sedang,2,"33,450"
2025-09-01,Bawang Putih,1,"31,600"
2025-09-02,Bawang Putih,1,"31,600"
2025-09-03,Bawang Putih,1,"31,550"
2025-09-04,Bawang Putih,1,"31,350"
2025-09-05,Bawang Putih,1,"31,350"
2025-09-08,Bawang Putih,1,"31,350"
2025-09-09,Bawang Putih,1,"31,350"
2025-09-10,Bawang Putih,1,"31,350"
2025-09-11,Bawang Putih,1,"31,050"
2025-09-12,Bawang Putih,1,"31,050"
2025-09-15,Bawang Putih,1,"31,050"
2025-09-16,Bawang Putih,1,"31,050"
2025-09-17,Bawang Putih,1,"31,100"
2025-09-18,Bawang Putih,1,"31,000"
2025-09-19,Bawang Putih,1,"31,000"
2025-09-22,Bawang Putih,1,"31,000"
2025-09-23,Bawang Putih,1,"31,000"
2025-09-24,Bawang Putih,1,"31,000"
2025-09-25,Bawang Putih,1,"31,050"
2025-09-26,Bawang Putih,1,"31,050"
2025-09-29,Bawang Putih,1,"31,050"
2025-09-30,Bawang Putih,1,"31,050"
2025-09-01,Bawang Putih Ukuran Sedang,2,"31,600"
2025-09-02,Bawang Putih Ukuran Sedang,2,"31,600"
2025-09-03,Bawang Putih Ukuran Sedang,2,"31,550"
2025-09-04,Bawang Putih Ukuran Sedang,2,"31,350"
2025-09-05,Bawang Putih Ukuran Sedang,2,"31,350"
2025-09-08,Bawang Putih Ukuran Sedang,2,"31,350"
2025-09-09,Bawang Putih Ukuran Sedang,2,"31,350"
2025-09-10,Bawang Putih Ukuran Sedang,2,"31,350"
2025-09-11,Bawang Putih Ukuran Sedang,2,"31,050"
2025-09-12,Bawang Putih Ukuran Sedang,2,"31,050"
2025-09-15,Bawang Putih Ukuran Sedang,2,"31,050"
2025-09-16,Bawang Putih Ukuran Sedang,2,"31,050"
2025-09-17,Bawang Putih Ukuran Sedang,2,"31,100"
2025-09-18,Bawang Putih Ukuran Sedang,2,"31,000"
2025-09-19,Bawang Putih Ukuran Sedang,2,"31,000"
2025-09-22,Bawang Putih Ukuran Sedang,2,"31,000"
2025-09-23,Bawang Putih Ukuran Sedang,2,"31,000"
2025-09-24,Bawang Putih Ukuran Sedang,2,"31,000"
2025-09-25,Bawang Putih Ukuran Sedang,2,"31,050"
2025-09-26,Bawang Putih Ukuran Sedang,2,"31,050"
2025-09-29,Bawang Putih Ukuran Sedang,2,"31,050"
2025-09-30,Bawang Putih Ukuran Sedang,2,"31,050"
2025-09-01,Cabai Merah,1,"34,500"
2025-09-02,Cabai Merah,1,"34,500"
2025-09-03,Cabai Merah,1,"34,600"
2025-09-04,Cabai Merah,1,"39,050"
2025-09-05,Cabai Merah,1,"39,050"
2025-09-08,Cabai Merah,1,"39,050"
2025-09-09,Cabai Merah,1,"39,050"
2025-09-10,Cabai Merah,1,"39,050"
2025-09-11,Cabai Merah,1,"42,450"
2025-09-12,Cabai Merah,1,"42,450"
2025-09-15,Cabai Merah,1,"42,450"
2025-09-16,Cabai Merah,1,"42,450"
2025-09-17,Cabai Merah,1,"43,100"
2025-09-18,Cabai Merah,1,"46,600"
2025-09-19,Cabai Merah,1,"46,600"
2025-09-22,Cabai Merah,1,"46,600"
2025-09-23,Cabai Merah,1,"46,600"
2025-09-24,Cabai Merah,1,"46,400"
2025-09-25,Cabai Merah,1,"48,150"
2025-09-26,Cabai Merah,1,"48,150"
2025-09-29,Cabai Merah,1,"48,150"
2025-09-30,Cabai Merah,1,"48,150"
2025-09-01,Cabai Merah Besar,2,"36,550"
2025-09-02,Cabai Merah Besar,2,"36,550"
2025-09-03,Cabai Merah Besar,2,"36,550"
2025-09-04,Cabai Merah Besar,2,"39,950"
2025-09-05,Cabai Merah Besar,2,"39,950"
2025-09-08,Cabai Merah Besar,2,"39,950"
2025-09-09,Cabai Merah Besar,2,"39,950"
2025-09-10,Cabai Merah Besar,2,"39,850"
2025-09-11,Cabai Merah Besar,2,"42,000"
2025-09-12,Cabai Merah Besar,2,"42,000"
2025-09-15,Cabai Merah Besar,2,"42,000"
2025-09-16,Cabai Merah Besar,2,"42,000"
2025-09-17,Cabai Merah Besar,2,"42,850"
2025-09-18,Cabai Merah Besar,2,"44,800"
2025-09-19,Cabai Merah Besar,2,"44,800"
2025-09-22,Cabai Merah Besar,2,"44,800"
2025-09-23,Cabai Merah Besar,2,"44,800"
2025-09-24,Cabai Merah Besar,2,"44,400"
2025-09-25,Cabai Merah Besar,2,"45,700"
2025-09-26,Cabai Merah Besar,2,"45,700"
2025-09-29,Cabai Merah Besar,2,"45,700"
2025-09-30,Cabai Merah Besar,2,"45,700"
2025-09-01,Cabai Merah Keriting ,2,"33,150"
2025-09-02,Cabai Merah Keriting ,2,"33,150"
2025-09-03,Cabai Merah Keriting ,2,"33,300"
2025-09-04,Cabai Merah Keriting ,2,"38,400"
2025-09-05,Cabai Merah Keriting ,2,"38,400"
2025-09-08,Cabai Merah Keriting ,2,"38,400"
2025-09-09,Cabai Merah Keriting ,2,"38,400"
2025-09-10,Cabai Merah Keriting ,2,"38,450"
2025-09-11,Cabai Merah Keriting ,2,"41,950"
2025-09-12,Cabai Merah Keriting ,2,"41,950"
2025-09-15,Cabai Merah Keriting ,2,"41,950"
2025-09-16,Cabai Merah Keriting ,2,"41,950"
2025-09-17,Cabai Merah Keriting ,2,"42,550"
2025-09-18,Cabai Merah Keriting ,2,"47,550"
2025-09-19,Cabai Merah Keriting ,2,"47,550"
2025-09-22,Cabai Merah Keriting ,2,"47,550"
2025-09-23,Cabai Merah Keriting ,2,"47,550"
2025-09-24,Cabai Merah Keriting ,2,"47,500"
2025-09-25,Cabai Merah Keriting ,2,"49,450"
2025-09-26,Cabai Merah Keriting ,2,"49,450"
2025-09-29,Cabai Merah Keriting ,2,"49,450"
2025-09-30,Cabai Merah Keriting ,2,"49,450"
2025-09-01,Cabai Rawit,1,"37,200"
2025-09-02,Cabai Rawit,1,"37,200"
2025-09-03,Cabai Rawit,1,"37,350"
2025-09-04,Cabai Rawit,1,"38,500"
2025-09-05,Cabai Rawit,1,"38,500"
2025-09-08,Cabai Rawit,1,"38,500"
2025-09-09,Cabai Rawit,1,"38,500"
2025-09-10,Cabai Rawit,1,"38,450"
2025-09-11,Cabai Rawit,1,"39,300"
2025-09-12,Cabai Rawit,1,"39,300"
2025-09-15,Cabai Rawit,1,"39,300"
2025-09-16,Cabai Rawit,1,"39,300"
2025-09-17,Cabai Rawit,1,"39,400"
2025-09-18,Cabai Rawit,1,"39,400"
2025-09-19,Cabai Rawit,1,"39,400"
2025-09-22,Cabai Rawit,1,"39,400"
2025-09-23,Cabai Rawit,1,"39,400"
2025-09-24,Cabai Rawit,1,"39,400"
2025-09-25,Cabai Rawit,1,"38,100"
2025-09-26,Cabai Rawit,1,"38,100"
2025-09-29,Cabai Rawit,1,"38,100"
2025-09-30,Cabai Rawit,1,"38,100"
2025-09-01,Cabai Rawit Hijau,2,"37,350"
2025-09-02,Cabai Rawit Hijau,2,"37,350"
2025-09-03,Cabai Rawit Hijau,2,"37,550"
2025-09-04,Cabai Rawit Hijau,2,"38,400"
2025-09-05,Cabai Rawit Hijau,2,"38,400"
2025-09-08,Cabai Rawit Hijau,2,"38,400"
2025-09-09,Cabai Rawit Hijau,2,"38,400"
2025-09-10,Cabai Rawit Hijau,2,"38,350"
2025-09-11,Cabai Rawit Hijau,2,"39,500"
2025-09-12,Cabai Rawit Hijau,2,"39,500"
2025-09-15,Cabai Rawit Hijau,2,"39,500"
2025-09-16,Cabai Rawit Hijau,2,"39,500"
2025-09-17,Cabai Rawit Hijau,2,"39,600"
2025-09-18,Cabai Rawit Hijau,2,"38,500"
2025-09-19,Cabai Rawit Hijau,2,"38,500"
2025-09-22,Cabai Rawit Hijau,2,"38,500"
2025-09-23,Cabai Rawit Hijau,2,"38,500"
2025-09-24,Cabai Rawit Hijau,2,"38,350"
2025-09-25,Cabai Rawit Hijau,2,"36,400"
2025-09-26,Cabai Rawit Hijau,2,"36,400"
2025-09-29,Cabai Rawit Hijau,2,"36,400"
2025-09-30,Cabai Rawit Hijau,2,"36,400"
2025-09-01,Cabai Rawit Merah,2,"37,200"
2025-09-02,Cabai Rawit Merah,2,"37,200"
2025-09-03,Cabai Rawit Merah,2,"37,350"
2025-09-04,Cabai Rawit Merah,2,"38,650"
2025-09-05,Cabai Rawit Merah,2,"38,650"
2025-09-08,Cabai Rawit Merah,2,"38,650"
2025-09-09,Cabai Rawit Merah,2,"38,650"
2025-09-10,Cabai Rawit Merah,2,"38,600"
2025-09-11,Cabai Rawit Merah,2,"39,500"
2025-09-12,Cabai Rawit Merah,2,"39,500"
2025-09-15,Cabai Rawit Merah,2,"39,500"
2025-09-16,Cabai Rawit Merah,2,"39,500"
2025-09-17,Cabai Rawit Merah,2,"39,650"
2025-09-18,Cabai Rawit Merah,2,"41,200"
2025-09-19,Cabai Rawit Merah,2,"41,200"
2025-09-22,Cabai Rawit Merah,2,"41,200"
2025-09-23,Cabai Rawit Merah,2,"41,200"
2025-09-24,Cabai Rawit Merah,2,"41,250"
2025-09-25,Cabai Rawit Merah,2,"40,800"
2025-09-26,Cabai Rawit Merah,2,"40,800"
2025-09-29,Cabai Rawit Merah,2,"40,800"
2025-09-30,Cabai Rawit Merah,2,"40,800"
2025-09-01,Minyak Goreng,1,"19,400"
2025-09-02,Minyak Goreng,1,"19,400"
2025-09-03,Minyak Goreng,1,"19,450"
2025-09-04,Minyak Goreng,1,"19,550"
2025-09-05,Minyak Goreng,1,"19,550"
2025-09-08,Minyak Goreng,1,"19,550"
2025-09-09,Minyak Goreng,1,"19,550"
2025-09-10,Minyak Goreng,1,"19,550"
2025-09-11,Minyak Goreng,1,"19,600"
2025-09-12,Minyak Goreng,1,"19,600"
2025-09-15,Minyak Goreng,1,"19,600"
2025-09-16,Minyak Goreng,1,"19,600"
2025-09-17,Minyak Goreng,1,"19,600"
2025-09-18,Minyak Goreng,1,"19,550"
2025-09-19,Minyak Goreng,1,"19,550"
2025-09-22,Minyak Goreng,1,"19,550"
2025-09-23,Minyak Goreng,1,"19,550"
2025-09-24,Minyak Goreng,1,"19,550"
2025-09-25,Minyak Goreng,1,"19,500"
2025-09-26,Minyak Goreng,1,"19,550"
2025-09-29,Minyak Goreng,1,"19,550"
2025-09-30,Minyak Goreng,1,"19,550"
2025-09-01,Minyak Goreng Curah,2,"17,400"
2025-09-02,Minyak Goreng Curah,2,"17,400"
2025-09-03,Minyak Goreng Curah,2,"17,400"
2025-09-04,Minyak Goreng Curah,2,"17,450"
2025-09-05,Minyak Goreng Curah,2,"17,450"
2025-09-08,Minyak Goreng Curah,2,"17,450"
2025-09-09,Minyak Goreng Curah,2,"17,450"
2025-09-10,Minyak Goreng Curah,2,"17,450"
2025-09-11,Minyak Goreng Curah,2,"17,450"
2025-09-12,Minyak Goreng Curah,2,"17,450"
2025-09-15,Minyak Goreng Curah,2,"17,450"
2025-09-16,Minyak Goreng Curah,2,"17,450"
2025-09-17,Minyak Goreng Curah,2,"17,450"
2025-09-18,Minyak Goreng Curah,2,"17,300"
2025-09-19,Minyak Goreng Curah,2,"17,300"
2025-09-22,Minyak Goreng Curah,2,"17,300"
2025-09-23,Minyak Goreng Curah,2,"17,300"
2025-09-24,Minyak Goreng Curah,2,"17,300"
2025-09-25,Minyak Goreng Curah,2,"17,250"
2025-09-26,Minyak Goreng Curah,2,"17,450"
2025-09-29,Minyak Goreng Curah,2,"17,450"
2025-09-30,Minyak Goreng Curah,2,"17,450"
2025-09-01,Minyak Goreng Kemasan Bermerk 1,2,"20,400"
2025-09-02,Minyak Goreng Kemasan Bermerk 1,2,"20,400"
2025-09-03,Minyak Goreng Kemasan Bermerk 1,2,"20,400"
2025-09-04,Minyak Goreng Kemasan Bermerk 1,2,"20,500"
2025-09-05,Minyak Goreng Kemasan Bermerk 1,2,"20,500"
2025-09-08,Minyak Goreng Kemasan Bermerk 1,2,"20,500"
2025-09-09,Minyak Goreng Kemasan Bermerk 1,2,"20,500"
2025-09-10,Minyak Goreng Kemasan Bermerk 1,2,"20,500"
2025-09-11,Minyak Goreng Kemasan Bermerk 1,2,"20,600"
2025-09-12,Minyak Goreng Kemasan Bermerk 1,2,"20,600"
2025-09-15,Minyak Goreng Kemasan Bermerk 1,2,"20,600"
2025-09-16,Minyak Goreng Kemasan Bermerk 1,2,"20,600"
2025-09-17,Minyak Goreng Kemasan Bermerk 1,2,"20,550"
2025-09-18,Minyak Goreng Kemasan Bermerk 1,2,"20,500"
2025-09-19,Minyak Goreng Kemasan Bermerk 1,2,"20,500"
2025-09-22,Minyak Goreng Kemasan Bermerk 1,2,"20,500"
2025-09-23,Minyak Goreng Kemasan Bermerk 1,2,"20,500"
2025-09-24,Minyak Goreng Kemasan Bermerk 1,2,"20,500"
2025-09-25,Minyak Goreng Kemasan Bermerk 1,2,"20,450"
2025-09-26,Minyak Goreng Kemasan Bermerk 1,2,"20,450"
2025-09-29,Minyak Goreng Kemasan Bermerk 1,2,"20,450"
2025-09-30,Minyak Goreng Kemasan Bermerk 1,2,"20,450"
2025-09-01,Minyak Goreng Kemasan Bermerk 2,2,"19,950"
2025-09-02,Minyak Goreng Kemasan Bermerk 2,2,"19,950"
2025-09-03,Minyak Goreng Kemasan Bermerk 2,2,"19,950"
2025-09-04,Minyak Goreng Kemasan Bermerk 2,2,"20,000"
2025-09-05,Minyak Goreng Kemasan Bermerk 2,2,"20,000"
2025-09-08,Minyak Goreng Kemasan Bermerk 2,2,"20,000"
2025-09-09,Minyak Goreng Kemasan Bermerk 2,2,"20,000"
2025-09-10,Minyak Goreng Kemasan Bermerk 2,2,"20,000"
2025-09-11,Minyak Goreng Kemasan Bermerk 2,2,"20,050"
2025-09-12,Minyak Goreng Kemasan Bermerk 2,2,"20,050"
2025-09-15,Minyak Goreng Kemasan Bermerk 2,2,"20,050"
2025-09-16,Minyak Goreng Kemasan Bermerk 2,2,"20,050"
2025-09-17,Minyak Goreng Kemasan Bermerk 2,2,"20,000"
2025-09-18,Minyak Goreng Kemasan Bermerk 2,2,"20,000"
2025-09-19,Minyak Goreng Kemasan Bermerk 2,2,"20,000"
2025-09-22,Minyak Goreng Kemasan Bermerk 2,2,"20,000"
2025-09-23,Minyak Goreng Kemasan Bermerk 2,2,"20,000"
2025-09-24,Minyak Goreng Kemasan Bermerk 2,2,"20,000"
2025-09-25,Minyak Goreng Kemasan Bermerk 2,2,"20,000"
2025-09-26,Minyak Goreng Kemasan Bermerk 2,2,"20,000"
2025-09-29,Minyak Goreng Kemasan Bermerk 2,2,"20,000"
2025-09-30,Minyak Goreng Kemasan Bermerk 2,2,"20,000"
2025-09-01,Gula Pasir,1,"17,200"
2025-09-02,Gula Pasir,1,"17,200"
2025-09-03,Gula Pasir,1,"17,200"
2025-09-04,Gula Pasir,1,"17,200"
2025-09-05,Gula Pasir,1,"17,200"
2025-09-08,Gula Pasir,1,"17,200"
2025-09-09,Gula Pasir,1,"17,200"
2025-09-10,Gula Pasir,1,"17,200"
2025-09-11,Gula Pasir,1,"17,150"
2025-09-12,Gula Pasir,1,"17,150"
2025-09-15,Gula Pasir,1,"17,150"
2025-09-16,Gula Pasir,1,"17,150"
2025-09-17,Gula Pasir,1,"17,150"
2025-09-18,Gula Pasir,1,"17,150"
2025-09-19,Gula Pasir,1,"17,150"
2025-09-22,Gula Pasir,1,"17,150"
2025-09-23,Gula Pasir,1,"17,150"
2025-09-24,Gula Pasir,1,"17,150"
2025-09-25,Gula Pasir,1,"17,100"
2025-09-26,Gula Pasir,1,"17,100"
2025-09-29,Gula Pasir,1,"17,100"
2025-09-30,Gula Pasir,1,"17,100"
2025-09-01,Gula Pasir Kualitas Premium,2,"18,200"
2025-09-02,Gula Pasir Kualitas Premium,2,"18,200"
2025-09-03,Gula Pasir Kualitas Premium,2,"18,200"
2025-09-04,Gula Pasir Kualitas Premium,2,"18,300"
2025-09-05,Gula Pasir Kualitas Premium,2,"18,300"
2025-09-08,Gula Pasir Kualitas Premium,2,"18,300"
2025-09-09,Gula Pasir Kualitas Premium,2,"18,300"
2025-09-10,Gula Pasir Kualitas Premium,2,"18,300"
2025-09-11,Gula Pasir Kualitas Premium,2,"18,250"
2025-09-12,Gula Pasir Kualitas Premium,2,"18,250"
2025-09-15,Gula Pasir Kualitas Premium,2,"18,250"
2025-09-16,Gula Pasir Kualitas Premium,2,"18,250"
2025-09-17,Gula Pasir Kualitas Premium,2,"18,250"
2025-09-18,Gula Pasir Kualitas Premium,2,"18,200"
2025-09-19,Gula Pasir Kualitas Premium,2,"18,200"
2025-09-22,Gula Pasir Kualitas Premium,2,"18,200"
2025-09-23,Gula Pasir Kualitas Premium,2,"18,200"
2025-09-24,Gula Pasir Kualitas Premium,2,"18,200"
2025-09-25,Gula Pasir Kualitas Premium,2,"18,200"
2025-09-26,Gula Pasir Kualitas Premium,2,"18,200"
2025-09-29,Gula Pasir Kualitas Premium,2,"18,200"
2025-09-30,Gula Pasir Kualitas Premium,2,"18,200"
2025-09-01,Gula Pasir Lokal,2,"16,400"
2025-09-02,Gula Pasir Lokal,2,"16,400"
2025-09-03,Gula Pasir Lokal,2,"16,400"
2025-09-04,Gula Pasir Lokal,2,"16,400"
2025-09-05,Gula Pasir Lokal,2,"16,400"
2025-09-08,Gula Pasir Lokal,2,"16,400"
2025-09-09,Gula Pasir Lokal,2,"16,400"
2025-09-10,Gula Pasir Lokal,2,"16,400"
2025-09-11,Gula Pasir Lokal,2,"16,400"
2025-09-12,Gula Pasir Lokal,2,"16,400"
2025-09-15,Gula Pasir Lokal,2,"16,400"
2025-09-16,Gula Pasir Lokal,2,"16,400"
2025-09-17,Gula Pasir Lokal,2,"16,400"
2025-09-18,Gula Pasir Lokal,2,"16,350"
2025-09-19,Gula Pasir Lokal,2,"16,350"
2025-09-22,Gula Pasir Lokal,2,"16,350"
2025-09-23,Gula Pasir Lokal,2,"16,350"
2025-09-24,Gula Pasir Lokal,2,"16,350"
2025-09-25,Gula Pasir Lokal,2,"16,300"
2025-09-26,Gula Pasir Lokal,2,"16,300"
2025-09-29,Gula Pasir Lokal,2,"16,300"
2025-09-30,Gula Pasir Lokal,2,"16,300"
2025-10-01,Beras,1,"14,900"
2025-10-02,Beras,1,"14,900"
2025-10-03,Beras,1,"14,900"
2025-10-06,Beras,1,"14,900"
2025-10-07,Beras,1,"14,900"
2025-10-08,Beras,1,"14,900"
2025-10-09,Beras,1,"14,900"
2025-10-10,Beras,1,"14,900"
2025-10-13,Beras,1,"14,900"
2025-10-14,Beras,1,"14,900"
2025-10-15,Beras,1,"14,900"
2025-10-16,Beras,1,"14,900"
2025-10-17,Beras,1,"14,900"
2025-10-20,Beras,1,"14,900"
2025-10-21,Beras,1,"14,900"
2025-10-22,Beras,1,"14,900"
2025-10-23,Beras,1,"14,900"
2025-10-24,Beras,1,"14,900"
2025-10-27,Beras,1,"14,900"
2025-10-28,Beras,1,"14,900"
2025-10-29,Beras,1,"14,900"
2025-10-30,Beras,1,"14,850"
2025-10-31,Beras,1,"14,850"
2025-10-01,Beras Kualitas Bawah I,2,"13,800"
2025-10-02,Beras Kualitas Bawah I,2,"13,750"
2025-10-03,Beras Kualitas Bawah I,2,"13,750"
2025-10-06,Beras Kualitas Bawah I,2,"13,750"
2025-10-07,Beras Kualitas Bawah I,2,"13,750"
2025-10-08,Beras Kualitas Bawah I,2,"13,750"
2025-10-09,Beras Kualitas Bawah I,2,"13,750"
2025-10-10,Beras Kualitas Bawah I,2,"13,750"
2025-10-13,Beras Kualitas Bawah I,2,"13,750"
2025-10-14,Beras Kualitas Bawah I,2,"13,750"
2025-10-15,Beras Kualitas Bawah I,2,"13,750"
2025-10-16,Beras Kualitas Bawah I,2,"13,800"
2025-10-17,Beras Kualitas Bawah I,2,"13,750"
2025-10-20,Beras Kualitas Bawah I,2,"13,750"
2025-10-21,Beras Kualitas Bawah I,2,"13,750"
2025-10-22,Beras Kualitas Bawah I,2,"13,750"
2025-10-23,Beras Kualitas Bawah I,2,"13,800"
2025-10-24,Beras Kualitas Bawah I,2,"13,800"
2025-10-27,Beras Kualitas Bawah I,2,"13,800"
2025-10-28,Beras Kualitas Bawah I,2,"13,800"
2025-10-29,Beras Kualitas Bawah I,2,"13,800"
2025-10-30,Beras Kualitas Bawah I,2,"13,750"
2025-10-31,Beras Kualitas Bawah I,2,"13,750"
2025-10-01,Beras Kualitas Bawah II,2,"13,550"
2025-10-02,Beras Kualitas Bawah II,2,"13,550"
2025-10-03,Beras Kualitas Bawah II,2,"13,550"
2025-10-06,Beras Kualitas Bawah II,2,"13,550"
2025-10-07,Beras Kualitas Bawah II,2,"13,550"
2025-10-08,Beras Kualitas Bawah II,2,"13,550"
2025-10-09,Beras Kualitas Bawah II,2,"13,500"
2025-10-10,Beras Kualitas Bawah II,2,"13,500"
2025-10-13,Beras Kualitas Bawah II,2,"13,500"
2025-10-14,Beras Kualitas Bawah II,2,"13,500"
2025-10-15,Beras Kualitas Bawah II,2,"13,500"
2025-10-16,Beras Kualitas Bawah II,2,"13,500"
2025-10-17,Beras Kualitas Bawah II,2,"13,500"
2025-10-20,Beras Kualitas Bawah II,2,"13,500"
2025-10-21,Beras Kualitas Bawah II,2,"13,500"
2025-10-22,Beras Kualitas Bawah II,2,"13,500"
2025-10-23,Beras Kualitas Bawah II,2,"13,500"
2025-10-24,Beras Kualitas Bawah II,2,"13,500"
2025-10-27,Beras Kualitas Bawah II,2,"13,500"
2025-10-28,Beras Kualitas Bawah II,2,"13,500"
2025-10-29,Beras Kualitas Bawah II,2,"13,500"
2025-10-30,Beras Kualitas Bawah II,2,"13,450"
2025-10-31,Beras Kualitas Bawah II,2,"13,450"
2025-10-01,Beras Kualitas Medium I,2,"15,000"
2025-10-02,Beras Kualitas Medium I,2,"15,000"
2025-10-03,Beras Kualitas Medium I,2,"15,000"
2025-10-06,Beras Kualitas Medium I,2,"15,000"
2025-10-07,Beras Kualitas Medium I,2,"15,000"
2025-10-08,Beras Kualitas Medium I,2,"15,000"
2025-10-09,Beras Kualitas Medium I,2,"14,950"
2025-10-10,Beras Kualitas Medium I,2,"14,950"
2025-10-13,Beras Kualitas Medium I,2,"14,950"
2025-10-14,Beras Kualitas Medium I,2,"14,950"
2025-10-15,Beras Kualitas Medium I,2,"14,950"
2025-10-16,Beras Kualitas Medium I,2,"14,950"
2025-10-17,Beras Kualitas Medium I,2,"14,950"
2025-10-20,Beras Kualitas Medium I,2,"14,950"
2025-10-21,Beras Kualitas Medium I,2,"14,950"
2025-10-22,Beras Kualitas Medium I,2,"14,950"
2025-10-23,Beras Kualitas Medium I,2,"14,950"
2025-10-24,Beras Kualitas Medium I,2,"14,950"
2025-10-27,Beras Kualitas Medium I,2,"14,950"
2025-10-28,Beras Kualitas Medium I,2,"14,950"
2025-10-29,Beras Kualitas Medium I,2,"14,950"
2025-10-30,Beras Kualitas Medium I,2,"14,900"
2025-10-31,Beras Kualitas Medium I,2,"14,900"
2025-10-01,Beras Kualitas Medium II,2,"14,750"
2025-10-02,Beras Kualitas Medium II,2,"14,750"
2025-10-03,Beras Kualitas Medium II,2,"14,750"
2025-10-06,Beras Kualitas Medium II,2,"14,750"
2025-10-07,Beras Kualitas Medium II,2,"14,750"
2025-10-08,Beras Kualitas Medium II,2,"14,750"
2025-10-09,Beras Kualitas Medium II,2,"14,800"
2025-10-10,Beras Kualitas Medium II,2,"14,800"
2025-10-13,Beras Kualitas Medium II,2,"14,800"
2025-10-14,Beras Kualitas Medium II,2,"14,800"
2025-10-15,Beras Kualitas Medium II,2,"14,800"
2025-10-16,Beras Kualitas Medium II,2,"14,800"
2025-10-17,Beras Kualitas Medium II,2,"14,800"
2025-10-20,Beras Kualitas Medium II,2,"14,800"
2025-10-21,Beras Kualitas Medium II,2,"14,800"
2025-10-22,Beras Kualitas Medium II,2,"14,800"
2025-10-23,Beras Kualitas Medium II,2,"14,800"
2025-10-24,Beras Kualitas Medium II,2,"14,800"
2025-10-27,Beras Kualitas Medium II,2,"14,800"
2025-10-28,Beras Kualitas Medium II,2,"14,800"
2025-10-29,Beras Kualitas Medium II,2,"14,800"
2025-10-30,Beras Kualitas Medium II,2,"14,750"
2025-10-31,Beras Kualitas Medium II,2,"14,750"
2025-10-01,Beras Kualitas Super I,2,"16,150"
2025-10-02,Beras Kualitas Super I,2,"16,150"
2025-10-03,Beras Kualitas Super I,2,"16,150"
2025-10-06,Beras Kualitas Super I,2,"16,150"
2025-10-07,Beras Kualitas Super I,2,"16,150"
2025-10-08,Beras Kualitas Super I,2,"16,150"
2025-10-09,Beras Kualitas Super I,2,"16,150"
2025-10-10,Beras Kualitas Super I,2,"16,150"
2025-10-13,Beras Kualitas Super I,2,"16,150"
2025-10-14,Beras Kualitas Super I,2,"16,150"
2025-10-15,Beras Kualitas Super I,2,"16,150"
2025-10-16,Beras Kualitas Super I,2,"16,150"
2025-10-17,Beras Kualitas Super I,2,"16,150"
2025-10-20,Beras Kualitas Super I,2,"16,150"
2025-10-21,Beras Kualitas Super I,2,"16,150"
2025-10-22,Beras Kualitas Super I,2,"16,150"
2025-10-23,Beras Kualitas Super I,2,"16,150"
2025-10-24,Beras Kualitas Super I,2,"16,150"
2025-10-27,Beras Kualitas Super I,2,"16,150"
2025-10-28,Beras Kualitas Super I,2,"16,150"
2025-10-29,Beras Kualitas Super I,2,"16,150"
2025-10-30,Beras Kualitas Super I,2,"16,100"
2025-10-31,Beras Kualitas Super I,2,"16,100"
2025-10-01,Beras Kualitas Super II,2,"15,800"
2025-10-02,Beras Kualitas Super II,2,"15,800"
2025-10-03,Beras Kualitas Super II,2,"15,800"
2025-10-06,Beras Kualitas Super II,2,"15,800"
2025-10-07,Beras Kualitas Super II,2,"15,800"
2025-10-08,Beras Kualitas Super II,2,"15,800"
2025-10-09,Beras Kualitas Super II,2,"15,800"
2025-10-10,Beras Kualitas Super II,2,"15,800"
2025-10-13,Beras Kualitas Super II,2,"15,800"
2025-10-14,Beras Kualitas Super II,2,"15,800"
2025-10-15,Beras Kualitas Super II,2,"15,800"
2025-10-16,Beras Kualitas Super II,2,"15,800"
2025-10-17,Beras Kualitas Super II,2,"15,800"
2025-10-20,Beras Kualitas Super II,2,"15,800"
2025-10-21,Beras Kualitas Super II,2,"15,800"
2025-10-22,Beras Kualitas Super II,2,"15,800"
2025-10-23,Beras Kualitas Super II,2,"15,800"
2025-10-24,Beras Kualitas Super II,2,"15,800"
2025-10-27,Beras Kualitas Super II,2,"15,800"
2025-10-28,Beras Kualitas Super II,2,"15,800"
2025-10-29,Beras Kualitas Super II,2,"15,800"
2025-10-30,Beras Kualitas Super II,2,"15,750"
2025-10-31,Beras Kualitas Super II,2,"15,750"
2025-10-01,Daging Ayam,1,"32,850"
2025-10-02,Daging Ayam,1,"32,550"
2025-10-03,Daging Ayam,1,"32,550"
2025-10-06,Daging Ayam,1,"32,550"
2025-10-07,Daging Ayam,1,"32,550"
2025-10-08,Daging Ayam,1,"32,550"
2025-10-09,Daging Ayam,1,"32,450"
2025-10-10,Daging Ayam,1,"32,450"
2025-10-13,Daging Ayam,1,"32,450"
2025-10-14,Daging Ayam,1,"32,450"
2025-10-15,Daging Ayam,1,"32,450"
2025-10-16,Daging Ayam,1,"32,450"
2025-10-17,Daging Ayam,1,"32,450"
2025-10-20,Daging Ayam,1,"32,450"
2025-10-21,Daging Ayam,1,"32,450"
2025-10-22,Daging Ayam,1,"32,600"
2025-10-23,Daging Ayam,1,"32,850"
2025-10-24,Daging Ayam,1,"32,850"
2025-10-27,Daging Ayam,1,"32,850"
2025-10-28,Daging Ayam,1,"32,850"
2025-10-29,Daging Ayam,1,"32,800"
2025-10-30,Daging Ayam,1,"32,200"
2025-10-31,Daging Ayam,1,"32,200"
2025-10-01,Daging Ayam Ras Segar,2,"32,850"
2025-10-02,Daging Ayam Ras Segar,2,"32,550"
2025-10-03,Daging Ayam Ras Segar,2,"32,550"
2025-10-06,Daging Ayam Ras Segar,2,"32,550"
2025-10-07,Daging Ayam Ras Segar,2,"32,550"
2025-10-08,Daging Ayam Ras Segar,2,"32,550"
2025-10-09,Daging Ayam Ras Segar,2,"32,450"
2025-10-10,Daging Ayam Ras Segar,2,"32,450"
2025-10-13,Daging Ayam Ras Segar,2,"32,450"
2025-10-14,Daging Ayam Ras Segar,2,"32,450"
2025-10-15,Daging Ayam Ras Segar,2,"32,450"
2025-10-16,Daging Ayam Ras Segar,2,"32,450"
2025-10-17,Daging Ayam Ras Segar,2,"32,450"
2025-10-20,Daging Ayam Ras Segar,2,"32,450"
2025-10-21,Daging Ayam Ras Segar,2,"32,450"
2025-10-22,Daging Ayam Ras Segar,2,"32,600"
2025-10-23,Daging Ayam Ras Segar,2,"32,850"
2025-10-24,Daging Ayam Ras Segar,2,"32,850"
2025-10-27,Daging Ayam Ras Segar,2,"32,850"
2025-10-28,Daging Ayam Ras Segar,2,"32,850"
2025-10-29,Daging Ayam Ras Segar,2,"32,800"
2025-10-30,Daging Ayam Ras Segar,2,"32,200"
2025-10-31,Daging Ayam Ras Segar,2,"32,200"
2025-10-01,Daging Sapi,1,"128,250"
2025-10-02,Daging Sapi,1,"128,600"
2025-10-03,Daging Sapi,1,"128,600"
2025-10-06,Daging Sapi,1,"128,600"
2025-10-07,Daging Sapi,1,"128,600"
2025-10-08,Daging Sapi,1,"128,600"
2025-10-09,Daging Sapi,1,"128,650"
2025-10-10,Daging Sapi,1,"128,650"
2025-10-13,Daging Sapi,1,"128,650"
2025-10-14,Daging Sapi,1,"128,650"
2025-10-15,Daging Sapi,1,"128,650"
2025-10-16,Daging Sapi,1,"128,600"
2025-10-17,Daging Sapi,1,"128,600"
2025-10-20,Daging Sapi,1,"128,600"
2025-10-21,Daging Sapi,1,"128,600"
2025-10-22,Daging Sapi,1,"128,600"
2025-10-23,Daging Sapi,1,"128,700"
2025-10-24,Daging Sapi,1,"128,700"
2025-10-27,Daging Sapi,1,"128,700"
2025-10-28,Daging Sapi,1,"128,700"
2025-10-29,Daging Sapi,1,"128,700"
2025-10-30,Daging Sapi,1,"128,750"
2025-10-31,Daging Sapi,1,"128,750"
2025-10-01,Daging Sapi Kualitas 1,2,"130,700"
2025-10-02,Daging Sapi Kualitas 1,2,"131,100"
2025-10-03,Daging Sapi Kualitas 1,2,"131,100"
2025-10-06,Daging Sapi Kualitas 1,2,"131,100"
2025-10-07,Daging Sapi Kualitas 1,2,"131,100"
2025-10-08,Daging Sapi Kualitas 1,2,"131,100"
2025-10-09,Daging Sapi Kualitas 1,2,"131,200"
2025-10-10,Daging Sapi Kualitas 1,2,"131,200"
2025-10-13,Daging Sapi Kualitas 1,2,"131,200"
2025-10-14,Daging Sapi Kualitas 1,2,"131,200"
2025-10-15,Daging Sapi Kualitas 1,2,"131,200"
2025-10-16,Daging Sapi Kualitas 1,2,"131,200"
2025-10-17,Daging Sapi Kualitas 1,2,"131,200"
2025-10-20,Daging Sapi Kualitas 1,2,"131,200"
2025-10-21,Daging Sapi Kualitas 1,2,"131,200"
2025-10-22,Daging Sapi Kualitas 1,2,"131,200"
2025-10-23,Daging Sapi Kualitas 1,2,"131,200"
2025-10-24,Daging Sapi Kualitas 1,2,"131,200"
2025-10-27,Daging Sapi Kualitas 1,2,"131,200"
2025-10-28,Daging Sapi Kualitas 1,2,"131,200"
2025-10-29,Daging Sapi Kualitas 1,2,"131,200"
2025-10-30,Daging Sapi Kualitas 1,2,"131,350"
2025-10-31,Daging Sapi Kualitas 1,2,"131,350"
2025-10-01,Daging Sapi Kualitas 2,2,"125,950"
2025-10-02,Daging Sapi Kualitas 2,2,"126,200"
2025-10-03,Daging Sapi Kualitas 2,2,"126,200"
2025-10-06,Daging Sapi Kualitas 2,2,"126,200"
2025-10-07,Daging Sapi Kualitas 2,2,"126,200"
2025-10-08,Daging Sapi Kualitas 2,2,"126,200"
2025-10-09,Daging Sapi Kualitas 2,2,"126,400"
2025-10-10,Daging Sapi Kualitas 2,2,"126,400"
2025-10-13,Daging Sapi Kualitas 2,2,"126,400"
2025-10-14,Daging Sapi Kualitas 2,2,"126,400"
2025-10-15,Daging Sapi Kualitas 2,2,"126,400"
2025-10-16,Daging Sapi Kualitas 2,2,"126,250"
2025-10-17,Daging Sapi Kualitas 2,2,"126,250"
2025-10-20,Daging Sapi Kualitas 2,2,"126,250"
2025-10-21,Daging Sapi Kualitas 2,2,"126,250"
2025-10-22,Daging Sapi Kualitas 2,2,"126,250"
2025-10-23,Daging Sapi Kualitas 2,2,"126,400"
2025-10-24,Daging Sapi Kualitas 2,2,"126,400"
2025-10-27,Daging Sapi Kualitas 2,2,"126,400"
2025-10-28,Daging Sapi Kualitas 2,2,"126,400"
2025-10-29,Daging Sapi Kualitas 2,2,"126,400"
2025-10-30,Daging Sapi Kualitas 2,2,"126,350"
2025-10-31,Daging Sapi Kualitas 2,2,"126,350"
2025-10-01,Telur Ayam,1,"28,050"
2025-10-02,Telur Ayam,1,"28,300"
2025-10-03,Telur Ayam,1,"28,250"
2025-10-06,Telur Ayam,1,"28,250"
2025-10-07,Telur Ayam,1,"28,250"
2025-10-08,Telur Ayam,1,"28,250"
2025-10-09,Telur Ayam,1,"28,550"
2025-10-10,Telur Ayam,1,"28,550"
2025-10-13,Telur Ayam,1,"28,550"
2025-10-14,Telur Ayam,1,"28,550"
2025-10-15,Telur Ayam,1,"28,550"
2025-10-16,Telur Ayam,1,"28,900"
2025-10-17,Telur Ayam,1,"28,900"
2025-10-20,Telur Ayam,1,"28,900"
2025-10-21,Telur Ayam,1,"28,900"
2025-10-22,Telur Ayam,1,"28,900"
2025-10-23,Telur Ayam,1,"29,000"
2025-10-24,Telur Ayam,1,"28,950"
2025-10-27,Telur Ayam,1,"28,950"
2025-10-28,Telur Ayam,1,"28,950"
2025-10-29,Telur Ayam,1,"28,950"
2025-10-30,Telur Ayam,1,"28,900"
2025-10-31,Telur Ayam,1,"28,900"
2025-10-01,Telur Ayam Ras Segar,2,"28,050"
2025-10-02,Telur Ayam Ras Segar,2,"28,300"
2025-10-03,Telur Ayam Ras Segar,2,"28,250"
2025-10-06,Telur Ayam Ras Segar,2,"28,250"
2025-10-07,Telur Ayam Ras Segar,2,"28,250"
2025-10-08,Telur Ayam Ras Segar,2,"28,250"
2025-10-09,Telur Ayam Ras Segar,2,"28,550"
2025-10-10,Telur Ayam Ras Segar,2,"28,550"
2025-10-13,Telur Ayam Ras Segar,2,"28,550"
2025-10-14,Telur Ayam Ras Segar,2,"28,550"
2025-10-15,Telur Ayam Ras Segar,2,"28,550"
2025-10-16,Telur Ayam Ras Segar,2,"28,900"
2025-10-17,Telur Ayam Ras Segar,2,"28,900"
2025-10-20,Telur Ayam Ras Segar,2,"28,900"
2025-10-21,Telur Ayam Ras Segar,2,"28,900"
2025-10-22,Telur Ayam Ras Segar,2,"28,900"
2025-10-23,Telur Ayam Ras Segar,2,"29,000"
2025-10-24,Telur Ayam Ras Segar,2,"28,950"
2025-10-27,Telur Ayam Ras Segar,2,"28,950"
2025-10-28,Telur Ayam Ras Segar,2,"28,950"
2025-10-29,Telur Ayam Ras Segar,2,"28,950"
2025-10-30,Telur Ayam Ras Segar,2,"28,900"
2025-10-31,Telur Ayam Ras Segar,2,"28,900"
2025-10-01,Bawang Merah,1,"33,400"
2025-10-02,Bawang Merah,1,"32,050"
2025-10-03,Bawang Merah,1,"32,050"
2025-10-06,Bawang Merah,1,"32,050"
2025-10-07,Bawang Merah,1,"32,050"
2025-10-08,Bawang Merah,1,"32,100"
2025-10-09,Bawang Merah,1,"33,200"
2025-10-10,Bawang Merah,1,"33,200"
2025-10-13,Bawang Merah,1,"33,200"
2025-10-14,Bawang Merah,1,"33,200"
2025-10-15,Bawang Merah,1,"33,250"
2025-10-16,Bawang Merah,1,"33,950"
2025-10-17,Bawang Merah,1,"33,950"
2025-10-20,Bawang Merah,1,"33,950"
2025-10-21,Bawang Merah,1,"33,950"
2025-10-22,Bawang Merah,1,"33,950"
2025-10-23,Bawang Merah,1,"33,800"
2025-10-24,Bawang Merah,1,"33,800"
2025-10-27,Bawang Merah,1,"33,800"
2025-10-28,Bawang Merah,1,"33,800"
2025-10-29,Bawang Merah,1,"33,750"
2025-10-30,Bawang Merah,1,"33,400"
2025-10-31,Bawang Merah,1,"33,450"
2025-10-01,Bawang Merah Ukuran Sedang,2,"33,400"
2025-10-02,Bawang Merah Ukuran Sedang,2,"32,050"
2025-10-03,Bawang Merah Ukuran Sedang,2,"32,050"
2025-10-06,Bawang Merah Ukuran Sedang,2,"32,050"
2025-10-07,Bawang Merah Ukuran Sedang,2,"32,050"
2025-10-08,Bawang Merah Ukuran Sedang,2,"32,100"
2025-10-09,Bawang Merah Ukuran Sedang,2,"33,200"
2025-10-10,Bawang Merah Ukuran Sedang,2,"33,200"
2025-10-13,Bawang Merah Ukuran Sedang,2,"33,200"
2025-10-14,Bawang Merah Ukuran Sedang,2,"33,200"
2025-10-15,Bawang Merah Ukuran Sedang,2,"33,250"
2025-10-16,Bawang Merah Ukuran Sedang,2,"33,950"
2025-10-17,Bawang Merah Ukuran Sedang,2,"33,950"
2025-10-20,Bawang Merah Ukuran Sedang,2,"33,950"
2025-10-21,Bawang Merah Ukuran Sedang,2,"33,950"
2025-10-22,Bawang Merah Ukuran Sedang,2,"33,950"
2025-10-23,Bawang Merah Ukuran Sedang,2,"33,800"
2025-10-24,Bawang Merah Ukuran Sedang,2,"33,800"
2025-10-27,Bawang Merah Ukuran Sedang,2,"33,800"
2025-10-28,Bawang Merah Ukuran Sedang,2,"33,800"
2025-10-29,Bawang Merah Ukuran Sedang,2,"33,750"
2025-10-30,Bawang Merah Ukuran Sedang,2,"33,400"
2025-10-31,Bawang Merah Ukuran Sedang,2,"33,450"
2025-10-01,Bawang Putih,1,"31,000"
2025-10-02,Bawang Putih,1,"30,900"
2025-10-03,Bawang Putih,1,"30,900"
2025-10-06,Bawang Putih,1,"30,900"
2025-10-07,Bawang Putih,1,"30,900"
2025-10-08,Bawang Putih,1,"30,950"
2025-10-09,Bawang Putih,1,"30,800"
2025-10-10,Bawang Putih,1,"30,800"
2025-10-13,Bawang Putih,1,"30,800"
2025-10-14,Bawang Putih,1,"30,800"
2025-10-15,Bawang Putih,1,"30,800"
2025-10-16,Bawang Putih,1,"30,850"
2025-10-17,Bawang Putih,1,"30,850"
2025-10-20,Bawang Putih,1,"30,850"
2025-10-21,Bawang Putih,1,"30,850"
2025-10-22,Bawang Putih,1,"30,850"
2025-10-23,Bawang Putih,1,"31,050"
2025-10-24,Bawang Putih,1,"31,050"
2025-10-27,Bawang Putih,1,"31,050"
2025-10-28,Bawang Putih,1,"31,050"
2025-10-29,Bawang Putih,1,"31,050"
2025-10-30,Bawang Putih,1,"31,100"
2025-10-31,Bawang Putih,1,"31,100"
2025-10-01,Bawang Putih Ukuran Sedang,2,"31,000"
2025-10-02,Bawang Putih Ukuran Sedang,2,"30,900"
2025-10-03,Bawang Putih Ukuran Sedang,2,"30,900"
2025-10-06,Bawang Putih Ukuran Sedang,2,"30,900"
2025-10-07,Bawang Putih Ukuran Sedang,2,"30,900"
2025-10-08,Bawang Putih Ukuran Sedang,2,"30,950"
2025-10-09,Bawang Putih Ukuran Sedang,2,"30,800"
2025-10-10,Bawang Putih Ukuran Sedang,2,"30,800"
2025-10-13,Bawang Putih Ukuran Sedang,2,"30,800"
2025-10-14,Bawang Putih Ukuran Sedang,2,"30,800"
2025-10-15,Bawang Putih Ukuran Sedang,2,"30,800"
2025-10-16,Bawang Putih Ukuran Sedang,2,"30,850"
2025-10-17,Bawang Putih Ukuran Sedang,2,"30,850"
2025-10-20,Bawang Putih Ukuran Sedang,2,"30,850"
2025-10-21,Bawang Putih Ukuran Sedang,2,"30,850"
2025-10-22,Bawang Putih Ukuran Sedang,2,"30,850"
2025-10-23,Bawang Putih Ukuran Sedang,2,"31,050"
2025-10-24,Bawang Putih Ukuran Sedang,2,"31,050"
2025-10-27,Bawang Putih Ukuran Sedang,2,"31,050"
2025-10-28,Bawang Putih Ukuran Sedang,2,"31,050"
2025-10-29,Bawang Putih Ukuran Sedang,2,"31,050"
2025-10-30,Bawang Putih Ukuran Sedang,2,"31,100"
2025-10-31,Bawang Putih Ukuran Sedang,2,"31,100"
2025-10-01,Cabai Merah,1,"47,900"
2025-10-02,Cabai Merah,1,"45,700"
2025-10-03,Cabai Merah,1,"45,700"
2025-10-06,Cabai Merah,1,"45,700"
2025-10-07,Cabai Merah,1,"45,700"
2025-10-08,Cabai Merah,1,"46,050"
2025-10-09,Cabai Merah,1,"47,950"
2025-10-10,Cabai Merah,1,"47,950"
2025-10-13,Cabai Merah,1,"47,950"
2025-10-14,Cabai Merah,1,"47,950"
2025-10-15,Cabai Merah,1,"47,650"
2025-10-16,Cabai Merah,1,"45,800"
2025-10-17,Cabai Merah,1,"45,800"
2025-10-20,Cabai Merah,1,"45,800"
2025-10-21,Cabai Merah,1,"45,800"
2025-10-22,Cabai Merah,1,"45,900"
2025-10-23,Cabai Merah,1,"45,000"
2025-10-24,Cabai Merah,1,"45,000"
2025-10-27,Cabai Merah,1,"45,000"
2025-10-28,Cabai Merah,1,"45,000"
2025-10-29,Cabai Merah,1,"45,050"
2025-10-30,Cabai Merah,1,"44,600"
2025-10-31,Cabai Merah,1,"44,600"
2025-10-01,Cabai Merah Besar,2,"45,550"
2025-10-02,Cabai Merah Besar,2,"44,500"
2025-10-03,Cabai Merah Besar,2,"44,500"
2025-10-06,Cabai Merah Besar,2,"44,500"
2025-10-07,Cabai Merah Besar,2,"44,500"
2025-10-08,Cabai Merah Besar,2,"44,850"
2025-10-09,Cabai Merah Besar,2,"46,200"
2025-10-10,Cabai Merah Besar,2,"46,200"
2025-10-13,Cabai Merah Besar,2,"46,200"
2025-10-14,Cabai Merah Besar,2,"46,200"
2025-10-15,Cabai Merah Besar,2,"45,800"
2025-10-16,Cabai Merah Besar,2,"44,750"
2025-10-17,Cabai Merah Besar,2,"44,750"
2025-10-20,Cabai Merah Besar,2,"44,750"
2025-10-21,Cabai Merah Besar,2,"44,750"
2025-10-22,Cabai Merah Besar,2,"44,800"
2025-10-23,Cabai Merah Besar,2,"44,400"
2025-10-24,Cabai Merah Besar,2,"44,400"
2025-10-27,Cabai Merah Besar,2,"44,400"
2025-10-28,Cabai Merah Besar,2,"44,400"
2025-10-29,Cabai Merah Besar,2,"44,600"
2025-10-30,Cabai Merah Besar,2,"45,350"
2025-10-31,Cabai Merah Besar,2,"45,350"
2025-10-01,Cabai Merah Keriting ,2,"49,200"
2025-10-02,Cabai Merah Keriting ,2,"46,000"
2025-10-03,Cabai Merah Keriting ,2,"46,000"
2025-10-06,Cabai Merah Keriting ,2,"46,000"
2025-10-07,Cabai Merah Keriting ,2,"46,000"
2025-10-08,Cabai Merah Keriting ,2,"46,350"
2025-10-09,Cabai Merah Keriting ,2,"48,700"
2025-10-10,Cabai Merah Keriting ,2,"48,700"
2025-10-13,Cabai Merah Keriting ,2,"48,700"
2025-10-14,Cabai Merah Keriting ,2,"48,700"
2025-10-15,Cabai Merah Keriting ,2,"48,300"
2025-10-16,Cabai Merah Keriting ,2,"46,000"
2025-10-17,Cabai Merah Keriting ,2,"46,000"
2025-10-20,Cabai Merah Keriting ,2,"46,000"
2025-10-21,Cabai Merah Keriting ,2,"46,000"
2025-10-22,Cabai Merah Keriting ,2,"46,150"
2025-10-23,Cabai Merah Keriting ,2,"44,700"
2025-10-24,Cabai Merah Keriting ,2,"44,700"
2025-10-27,Cabai Merah Keriting ,2,"44,700"
2025-10-28,Cabai Merah Keriting ,2,"44,700"
2025-10-29,Cabai Merah Keriting ,2,"44,700"
2025-10-30,Cabai Merah Keriting ,2,"43,550"
2025-10-31,Cabai Merah Keriting ,2,"43,550"
2025-10-01,Cabai Rawit,1,"38,000"
2025-10-02,Cabai Rawit,1,"36,750"
2025-10-03,Cabai Rawit,1,"36,750"
2025-10-06,Cabai Rawit,1,"36,750"
2025-10-07,Cabai Rawit,1,"36,750"
2025-10-08,Cabai Rawit,1,"36,900"
2025-10-09,Cabai Rawit,1,"36,500"
2025-10-10,Cabai Rawit,1,"36,500"
2025-10-13,Cabai Rawit,1,"36,500"
2025-10-14,Cabai Rawit,1,"36,500"
2025-10-15,Cabai Rawit,1,"36,400"
2025-10-16,Cabai Rawit,1,"34,250"
2025-10-17,Cabai Rawit,1,"34,250"
2025-10-20,Cabai Rawit,1,"34,250"
2025-10-21,Cabai Rawit,1,"34,250"
2025-10-22,Cabai Rawit,1,"34,150"
2025-10-23,Cabai Rawit,1,"30,950"
2025-10-24,Cabai Rawit,1,"30,950"
2025-10-27,Cabai Rawit,1,"30,950"
2025-10-28,Cabai Rawit,1,"30,950"
2025-10-29,Cabai Rawit,1,"30,900"
2025-10-30,Cabai Rawit,1,"29,700"
2025-10-31,Cabai Rawit,1,"29,700"
2025-10-01,Cabai Rawit Hijau,2,"36,350"
2025-10-02,Cabai Rawit Hijau,2,"34,550"
2025-10-03,Cabai Rawit Hijau,2,"34,550"
2025-10-06,Cabai Rawit Hijau,2,"34,550"
2025-10-07,Cabai Rawit Hijau,2,"34,550"
2025-10-08,Cabai Rawit Hijau,2,"34,800"
2025-10-09,Cabai Rawit Hijau,2,"33,450"
2025-10-10,Cabai Rawit Hijau,2,"33,450"
2025-10-13,Cabai Rawit Hijau,2,"33,450"
2025-10-14,Cabai Rawit Hijau,2,"33,450"
2025-10-15,Cabai Rawit Hijau,2,"33,450"
2025-10-16,Cabai Rawit Hijau,2,"32,900"
2025-10-17,Cabai Rawit Hijau,2,"32,900"
2025-10-20,Cabai Rawit Hijau,2,"32,900"
2025-10-21,Cabai Rawit Hijau,2,"32,900"
2025-10-22,Cabai Rawit Hijau,2,"32,750"
2025-10-23,Cabai Rawit Hijau,2,"30,850"
2025-10-24,Cabai Rawit Hijau,2,"30,850"
2025-10-27,Cabai Rawit Hijau,2,"30,850"
2025-10-28,Cabai Rawit Hijau,2,"30,850"
2025-10-29,Cabai Rawit Hijau,2,"30,750"
2025-10-30,Cabai Rawit Hijau,2,"29,450"
2025-10-31,Cabai Rawit Hijau,2,"29,450"
2025-10-01,Cabai Rawit Merah,2,"40,750"
2025-10-02,Cabai Rawit Merah,2,"39,600"
2025-10-03,Cabai Rawit Merah,2,"39,600"
2025-10-06,Cabai Rawit Merah,2,"39,600"
2025-10-07,Cabai Rawit Merah,2,"39,600"
2025-10-08,Cabai Rawit Merah,2,"39,700"
2025-10-09,Cabai Rawit Merah,2,"40,300"
2025-10-10,Cabai Rawit Merah,2,"40,300"
2025-10-13,Cabai Rawit Merah,2,"40,300"
2025-10-14,Cabai Rawit Merah,2,"40,300"
2025-10-15,Cabai Rawit Merah,2,"40,150"
2025-10-16,Cabai Rawit Merah,2,"36,250"
2025-10-17,Cabai Rawit Merah,2,"36,250"
2025-10-20,Cabai Rawit Merah,2,"36,250"
2025-10-21,Cabai Rawit Merah,2,"36,250"
2025-10-22,Cabai Rawit Merah,2,"36,250"
2025-10-23,Cabai Rawit Merah,2,"31,500"
2025-10-24,Cabai Rawit Merah,2,"31,500"
2025-10-27,Cabai Rawit Merah,2,"31,500"
2025-10-28,Cabai Rawit Merah,2,"31,500"
2025-10-29,Cabai Rawit Merah,2,"31,450"
2025-10-30,Cabai Rawit Merah,2,"30,250"
2025-10-31,Cabai Rawit Merah,2,"30,250"
2025-10-01,Minyak Goreng,1,"19,550"
2025-10-02,Minyak Goreng,1,"19,600"
2025-10-03,Minyak Goreng,1,"19,600"
2025-10-06,Minyak Goreng,1,"19,600"
2025-10-07,Minyak Goreng,1,"19,600"
2025-10-08,Minyak Goreng,1,"19,600"
2025-10-09,Minyak Goreng,1,"19,550"
2025-10-10,Minyak Goreng,1,"19,550"
2025-10-13,Minyak Goreng,1,"19,550"
2025-10-14,Minyak Goreng,1,"19,550"
2025-10-15,Minyak Goreng,1,"19,550"
2025-10-16,Minyak Goreng,1,"19,550"
2025-10-17,Minyak Goreng,1,"19,550"
2025-10-20,Minyak Goreng,1,"19,550"
2025-10-21,Minyak Goreng,1,"19,550"
2025-10-22,Minyak Goreng,1,"19,550"
2025-10-23,Minyak Goreng,1,"19,550"
2025-10-24,Minyak Goreng,1,"19,550"
2025-10-27,Minyak Goreng,1,"19,550"
2025-10-28,Minyak Goreng,1,"19,550"
2025-10-29,Minyak Goreng,1,"19,550"
2025-10-30,Minyak Goreng,1,"19,550"
2025-10-31,Minyak Goreng,1,"19,550"
2025-10-01,Minyak Goreng Curah,2,"17,450"
2025-10-02,Minyak Goreng Curah,2,"17,450"
2025-10-03,Minyak Goreng Curah,2,"17,450"
2025-10-06,Minyak Goreng Curah,2,"17,450"
2025-10-07,Minyak Goreng Curah,2,"17,450"
2025-10-08,Minyak Goreng Curah,2,"17,450"
2025-10-09,Minyak Goreng Curah,2,"17,450"
2025-10-10,Minyak Goreng Curah,2,"17,450"
2025-10-13,Minyak Goreng Curah,2,"17,450"
2025-10-14,Minyak Goreng Curah,2,"17,450"
2025-10-15,Minyak Goreng Curah,2,"17,450"
2025-10-16,Minyak Goreng Curah,2,"17,500"
2025-10-17,Minyak Goreng Curah,2,"17,500"
2025-10-20,Minyak Goreng Curah,2,"17,500"
2025-10-21,Minyak Goreng Curah,2,"17,500"
2025-10-22,Minyak Goreng Curah,2,"17,500"
2025-10-23,Minyak Goreng Curah,2,"17,500"
2025-10-24,Minyak Goreng Curah,2,"17,500"
2025-10-27,Minyak Goreng Curah,2,"17,500"
2025-10-28,Minyak Goreng Curah,2,"17,500"
2025-10-29,Minyak Goreng Curah,2,"17,500"
2025-10-30,Minyak Goreng Curah,2,"17,450"
2025-10-31,Minyak Goreng Curah,2,"17,450"
2025-10-01,Minyak Goreng Kemasan Bermerk 1,2,"20,450"
2025-10-02,Minyak Goreng Kemasan Bermerk 1,2,"20,550"
2025-10-03,Minyak Goreng Kemasan Bermerk 1,2,"20,550"
2025-10-06,Minyak Goreng Kemasan Bermerk 1,2,"20,550"
2025-10-07,Minyak Goreng Kemasan Bermerk 1,2,"20,550"
2025-10-08,Minyak Goreng Kemasan Bermerk 1,2,"20,550"
2025-10-09,Minyak Goreng Kemasan Bermerk 1,2,"20,500"
2025-10-10,Minyak Goreng Kemasan Bermerk 1,2,"20,500"
2025-10-13,Minyak Goreng Kemasan Bermerk 1,2,"20,500"
2025-10-14,Minyak Goreng Kemasan Bermerk 1,2,"20,500"
2025-10-15,Minyak Goreng Kemasan Bermerk 1,2,"20,500"
2025-10-16,Minyak Goreng Kemasan Bermerk 1,2,"20,450"
2025-10-17,Minyak Goreng Kemasan Bermerk 1,2,"20,450"
2025-10-20,Minyak Goreng Kemasan Bermerk 1,2,"20,450"
2025-10-21,Minyak Goreng Kemasan Bermerk 1,2,"20,450"
2025-10-22,Minyak Goreng Kemasan Bermerk 1,2,"20,450"
2025-10-23,Minyak Goreng Kemasan Bermerk 1,2,"20,450"
2025-10-24,Minyak Goreng Kemasan Bermerk 1,2,"20,450"
2025-10-27,Minyak Goreng Kemasan Bermerk 1,2,"20,450"
2025-10-28,Minyak Goreng Kemasan Bermerk 1,2,"20,450"
2025-10-29,Minyak Goreng Kemasan Bermerk 1,2,"20,450"
2025-10-30,Minyak Goreng Kemasan Bermerk 1,2,"20,450"
2025-10-31,Minyak Goreng Kemasan Bermerk 1,2,"20,450"
2025-10-01,Minyak Goreng Kemasan Bermerk 2,2,"20,000"
2025-10-02,Minyak Goreng Kemasan Bermerk 2,2,"20,000"
2025-10-03,Minyak Goreng Kemasan Bermerk 2,2,"20,000"
2025-10-06,Minyak Goreng Kemasan Bermerk 2,2,"20,000"
2025-10-07,Minyak Goreng Kemasan Bermerk 2,2,"20,000"
2025-10-08,Minyak Goreng Kemasan Bermerk 2,2,"20,000"
2025-10-09,Minyak Goreng Kemasan Bermerk 2,2,"20,000"
2025-10-10,Minyak Goreng Kemasan Bermerk 2,2,"20,000"
2025-10-13,Minyak Goreng Kemasan Bermerk 2,2,"20,000"
2025-10-14,Minyak Goreng Kemasan Bermerk 2,2,"20,000"
2025-10-15,Minyak Goreng Kemasan Bermerk 2,2,"20,000"
2025-10-16,Minyak Goreng Kemasan Bermerk 2,2,"19,950"
2025-10-17,Minyak Goreng Kemasan Bermerk 2,2,"19,950"
2025-10-20,Minyak Goreng Kemasan Bermerk 2,2,"19,950"
2025-10-21,Minyak Goreng Kemasan Bermerk 2,2,"19,950"
2025-10-22,Minyak Goreng Kemasan Bermerk 2,2,"19,950"
2025-10-23,Minyak Goreng Kemasan Bermerk 2,2,"19,950"
2025-10-24,Minyak Goreng Kemasan Bermerk 2,2,"19,950"
2025-10-27,Minyak Goreng Kemasan Bermerk 2,2,"19,950"
2025-10-28,Minyak Goreng Kemasan Bermerk 2,2,"19,950"
2025-10-29,Minyak Goreng Kemasan Bermerk 2,2,"19,950"
2025-10-30,Minyak Goreng Kemasan Bermerk 2,2,"19,950"
2025-10-31,Minyak Goreng Kemasan Bermerk 2,2,"19,950"
2025-10-01,Gula Pasir,1,"17,100"
2025-10-02,Gula Pasir,1,"17,050"
2025-10-03,Gula Pasir,1,"17,050"
2025-10-06,Gula Pasir,1,"17,050"
2025-10-07,Gula Pasir,1,"17,050"
2025-10-08,Gula Pasir,1,"17,050"
2025-10-09,Gula Pasir,1,"17,050"
2025-10-10,Gula Pasir,1,"17,050"
2025-10-13,Gula Pasir,1,"17,050"
2025-10-14,Gula Pasir,1,"17,050"
2025-10-15,Gula Pasir,1,"17,050"
2025-10-16,Gula Pasir,1,"17,100"
2025-10-17,Gula Pasir,1,"17,100"
2025-10-20,Gula Pasir,1,"17,100"
2025-10-21,Gula Pasir,1,"17,100"
2025-10-22,Gula Pasir,1,"17,100"
2025-10-23,Gula Pasir,1,"17,100"
2025-10-24,Gula Pasir,1,"17,100"
2025-10-27,Gula Pasir,1,"17,100"
2025-10-28,Gula Pasir,1,"17,100"
2025-10-29,Gula Pasir,1,"17,100"
2025-10-30,Gula Pasir,1,"17,100"
2025-10-31,Gula Pasir,1,"17,100"
2025-10-01,Gula Pasir Kualitas Premium,2,"18,200"
2025-10-02,Gula Pasir Kualitas Premium,2,"18,150"
2025-10-03,Gula Pasir Kualitas Premium,2,"18,150"
2025-10-06,Gula Pasir Kualitas Premium,2,"18,150"
2025-10-07,Gula Pasir Kualitas Premium,2,"18,150"
2025-10-08,Gula Pasir Kualitas Premium,2,"18,150"
2025-10-09,Gula Pasir Kualitas Premium,2,"18,200"
2025-10-10,Gula Pasir Kualitas Premium,2,"18,200"
2025-10-13,Gula Pasir Kualitas Premium,2,"18,200"
2025-10-14,Gula Pasir Kualitas Premium,2,"18,200"
2025-10-15,Gula Pasir Kualitas Premium,2,"18,200"
2025-10-16,Gula Pasir Kualitas Premium,2,"18,250"
2025-10-17,Gula Pasir Kualitas Premium,2,"18,250"
2025-10-20,Gula Pasir Kualitas Premium,2,"18,250"
2025-10-21,Gula Pasir Kualitas Premium,2,"18,250"
2025-10-22,Gula Pasir Kualitas Premium,2,"18,250"
2025-10-23,Gula Pasir Kualitas Premium,2,"18,250"
2025-10-24,Gula Pasir Kualitas Premium,2,"18,250"
2025-10-27,Gula Pasir Kualitas Premium,2,"18,250"
2025-10-28,Gula Pasir Kualitas Premium,2,"18,250"
2025-10-29,Gula Pasir Kualitas Premium,2,"18,250"
2025-10-30,Gula Pasir Kualitas Premium,2,"18,200"
2025-10-31,Gula Pasir Kualitas Premium,2,"18,200"
2025-10-01,Gula Pasir Lokal,2,"16,300"
2025-10-02,Gula Pasir Lokal,2,"16,300"
2025-10-03,Gula Pasir Lokal,2,"16,300"
2025-10-06,Gula Pasir Lokal,2,"16,300"
2025-10-07,Gula Pasir Lokal,2,"16,300"
2025-10-08,Gula Pasir Lokal,2,"16,300"
2025-10-09,Gula Pasir Lokal,2,"16,250"
2025-10-10,Gula Pasir Lokal,2,"16,250"
2025-10-13,Gula Pasir Lokal,2,"16,250"
2025-10-14,Gula Pasir Lokal,2,"16,250"
2025-10-15,Gula Pasir Lokal,2,"16,250"
2025-10-16,Gula Pasir Lokal,2,"16,300"
2025-10-17,Gula Pasir Lokal,2,"16,300"
2025-10-20,Gula Pasir Lokal,2,"16,300"
2025-10-21,Gula Pasir Lokal,2,"16,300"
2025-10-22,Gula Pasir Lokal,2,"16,300"
2025-10-23,Gula Pasir Lokal,2,"16,300"
2025-10-24,Gula Pasir Lokal,2,"16,300"
2025-10-27,Gula Pasir Lokal,2,"16,300"
2025-10-28,Gula Pasir Lokal,2,"16,300"
2025-10-29,Gula Pasir Lokal,2,"16,300"
2025-10-30,Gula Pasir Lokal,2,"16,350"
2025-10-31,Gula Pasir Lokal,2,"16,350"
2025-11-03,Beras,1,"14,850"
2025-11-04,Beras,1,"14,850"
2025-11-05,Beras,1,"14,850"
2025-11-06,Beras,1,"14,800"
2025-11-07,Beras,1,"14,800"
2025-11-10,Beras,1,"14,800"
2025-11-11,Beras,1,"14,800"
2025-11-12,Beras,1,"14,800"
2025-11-13,Beras,1,"14,800"
2025-11-14,Beras,1,"14,800"
2025-11-17,Beras,1,"14,800"
2025-11-18,Beras,1,"14,800"
2025-11-19,Beras,1,"14,800"
2025-11-20,Beras,1,"14,800"
2025-11-21,Beras,1,"14,800"
2025-11-24,Beras,1,"14,800"
2025-11-25,Beras,1,"14,800"
2025-11-26,Beras,1,"14,800"
2025-11-27,Beras,1,"14,800"
2025-11-28,Beras,1,"14,800"
2025-11-03,Beras Kualitas Bawah I,2,"13,750"
2025-11-04,Beras Kualitas Bawah I,2,"13,750"
2025-11-05,Beras Kualitas Bawah I,2,"13,750"
2025-11-06,Beras Kualitas Bawah I,2,"13,700"
2025-11-07,Beras Kualitas Bawah I,2,"13,700"
2025-11-10,Beras Kualitas Bawah I,2,"13,700"
2025-11-11,Beras Kualitas Bawah I,2,"13,700"
2025-11-12,Beras Kualitas Bawah I,2,"13,700"
2025-11-13,Beras Kualitas Bawah I,2,"13,700"
2025-11-14,Beras Kualitas Bawah I,2,"13,700"
2025-11-17,Beras Kualitas Bawah I,2,"13,700"
2025-11-18,Beras Kualitas Bawah I,2,"13,700"
2025-11-19,Beras Kualitas Bawah I,2,"13,700"
2025-11-20,Beras Kualitas Bawah I,2,"13,700"
2025-11-21,Beras Kualitas Bawah I,2,"13,700"
2025-11-24,Beras Kualitas Bawah I,2,"13,700"
2025-11-25,Beras Kualitas Bawah I,2,"13,700"
2025-11-26,Beras Kualitas Bawah I,2,"13,700"
2025-11-27,Beras Kualitas Bawah I,2,"13,650"
2025-11-28,Beras Kualitas Bawah I,2,"13,650"
2025-11-03,Beras Kualitas Bawah II,2,"13,450"
2025-11-04,Beras Kualitas Bawah II,2,"13,450"
2025-11-05,Beras Kualitas Bawah II,2,"13,450"
2025-11-06,Beras Kualitas Bawah II,2,"13,450"
2025-11-07,Beras Kualitas Bawah II,2,"13,450"
2025-11-10,Beras Kualitas Bawah II,2,"13,450"
2025-11-11,Beras Kualitas Bawah II,2,"13,450"
2025-11-12,Beras Kualitas Bawah II,2,"13,450"
2025-11-13,Beras Kualitas Bawah II,2,"13,450"
2025-11-14,Beras Kualitas Bawah II,2,"13,450"
2025-11-17,Beras Kualitas Bawah II,2,"13,450"
2025-11-18,Beras Kualitas Bawah II,2,"13,450"
2025-11-19,Beras Kualitas Bawah II,2,"13,450"
2025-11-20,Beras Kualitas Bawah II,2,"13,450"
2025-11-21,Beras Kualitas Bawah II,2,"13,450"
2025-11-24,Beras Kualitas Bawah II,2,"13,450"
2025-11-25,Beras Kualitas Bawah II,2,"13,450"
2025-11-26,Beras Kualitas Bawah II,2,"13,450"
2025-11-27,Beras Kualitas Bawah II,2,"13,500"
2025-11-28,Beras Kualitas Bawah II,2,"13,500"
2025-11-03,Beras Kualitas Medium I,2,"14,900"
2025-11-04,Beras Kualitas Medium I,2,"14,900"
2025-11-05,Beras Kualitas Medium I,2,"14,900"
2025-11-06,Beras Kualitas Medium I,2,"14,900"
2025-11-07,Beras Kualitas Medium I,2,"14,900"
2025-11-10,Beras Kualitas Medium I,2,"14,900"
2025-11-11,Beras Kualitas Medium I,2,"14,900"
2025-11-12,Beras Kualitas Medium I,2,"14,900"
2025-11-13,Beras Kualitas Medium I,2,"14,850"
2025-11-14,Beras Kualitas Medium I,2,"14,850"
2025-11-17,Beras Kualitas Medium I,2,"14,850"
2025-11-18,Beras Kualitas Medium I,2,"14,850"
2025-11-19,Beras Kualitas Medium I,2,"14,850"
2025-11-20,Beras Kualitas Medium I,2,"14,900"
2025-11-21,Beras Kualitas Medium I,2,"14,900"
2025-11-24,Beras Kualitas Medium I,2,"14,900"
2025-11-25,Beras Kualitas Medium I,2,"14,900"
2025-11-26,Beras Kualitas Medium I,2,"14,900"
2025-11-27,Beras Kualitas Medium I,2,"14,850"
2025-11-28,Beras Kualitas Medium I,2,"14,850"
2025-11-03,Beras Kualitas Medium II,2,"14,750"
2025-11-04,Beras Kualitas Medium II,2,"14,750"
2025-11-05,Beras Kualitas Medium II,2,"14,750"
2025-11-06,Beras Kualitas Medium II,2,"14,700"
2025-11-07,Beras Kualitas Medium II,2,"14,700"
2025-11-10,Beras Kualitas Medium II,2,"14,700"
2025-11-11,Beras Kualitas Medium II,2,"14,700"
2025-11-12,Beras Kualitas Medium II,2,"14,700"
2025-11-13,Beras Kualitas Medium II,2,"14,700"
2025-11-14,Beras Kualitas Medium II,2,"14,700"
2025-11-17,Beras Kualitas Medium II,2,"14,700"
2025-11-18,Beras Kualitas Medium II,2,"14,700"
2025-11-19,Beras Kualitas Medium II,2,"14,700"
2025-11-20,Beras Kualitas Medium II,2,"14,700"
2025-11-21,Beras Kualitas Medium II,2,"14,700"
2025-11-24,Beras Kualitas Medium II,2,"14,700"
2025-11-25,Beras Kualitas Medium II,2,"14,700"
2025-11-26,Beras Kualitas Medium II,2,"14,700"
2025-11-27,Beras Kualitas Medium II,2,"14,700"
2025-11-28,Beras Kualitas Medium II,2,"14,700"
2025-11-03,Beras Kualitas Super I,2,"16,100"
2025-11-04,Beras Kualitas Super I,2,"16,100"
2025-11-05,Beras Kualitas Super I,2,"16,100"
2025-11-06,Beras Kualitas Super I,2,"16,050"
2025-11-07,Beras Kualitas Super I,2,"16,050"
2025-11-10,Beras Kualitas Super I,2,"16,050"
2025-11-11,Beras Kualitas Super I,2,"16,050"
2025-11-12,Beras Kualitas Super I,2,"16,050"
2025-11-13,Beras Kualitas Super I,2,"16,050"
2025-11-14,Beras Kualitas Super I,2,"16,050"
2025-11-17,Beras Kualitas Super I,2,"16,050"
2025-11-18,Beras Kualitas Super I,2,"16,050"
2025-11-19,Beras Kualitas Super I,2,"16,050"
2025-11-20,Beras Kualitas Super I,2,"16,050"
2025-11-21,Beras Kualitas Super I,2,"16,050"
2025-11-24,Beras Kualitas Super I,2,"16,050"
2025-11-25,Beras Kualitas Super I,2,"16,050"
2025-11-26,Beras Kualitas Super I,2,"16,050"
2025-11-27,Beras Kualitas Super I,2,"16,050"
2025-11-28,Beras Kualitas Super I,2,"16,050"
2025-11-03,Beras Kualitas Super II,2,"15,750"
2025-11-04,Beras Kualitas Super II,2,"15,750"
2025-11-05,Beras Kualitas Super II,2,"15,750"
2025-11-06,Beras Kualitas Super II,2,"15,700"
2025-11-07,Beras Kualitas Super II,2,"15,700"
2025-11-10,Beras Kualitas Super II,2,"15,700"
2025-11-11,Beras Kualitas Super II,2,"15,700"
2025-11-12,Beras Kualitas Super II,2,"15,700"
2025-11-13,Beras Kualitas Super II,2,"15,700"
2025-11-14,Beras Kualitas Super II,2,"15,700"
2025-11-17,Beras Kualitas Super II,2,"15,700"
2025-11-18,Beras Kualitas Super II,2,"15,700"
2025-11-19,Beras Kualitas Super II,2,"15,700"
2025-11-20,Beras Kualitas Super II,2,"15,700"
2025-11-21,Beras Kualitas Super II,2,"15,700"
2025-11-24,Beras Kualitas Super II,2,"15,700"
2025-11-25,Beras Kualitas Super II,2,"15,700"
2025-11-26,Beras Kualitas Super II,2,"15,700"
2025-11-27,Beras Kualitas Super II,2,"15,700"
2025-11-28,Beras Kualitas Super II,2,"15,700"
2025-11-03,Daging Ayam,1,"32,200"
2025-11-04,Daging Ayam,1,"32,200"
2025-11-05,Daging Ayam,1,"32,150"
2025-11-06,Daging Ayam,1,"31,650"
2025-11-07,Daging Ayam,1,"31,650"
2025-11-10,Daging Ayam,1,"31,650"
2025-11-11,Daging Ayam,1,"31,650"
2025-11-12,Daging Ayam,1,"31,600"
2025-11-13,Daging Ayam,1,"31,750"
2025-11-14,Daging Ayam,1,"31,750"
2025-11-17,Daging Ayam,1,"31,750"
2025-11-18,Daging Ayam,1,"31,750"
2025-11-19,Daging Ayam,1,"32,100"
2025-11-20,Daging Ayam,1,"33,400"
2025-11-21,Daging Ayam,1,"33,400"
2025-11-24,Daging Ayam,1,"33,400"
2025-11-25,Daging Ayam,1,"33,400"
2025-11-26,Daging Ayam,1,"33,250"
2025-11-27,Daging Ayam,1,"33,900"
2025-11-28,Daging Ayam,1,"33,900"
2025-11-03,Daging Ayam Ras Segar,2,"32,200"
2025-11-04,Daging Ayam Ras Segar,2,"32,200"
2025-11-05,Daging Ayam Ras Segar,2,"32,150"
2025-11-06,Daging Ayam Ras Segar,2,"31,650"
2025-11-07,Daging Ayam Ras Segar,2,"31,650"
2025-11-10,Daging Ayam Ras Segar,2,"31,650"
2025-11-11,Daging Ayam Ras Segar,2,"31,650"
2025-11-12,Daging Ayam Ras Segar,2,"31,600"
2025-11-13,Daging Ayam Ras Segar,2,"31,750"
2025-11-14,Daging Ayam Ras Segar,2,"31,750"
2025-11-17,Daging Ayam Ras Segar,2,"31,750"
2025-11-18,Daging Ayam Ras Segar,2,"31,750"
2025-11-19,Daging Ayam Ras Segar,2,"32,100"
2025-11-20,Daging Ayam Ras Segar,2,"33,400"
2025-11-21,Daging Ayam Ras Segar,2,"33,400"
2025-11-24,Daging Ayam Ras Segar,2,"33,400"
2025-11-25,Daging Ayam Ras Segar,2,"33,400"
2025-11-26,Daging Ayam Ras Segar,2,"33,250"
2025-11-27,Daging Ayam Ras Segar,2,"33,900"
2025-11-28,Daging Ayam Ras Segar,2,"33,900"
2025-11-03,Daging Sapi,1,"128,750"
2025-11-04,Daging Sapi,1,"128,750"
2025-11-05,Daging Sapi,1,"128,750"
2025-11-06,Daging Sapi,1,"128,800"
2025-11-07,Daging Sapi,1,"128,800"
2025-11-10,Daging Sapi,1,"128,800"
2025-11-11,Daging Sapi,1,"128,800"
2025-11-12,Daging Sapi,1,"128,800"
2025-11-13,Daging Sapi,1,"128,850"
2025-11-14,Daging Sapi,1,"128,850"
2025-11-17,Daging Sapi,1,"128,850"
2025-11-18,Daging Sapi,1,"128,850"
2025-11-19,Daging Sapi,1,"128,850"
2025-11-20,Daging Sapi,1,"129,050"
2025-11-21,Daging Sapi,1,"129,050"
2025-11-24,Daging Sapi,1,"129,050"
2025-11-25,Daging Sapi,1,"129,050"
2025-11-26,Daging Sapi,1,"129,050"
2025-11-27,Daging Sapi,1,"128,750"
2025-11-28,Daging Sapi,1,"128,750"
2025-11-03,Daging Sapi Kualitas 1,2,"131,350"
2025-11-04,Daging Sapi Kualitas 1,2,"131,350"
2025-11-05,Daging Sapi Kualitas 1,2,"131,350"
2025-11-06,Daging Sapi Kualitas 1,2,"131,400"
2025-11-07,Daging Sapi Kualitas 1,2,"131,400"
2025-11-10,Daging Sapi Kualitas 1,2,"131,400"
2025-11-11,Daging Sapi Kualitas 1,2,"131,400"
2025-11-12,Daging Sapi Kualitas 1,2,"131,400"
2025-11-13,Daging Sapi Kualitas 1,2,"131,500"
2025-11-14,Daging Sapi Kualitas 1,2,"131,500"
2025-11-17,Daging Sapi Kualitas 1,2,"131,500"
2025-11-18,Daging Sapi Kualitas 1,2,"131,500"
2025-11-19,Daging Sapi Kualitas 1,2,"131,500"
2025-11-20,Daging Sapi Kualitas 1,2,"131,650"
2025-11-21,Daging Sapi Kualitas 1,2,"131,650"
2025-11-24,Daging Sapi Kualitas 1,2,"131,650"
2025-11-25,Daging Sapi Kualitas 1,2,"131,650"
2025-11-26,Daging Sapi Kualitas 1,2,"131,650"
2025-11-27,Daging Sapi Kualitas 1,2,"131,350"
2025-11-28,Daging Sapi Kualitas 1,2,"131,350"
2025-11-03,Daging Sapi Kualitas 2,2,"126,350"
2025-11-04,Daging Sapi Kualitas 2,2,"126,350"
2025-11-05,Daging Sapi Kualitas 2,2,"126,350"
2025-11-06,Daging Sapi Kualitas 2,2,"126,550"
2025-11-07,Daging Sapi Kualitas 2,2,"126,550"
2025-11-10,Daging Sapi Kualitas 2,2,"126,550"
2025-11-11,Daging Sapi Kualitas 2,2,"126,550"
2025-11-12,Daging Sapi Kualitas 2,2,"126,550"
2025-11-13,Daging Sapi Kualitas 2,2,"126,450"
2025-11-14,Daging Sapi Kualitas 2,2,"126,450"
2025-11-17,Daging Sapi Kualitas 2,2,"126,450"
2025-11-18,Daging Sapi Kualitas 2,2,"126,450"
2025-11-19,Daging Sapi Kualitas 2,2,"126,450"
2025-11-20,Daging Sapi Kualitas 2,2,"126,650"
2025-11-21,Daging Sapi Kualitas 2,2,"126,650"
2025-11-24,Daging Sapi Kualitas 2,2,"126,650"
2025-11-25,Daging Sapi Kualitas 2,2,"126,650"
2025-11-26,Daging Sapi Kualitas 2,2,"126,650"
2025-11-27,Daging Sapi Kualitas 2,2,"126,300"
2025-11-28,Daging Sapi Kualitas 2,2,"126,300"
2025-11-03,Telur Ayam,1,"28,900"
2025-11-04,Telur Ayam,1,"28,900"
2025-11-05,Telur Ayam,1,"28,900"
2025-11-06,Telur Ayam,1,"28,700"
2025-11-07,Telur Ayam,1,"28,700"
2025-11-10,Telur Ayam,1,"28,700"
2025-11-11,Telur Ayam,1,"28,700"
2025-11-12,Telur Ayam,1,"28,700"
2025-11-13,Telur Ayam,1,"28,700"
2025-11-14,Telur Ayam,1,"28,700"
2025-11-17,Telur Ayam,1,"28,700"
2025-11-18,Telur Ayam,1,"28,700"
2025-11-19,Telur Ayam,1,"28,700"
2025-11-20,Telur Ayam,1,"28,750"
2025-11-21,Telur Ayam,1,"28,800"
2025-11-24,Telur Ayam,1,"28,800"
2025-11-25,Telur Ayam,1,"28,800"
2025-11-26,Telur Ayam,1,"28,800"
2025-11-27,Telur Ayam,1,"28,900"
2025-11-28,Telur Ayam,1,"28,900"
2025-11-03,Telur Ayam Ras Segar,2,"28,900"
2025-11-04,Telur Ayam Ras Segar,2,"28,900"
2025-11-05,Telur Ayam Ras Segar,2,"28,900"
2025-11-06,Telur Ayam Ras Segar,2,"28,700"
2025-11-07,Telur Ayam Ras Segar,2,"28,700"
2025-11-10,Telur Ayam Ras Segar,2,"28,700"
2025-11-11,Telur Ayam Ras Segar,2,"28,700"
2025-11-12,Telur Ayam Ras Segar,2,"28,700"
2025-11-13,Telur Ayam Ras Segar,2,"28,700"
2025-11-14,Telur Ayam Ras Segar,2,"28,700"
2025-11-17,Telur Ayam Ras Segar,2,"28,700"
2025-11-18,Telur Ayam Ras Segar,2,"28,700"
2025-11-19,Telur Ayam Ras Segar,2,"28,700"
2025-11-20,Telur Ayam Ras Segar,2,"28,750"
2025-11-21,Telur Ayam Ras Segar,2,"28,800"
2025-11-24,Telur Ayam Ras Segar,2,"28,800"
2025-11-25,Telur Ayam Ras Segar,2,"28,800"
2025-11-26,Telur Ayam Ras Segar,2,"28,800"
2025-11-27,Telur Ayam Ras Segar,2,"28,900"
2025-11-28,Telur Ayam Ras Segar,2,"28,900"
2025-11-03,Bawang Merah,1,"33,450"
2025-11-04,Bawang Merah,1,"33,450"
2025-11-05,Bawang Merah,1,"33,450"
2025-11-06,Bawang Merah,1,"33,100"
2025-11-07,Bawang Merah,1,"33,100"
2025-11-10,Bawang Merah,1,"33,100"
2025-11-11,Bawang Merah,1,"33,100"
2025-11-12,Bawang Merah,1,"33,100"
2025-11-13,Bawang Merah,1,"33,400"
2025-11-14,Bawang Merah,1,"33,400"
2025-11-17,Bawang Merah,1,"33,400"
2025-11-18,Bawang Merah,1,"33,400"
2025-11-19,Bawang Merah,1,"33,350"
2025-11-20,Bawang Merah,1,"34,250"
2025-11-21,Bawang Merah,1,"34,200"
2025-11-24,Bawang Merah,1,"34,200"
2025-11-25,Bawang Merah,1,"34,200"
2025-11-26,Bawang Merah,1,"34,300"
2025-11-27,Bawang Merah,1,"36,150"
2025-11-28,Bawang Merah,1,"36,150"
2025-11-03,Bawang Merah Ukuran Sedang,2,"33,450"
2025-11-04,Bawang Merah Ukuran Sedang,2,"33,450"
2025-11-05,Bawang Merah Ukuran Sedang,2,"33,450"
2025-11-06,Bawang Merah Ukuran Sedang,2,"33,100"
2025-11-07,Bawang Merah Ukuran Sedang,2,"33,100"
2025-11-10,Bawang Merah Ukuran Sedang,2,"33,100"
2025-11-11,Bawang Merah Ukuran Sedang,2,"33,100"
2025-11-12,Bawang Merah Ukuran Sedang,2,"33,100"
2025-11-13,Bawang Merah Ukuran Sedang,2,"33,400"
2025-11-14,Bawang Merah Ukuran Sedang,2,"33,400"
2025-11-17,Bawang Merah Ukuran Sedang,2,"33,400"
2025-11-18,Bawang Merah Ukuran Sedang,2,"33,400"
2025-11-19,Bawang Merah Ukuran Sedang,2,"33,350"
2025-11-20,Bawang Merah Ukuran Sedang,2,"34,250"
2025-11-21,Bawang Merah Ukuran Sedang,2,"34,200"
2025-11-24,Bawang Merah Ukuran Sedang,2,"34,200"
2025-11-25,Bawang Merah Ukuran Sedang,2,"34,200"
2025-11-26,Bawang Merah Ukuran Sedang,2,"34,300"
2025-11-27,Bawang Merah Ukuran Sedang,2,"36,150"
2025-11-28,Bawang Merah Ukuran Sedang,2,"36,150"
2025-11-03,Bawang Putih,1,"31,100"
2025-11-04,Bawang Putih,1,"31,100"
2025-11-05,Bawang Putih,1,"31,100"
2025-11-06,Bawang Putih,1,"30,500"
2025-11-07,Bawang Putih,1,"30,500"
2025-11-10,Bawang Putih,1,"30,500"
2025-11-11,Bawang Putih,1,"30,500"
2025-11-12,Bawang Putih,1,"30,500"
2025-11-13,Bawang Putih,1,"30,500"
2025-11-14,Bawang Putih,1,"30,500"
2025-11-17,Bawang Putih,1,"30,500"
2025-11-18,Bawang Putih,1,"30,500"
2025-11-19,Bawang Putih,1,"30,500"
2025-11-20,Bawang Putih,1,"30,500"
2025-11-21,Bawang Putih,1,"30,500"
2025-11-24,Bawang Putih,1,"30,500"
2025-11-25,Bawang Putih,1,"30,500"
2025-11-26,Bawang Putih,1,"30,550"
2025-11-27,Bawang Putih,1,"30,850"
2025-11-28,Bawang Putih,1,"30,850"
2025-11-03,Bawang Putih Ukuran Sedang,2,"31,100"
2025-11-04,Bawang Putih Ukuran Sedang,2,"31,100"
2025-11-05,Bawang Putih Ukuran Sedang,2,"31,100"
2025-11-06,Bawang Putih Ukuran Sedang,2,"30,500"
2025-11-07,Bawang Putih Ukuran Sedang,2,"30,500"
2025-11-10,Bawang Putih Ukuran Sedang,2,"30,500"
2025-11-11,Bawang Putih Ukuran Sedang,2,"30,500"
2025-11-12,Bawang Putih Ukuran Sedang,2,"30,500"
2025-11-13,Bawang Putih Ukuran Sedang,2,"30,500"
2025-11-14,Bawang Putih Ukuran Sedang,2,"30,500"
2025-11-17,Bawang Putih Ukuran Sedang,2,"30,500"
2025-11-18,Bawang Putih Ukuran Sedang,2,"30,500"
2025-11-19,Bawang Putih Ukuran Sedang,2,"30,500"
2025-11-20,Bawang Putih Ukuran Sedang,2,"30,500"
2025-11-21,Bawang Putih Ukuran Sedang,2,"30,500"
2025-11-24,Bawang Putih Ukuran Sedang,2,"30,500"
2025-11-25,Bawang Putih Ukuran Sedang,2,"30,500"
2025-11-26,Bawang Putih Ukuran Sedang,2,"30,550"
2025-11-27,Bawang Putih Ukuran Sedang,2,"30,850"
2025-11-28,Bawang Putih Ukuran Sedang,2,"30,850"
2025-11-03,Cabai Merah,1,"44,600"
2025-11-04,Cabai Merah,1,"44,600"
2025-11-05,Cabai Merah,1,"44,700"
2025-11-06,Cabai Merah,1,"44,850"
2025-11-07,Cabai Merah,1,"44,850"
2025-11-10,Cabai Merah,1,"44,850"
2025-11-11,Cabai Merah,1,"44,850"
2025-11-12,Cabai Merah,1,"44,900"
2025-11-13,Cabai Merah,1,"45,800"
2025-11-14,Cabai Merah,1,"45,800"
2025-11-17,Cabai Merah,1,"45,800"
2025-11-18,Cabai Merah,1,"45,800"
2025-11-19,Cabai Merah,1,"45,800"
2025-11-20,Cabai Merah,1,"46,200"
2025-11-21,Cabai Merah,1,"46,200"
2025-11-24,Cabai Merah,1,"46,200"
2025-11-25,Cabai Merah,1,"46,200"
2025-11-26,Cabai Merah,1,"46,200"
2025-11-27,Cabai Merah,1,"47,400"
2025-11-28,Cabai Merah,1,"47,400"
2025-11-03,Cabai Merah Besar,2,"45,350"
2025-11-04,Cabai Merah Besar,2,"45,350"
2025-11-05,Cabai Merah Besar,2,"45,450"
2025-11-06,Cabai Merah Besar,2,"45,450"
2025-11-07,Cabai Merah Besar,2,"45,450"
2025-11-10,Cabai Merah Besar,2,"45,450"
2025-11-11,Cabai Merah Besar,2,"45,450"
2025-11-12,Cabai Merah Besar,2,"45,650"
2025-11-13,Cabai Merah Besar,2,"48,900"
2025-11-14,Cabai Merah Besar,2,"48,900"
2025-11-17,Cabai Merah Besar,2,"48,900"
2025-11-18,Cabai Merah Besar,2,"48,900"
2025-11-19,Cabai Merah Besar,2,"48,700"
2025-11-20,Cabai Merah Besar,2,"47,700"
2025-11-21,Cabai Merah Besar,2,"47,700"
2025-11-24,Cabai Merah Besar,2,"47,700"
2025-11-25,Cabai Merah Besar,2,"47,700"
2025-11-26,Cabai Merah Besar,2,"47,550"
2025-11-27,Cabai Merah Besar,2,"48,650"
2025-11-28,Cabai Merah Besar,2,"48,650"
2025-11-03,Cabai Merah Keriting ,2,"43,550"
2025-11-04,Cabai Merah Keriting ,2,"43,550"
2025-11-05,Cabai Merah Keriting ,2,"43,650"
2025-11-06,Cabai Merah Keriting ,2,"44,100"
2025-11-07,Cabai Merah Keriting ,2,"44,100"
2025-11-10,Cabai Merah Keriting ,2,"44,100"
2025-11-11,Cabai Merah Keriting ,2,"44,100"
2025-11-12,Cabai Merah Keriting ,2,"44,000"
2025-11-13,Cabai Merah Keriting ,2,"43,750"
2025-11-14,Cabai Merah Keriting ,2,"43,750"
2025-11-17,Cabai Merah Keriting ,2,"43,750"
2025-11-18,Cabai Merah Keriting ,2,"43,750"
2025-11-19,Cabai Merah Keriting ,2,"43,800"
2025-11-20,Cabai Merah Keriting ,2,"45,150"
2025-11-21,Cabai Merah Keriting ,2,"45,150"
2025-11-24,Cabai Merah Keriting ,2,"45,150"
2025-11-25,Cabai Merah Keriting ,2,"45,150"
2025-11-26,Cabai Merah Keriting ,2,"45,200"
2025-11-27,Cabai Merah Keriting ,2,"46,500"
2025-11-28,Cabai Merah Keriting ,2,"46,500"
2025-11-03,Cabai Rawit,1,"29,700"
2025-11-04,Cabai Rawit,1,"29,700"
2025-11-05,Cabai Rawit,1,"29,750"
2025-11-06,Cabai Rawit,1,"29,950"
2025-11-07,Cabai Rawit,1,"29,950"
2025-11-10,Cabai Rawit,1,"29,950"
2025-11-11,Cabai Rawit,1,"29,950"
2025-11-12,Cabai Rawit,1,"29,950"
2025-11-13,Cabai Rawit,1,"31,050"
2025-11-14,Cabai Rawit,1,"31,050"
2025-11-17,Cabai Rawit,1,"31,050"
2025-11-18,Cabai Rawit,1,"31,050"
2025-11-19,Cabai Rawit,1,"31,200"
2025-11-20,Cabai Rawit,1,"35,650"
2025-11-21,Cabai Rawit,1,"35,650"
2025-11-24,Cabai Rawit,1,"35,650"
2025-11-25,Cabai Rawit,1,"35,650"
2025-11-26,Cabai Rawit,1,"35,700"
2025-11-27,Cabai Rawit,1,"37,950"
2025-11-28,Cabai Rawit,1,"38,200"
2025-11-03,Cabai Rawit Hijau,2,"29,450"
2025-11-04,Cabai Rawit Hijau,2,"29,450"
2025-11-05,Cabai Rawit Hijau,2,"29,550"
2025-11-06,Cabai Rawit Hijau,2,"29,800"
2025-11-07,Cabai Rawit Hijau,2,"29,800"
2025-11-10,Cabai Rawit Hijau,2,"29,800"
2025-11-11,Cabai Rawit Hijau,2,"29,800"
2025-11-12,Cabai Rawit Hijau,2,"29,850"
2025-11-13,Cabai Rawit Hijau,2,"31,500"
2025-11-14,Cabai Rawit Hijau,2,"31,500"
2025-11-17,Cabai Rawit Hijau,2,"31,500"
2025-11-18,Cabai Rawit Hijau,2,"31,500"
2025-11-19,Cabai Rawit Hijau,2,"31,500"
2025-11-20,Cabai Rawit Hijau,2,"33,700"
2025-11-21,Cabai Rawit Hijau,2,"33,700"
2025-11-24,Cabai Rawit Hijau,2,"33,700"
2025-11-25,Cabai Rawit Hijau,2,"33,700"
2025-11-26,Cabai Rawit Hijau,2,"33,800"
2025-11-27,Cabai Rawit Hijau,2,"36,200"
2025-11-28,Cabai Rawit Hijau,2,"36,400"
2025-11-03,Cabai Rawit Merah,2,"30,250"
2025-11-04,Cabai Rawit Merah,2,"30,250"
2025-11-05,Cabai Rawit Merah,2,"30,300"
2025-11-06,Cabai Rawit Merah,2,"30,350"
2025-11-07,Cabai Rawit Merah,2,"30,350"
2025-11-10,Cabai Rawit Merah,2,"30,350"
2025-11-11,Cabai Rawit Merah,2,"30,350"
2025-11-12,Cabai Rawit Merah,2,"30,250"
2025-11-13,Cabai Rawit Merah,2,"30,850"
2025-11-14,Cabai Rawit Merah,2,"30,850"
2025-11-17,Cabai Rawit Merah,2,"30,850"
2025-11-18,Cabai Rawit Merah,2,"30,850"
2025-11-19,Cabai Rawit Merah,2,"31,200"
2025-11-20,Cabai Rawit Merah,2,"37,800"
2025-11-21,Cabai Rawit Merah,2,"37,800"
2025-11-24,Cabai Rawit Merah,2,"37,800"
2025-11-25,Cabai Rawit Merah,2,"37,800"
2025-11-26,Cabai Rawit Merah,2,"37,900"
2025-11-27,Cabai Rawit Merah,2,"39,850"
2025-11-28,Cabai Rawit Merah,2,"39,850"
2025-11-03,Minyak Goreng,1,"19,550"
2025-11-04,Minyak Goreng,1,"19,550"
2025-11-05,Minyak Goreng,1,"19,550"
2025-11-06,Minyak Goreng,1,"19,550"
2025-11-07,Minyak Goreng,1,"19,550"
2025-11-10,Minyak Goreng,1,"19,550"
2025-11-11,Minyak Goreng,1,"19,550"
2025-11-12,Minyak Goreng,1,"19,550"
2025-11-13,Minyak Goreng,1,"19,500"
2025-11-14,Minyak Goreng,1,"19,500"
2025-11-17,Minyak Goreng,1,"19,500"
2025-11-18,Minyak Goreng,1,"19,500"
2025-11-19,Minyak Goreng,1,"19,500"
2025-11-20,Minyak Goreng,1,"19,500"
2025-11-21,Minyak Goreng,1,"19,500"
2025-11-24,Minyak Goreng,1,"19,500"
2025-11-25,Minyak Goreng,1,"19,500"
2025-11-26,Minyak Goreng,1,"19,500"
2025-11-27,Minyak Goreng,1,"19,500"
2025-11-28,Minyak Goreng,1,"19,500"
2025-11-03,Minyak Goreng Curah,2,"17,450"
2025-11-04,Minyak Goreng Curah,2,"17,450"
2025-11-05,Minyak Goreng Curah,2,"17,450"
2025-11-06,Minyak Goreng Curah,2,"17,450"
2025-11-07,Minyak Goreng Curah,2,"17,450"
2025-11-10,Minyak Goreng Curah,2,"17,450"
2025-11-11,Minyak Goreng Curah,2,"17,450"
2025-11-12,Minyak Goreng Curah,2,"17,450"
2025-11-13,Minyak Goreng Curah,2,"17,400"
2025-11-14,Minyak Goreng Curah,2,"17,400"
2025-11-17,Minyak Goreng Curah,2,"17,400"
2025-11-18,Minyak Goreng Curah,2,"17,400"
2025-11-19,Minyak Goreng Curah,2,"17,400"
2025-11-20,Minyak Goreng Curah,2,"17,450"
2025-11-21,Minyak Goreng Curah,2,"17,450"
2025-11-24,Minyak Goreng Curah,2,"17,450"
2025-11-25,Minyak Goreng Curah,2,"17,450"
2025-11-26,Minyak Goreng Curah,2,"17,450"
2025-11-27,Minyak Goreng Curah,2,"17,400"
2025-11-28,Minyak Goreng Curah,2,"17,400"
2025-11-03,Minyak Goreng Kemasan Bermerk 1,2,"20,450"
2025-11-04,Minyak Goreng Kemasan Bermerk 1,2,"20,450"
2025-11-05,Minyak Goreng Kemasan Bermerk 1,2,"20,450"
2025-11-06,Minyak Goreng Kemasan Bermerk 1,2,"20,450"
2025-11-07,Minyak Goreng Kemasan Bermerk 1,2,"20,450"
2025-11-10,Minyak Goreng Kemasan Bermerk 1,2,"20,450"
2025-11-11,Minyak Goreng Kemasan Bermerk 1,2,"20,450"
2025-11-12,Minyak Goreng Kemasan Bermerk 1,2,"20,450"
2025-11-13,Minyak Goreng Kemasan Bermerk 1,2,"20,400"
2025-11-14,Minyak Goreng Kemasan Bermerk 1,2,"20,400"
2025-11-17,Minyak Goreng Kemasan Bermerk 1,2,"20,400"
2025-11-18,Minyak Goreng Kemasan Bermerk 1,2,"20,400"
2025-11-19,Minyak Goreng Kemasan Bermerk 1,2,"20,400"
2025-11-20,Minyak Goreng Kemasan Bermerk 1,2,"20,400"
2025-11-21,Minyak Goreng Kemasan Bermerk 1,2,"20,400"
2025-11-24,Minyak Goreng Kemasan Bermerk 1,2,"20,400"
2025-11-25,Minyak Goreng Kemasan Bermerk 1,2,"20,400"
2025-11-26,Minyak Goreng Kemasan Bermerk 1,2,"20,400"
2025-11-27,Minyak Goreng Kemasan Bermerk 1,2,"20,400"
2025-11-28,Minyak Goreng Kemasan Bermerk 1,2,"20,400"
2025-11-03,Minyak Goreng Kemasan Bermerk 2,2,"19,950"
2025-11-04,Minyak Goreng Kemasan Bermerk 2,2,"19,950"
2025-11-05,Minyak Goreng Kemasan Bermerk 2,2,"19,950"
2025-11-06,Minyak Goreng Kemasan Bermerk 2,2,"19,950"
2025-11-07,Minyak Goreng Kemasan Bermerk 2,2,"19,950"
2025-11-10,Minyak Goreng Kemasan Bermerk 2,2,"19,950"
2025-11-11,Minyak Goreng Kemasan Bermerk 2,2,"19,950"
2025-11-12,Minyak Goreng Kemasan Bermerk 2,2,"19,950"
2025-11-13,Minyak Goreng Kemasan Bermerk 2,2,"19,950"
2025-11-14,Minyak Goreng Kemasan Bermerk 2,2,"19,950"
2025-11-17,Minyak Goreng Kemasan Bermerk 2,2,"19,950"
2025-11-18,Minyak Goreng Kemasan Bermerk 2,2,"19,950"
2025-11-19,Minyak Goreng Kemasan Bermerk 2,2,"20,000"
2025-11-20,Minyak Goreng Kemasan Bermerk 2,2,"19,950"
2025-11-21,Minyak Goreng Kemasan Bermerk 2,2,"19,950"
2025-11-24,Minyak Goreng Kemasan Bermerk 2,2,"19,950"
2025-11-25,Minyak Goreng Kemasan Bermerk 2,2,"19,950"
2025-11-26,Minyak Goreng Kemasan Bermerk 2,2,"19,950"
2025-11-27,Minyak Goreng Kemasan Bermerk 2,2,"19,950"
2025-11-28,Minyak Goreng Kemasan Bermerk 2,2,"19,950"
2025-11-03,Gula Pasir,1,"17,100"
2025-11-04,Gula Pasir,1,"17,100"
2025-11-05,Gula Pasir,1,"17,100"
2025-11-06,Gula Pasir,1,"17,100"
2025-11-07,Gula Pasir,1,"17,100"
2025-11-10,Gula Pasir,1,"17,100"
2025-11-11,Gula Pasir,1,"17,100"
2025-11-12,Gula Pasir,1,"17,100"
2025-11-13,Gula Pasir,1,"17,050"
2025-11-14,Gula Pasir,1,"17,050"
2025-11-17,Gula Pasir,1,"17,050"
2025-11-18,Gula Pasir,1,"17,050"
2025-11-19,Gula Pasir,1,"17,050"
2025-11-20,Gula Pasir,1,"17,100"
2025-11-21,Gula Pasir,1,"17,100"
2025-11-24,Gula Pasir,1,"17,100"
2025-11-25,Gula Pasir,1,"17,100"
2025-11-26,Gula Pasir,1,"17,100"
2025-11-27,Gula Pasir,1,"17,100"
2025-11-28,Gula Pasir,1,"17,100"
2025-11-03,Gula Pasir Kualitas Premium,2,"18,200"
2025-11-04,Gula Pasir Kualitas Premium,2,"18,200"
2025-11-05,Gula Pasir Kualitas Premium,2,"18,200"
2025-11-06,Gula Pasir Kualitas Premium,2,"18,200"
2025-11-07,Gula Pasir Kualitas Premium,2,"18,200"
2025-11-10,Gula Pasir Kualitas Premium,2,"18,200"
2025-11-11,Gula Pasir Kualitas Premium,2,"18,200"
2025-11-12,Gula Pasir Kualitas Premium,2,"18,200"
2025-11-13,Gula Pasir Kualitas Premium,2,"18,150"
2025-11-14,Gula Pasir Kualitas Premium,2,"18,150"
2025-11-17,Gula Pasir Kualitas Premium,2,"18,150"
2025-11-18,Gula Pasir Kualitas Premium,2,"18,150"
2025-11-19,Gula Pasir Kualitas Premium,2,"18,150"
2025-11-20,Gula Pasir Kualitas Premium,2,"18,200"
2025-11-21,Gula Pasir Kualitas Premium,2,"18,200"
2025-11-24,Gula Pasir Kualitas Premium,2,"18,200"
2025-11-25,Gula Pasir Kualitas Premium,2,"18,200"
2025-11-26,Gula Pasir Kualitas Premium,2,"18,200"
2025-11-27,Gula Pasir Kualitas Premium,2,"18,250"
2025-11-28,Gula Pasir Kualitas Premium,2,"18,250"
2025-11-03,Gula Pasir Lokal,2,"16,350"
2025-11-04,Gula Pasir Lokal,2,"16,350"
2025-11-05,Gula Pasir Lokal,2,"16,350"
2025-11-06,Gula Pasir Lokal,2,"16,300"
2025-11-07,Gula Pasir Lokal,2,"16,300"
2025-11-10,Gula Pasir Lokal,2,"16,300"
2025-11-11,Gula Pasir Lokal,2,"16,300"
2025-11-12,Gula Pasir Lokal,2,"16,300"
2025-11-13,Gula Pasir Lokal,2,"16,300"
2025-11-14,Gula Pasir Lokal,2,"16,300"
2025-11-17,Gula Pasir Lokal,2,"16,300"
2025-11-18,Gula Pasir Lokal,2,"16,300"
2025-11-19,Gula Pasir Lokal,2,"16,300"
2025-11-20,Gula Pasir Lokal,2,"16,300"
2025-11-21,Gula Pasir Lokal,2,"16,300"
2025-11-24,Gula Pasir Lokal,2,"16,300"
2025-11-25,Gula Pasir Lokal,2,"16,300"
2025-11-26,Gula Pasir Lokal,2,"16,300"
2025-11-27,Gula Pasir Lokal,2,"16,350"
2025-11-28,Gula Pasir Lokal,2,"16,350"
2025-12-01,Beras,1,"14,800"
2025-12-02,Beras,1,"14,800"
2025-12-03,Beras,1,"14,800"
2025-12-04,Beras,1,"14,800"
2025-12-05,Beras,1,"14,800"
2025-12-08,Beras,1,"14,800"
2025-12-09,Beras,1,"14,800"
2025-12-10,Beras,1,"14,800"
2025-12-11,Beras,1,"14,800"
2025-12-12,Beras,1,"14,850"
2025-12-15,Beras,1,"14,850"
2025-12-16,Beras,1,"14,850"
2025-12-17,Beras,1,"14,850"
2025-12-18,Beras,1,"14,850"
2025-12-19,Beras,1,"14,850"
2025-12-22,Beras,1,"14,850"
2025-12-23,Beras,1,"14,850"
2025-12-24,Beras,1,"14,850"
2025-12-25,Beras,1,"14,900"
2025-12-26,Beras,1,"14,900"
2025-12-29,Beras,1,"14,900"
2025-12-30,Beras,1,"14,900"
2025-12-31,Beras,1,"14,900"
2025-12-01,Beras Kualitas Bawah I,2,"13,650"
2025-12-02,Beras Kualitas Bawah I,2,"13,650"
2025-12-03,Beras Kualitas Bawah I,2,"13,650"
2025-12-04,Beras Kualitas Bawah I,2,"13,700"
2025-12-05,Beras Kualitas Bawah I,2,"13,700"
2025-12-08,Beras Kualitas Bawah I,2,"13,700"
2025-12-09,Beras Kualitas Bawah I,2,"13,700"
2025-12-10,Beras Kualitas Bawah I,2,"13,700"
2025-12-11,Beras Kualitas Bawah I,2,"13,700"
2025-12-12,Beras Kualitas Bawah I,2,"13,700"
2025-12-15,Beras Kualitas Bawah I,2,"13,700"
2025-12-16,Beras Kualitas Bawah I,2,"13,700"
2025-12-17,Beras Kualitas Bawah I,2,"13,700"
2025-12-18,Beras Kualitas Bawah I,2,"13,750"
2025-12-19,Beras Kualitas Bawah I,2,"13,750"
2025-12-22,Beras Kualitas Bawah I,2,"13,750"
2025-12-23,Beras Kualitas Bawah I,2,"13,750"
2025-12-24,Beras Kualitas Bawah I,2,"13,750"
2025-12-25,Beras Kualitas Bawah I,2,"13,800"
2025-12-26,Beras Kualitas Bawah I,2,"13,800"
2025-12-29,Beras Kualitas Bawah I,2,"13,800"
2025-12-30,Beras Kualitas Bawah I,2,"13,800"
2025-12-31,Beras Kualitas Bawah I,2,"13,800"
2025-12-01,Beras Kualitas Bawah II,2,"13,500"
2025-12-02,Beras Kualitas Bawah II,2,"13,500"
2025-12-03,Beras Kualitas Bawah II,2,"13,500"
2025-12-04,Beras Kualitas Bawah II,2,"13,500"
2025-12-05,Beras Kualitas Bawah II,2,"13,500"
2025-12-08,Beras Kualitas Bawah II,2,"13,500"
2025-12-09,Beras Kualitas Bawah II,2,"13,500"
2025-12-10,Beras Kualitas Bawah II,2,"13,500"
2025-12-11,Beras Kualitas Bawah II,2,"13,550"
2025-12-12,Beras Kualitas Bawah II,2,"13,550"
2025-12-15,Beras Kualitas Bawah II,2,"13,550"
2025-12-16,Beras Kualitas Bawah II,2,"13,550"
2025-12-17,Beras Kualitas Bawah II,2,"13,550"
2025-12-18,Beras Kualitas Bawah II,2,"13,650"
2025-12-19,Beras Kualitas Bawah II,2,"13,650"
2025-12-22,Beras Kualitas Bawah II,2,"13,650"
2025-12-23,Beras Kualitas Bawah II,2,"13,650"
2025-12-24,Beras Kualitas Bawah II,2,"13,650"
2025-12-25,Beras Kualitas Bawah II,2,"13,650"
2025-12-26,Beras Kualitas Bawah II,2,"13,650"
2025-12-29,Beras Kualitas Bawah II,2,"13,650"
2025-12-30,Beras Kualitas Bawah II,2,"13,650"
2025-12-31,Beras Kualitas Bawah II,2,"13,650"
2025-12-01,Beras Kualitas Medium I,2,"14,850"
2025-12-02,Beras Kualitas Medium I,2,"14,850"
2025-12-03,Beras Kualitas Medium I,2,"14,850"
2025-12-04,Beras Kualitas Medium I,2,"14,900"
2025-12-05,Beras Kualitas Medium I,2,"14,900"
2025-12-08,Beras Kualitas Medium I,2,"14,900"
2025-12-09,Beras Kualitas Medium I,2,"14,900"
2025-12-10,Beras Kualitas Medium I,2,"14,900"
2025-12-11,Beras Kualitas Medium I,2,"14,900"
2025-12-12,Beras Kualitas Medium I,2,"14,900"
2025-12-15,Beras Kualitas Medium I,2,"14,900"
2025-12-16,Beras Kualitas Medium I,2,"14,900"
2025-12-17,Beras Kualitas Medium I,2,"14,900"
2025-12-18,Beras Kualitas Medium I,2,"14,950"
2025-12-19,Beras Kualitas Medium I,2,"14,950"
2025-12-22,Beras Kualitas Medium I,2,"14,950"
2025-12-23,Beras Kualitas Medium I,2,"14,950"
2025-12-24,Beras Kualitas Medium I,2,"14,950"
2025-12-25,Beras Kualitas Medium I,2,"15,000"
2025-12-26,Beras Kualitas Medium I,2,"15,000"
2025-12-29,Beras Kualitas Medium I,2,"15,000"
2025-12-30,Beras Kualitas Medium I,2,"15,000"
2025-12-31,Beras Kualitas Medium I,2,"15,000"
2025-12-01,Beras Kualitas Medium II,2,"14,700"
2025-12-02,Beras Kualitas Medium II,2,"14,700"
2025-12-03,Beras Kualitas Medium II,2,"14,700"
2025-12-04,Beras Kualitas Medium II,2,"14,700"
2025-12-05,Beras Kualitas Medium II,2,"14,700"
2025-12-08,Beras Kualitas Medium II,2,"14,700"
2025-12-09,Beras Kualitas Medium II,2,"14,700"
2025-12-10,Beras Kualitas Medium II,2,"14,700"
2025-12-11,Beras Kualitas Medium II,2,"14,700"
2025-12-12,Beras Kualitas Medium II,2,"14,700"
2025-12-15,Beras Kualitas Medium II,2,"14,700"
2025-12-16,Beras Kualitas Medium II,2,"14,700"
2025-12-17,Beras Kualitas Medium II,2,"14,650"
2025-12-18,Beras Kualitas Medium II,2,"14,750"
2025-12-19,Beras Kualitas Medium II,2,"14,750"
2025-12-22,Beras Kualitas Medium II,2,"14,750"
2025-12-23,Beras Kualitas Medium II,2,"14,750"
2025-12-24,Beras Kualitas Medium II,2,"14,750"
2025-12-25,Beras Kualitas Medium II,2,"14,750"
2025-12-26,Beras Kualitas Medium II,2,"14,750"
2025-12-29,Beras Kualitas Medium II,2,"14,750"
2025-12-30,Beras Kualitas Medium II,2,"14,750"
2025-12-31,Beras Kualitas Medium II,2,"14,750"
2025-12-01,Beras Kualitas Super I,2,"16,050"
2025-12-02,Beras Kualitas Super I,2,"16,050"
2025-12-03,Beras Kualitas Super I,2,"16,050"
2025-12-04,Beras Kualitas Super I,2,"16,050"
2025-12-05,Beras Kualitas Super I,2,"16,050"
2025-12-08,Beras Kualitas Super I,2,"16,050"
2025-12-09,Beras Kualitas Super I,2,"16,050"
2025-12-10,Beras Kualitas Super I,2,"16,050"
2025-12-11,Beras Kualitas Super I,2,"16,100"
2025-12-12,Beras Kualitas Super I,2,"16,100"
2025-12-15,Beras Kualitas Super I,2,"16,100"
2025-12-16,Beras Kualitas Super I,2,"16,100"
2025-12-17,Beras Kualitas Super I,2,"16,100"
2025-12-18,Beras Kualitas Super I,2,"16,150"
2025-12-19,Beras Kualitas Super I,2,"16,150"
2025-12-22,Beras Kualitas Super I,2,"16,150"
2025-12-23,Beras Kualitas Super I,2,"16,150"
2025-12-24,Beras Kualitas Super I,2,"16,150"
2025-12-25,Beras Kualitas Super I,2,"16,150"
2025-12-26,Beras Kualitas Super I,2,"16,150"
2025-12-29,Beras Kualitas Super I,2,"16,150"
2025-12-30,Beras Kualitas Super I,2,"16,150"
2025-12-31,Beras Kualitas Super I,2,"16,150"
2025-12-01,Beras Kualitas Super II,2,"15,700"
2025-12-02,Beras Kualitas Super II,2,"15,700"
2025-12-03,Beras Kualitas Super II,2,"15,700"
2025-12-04,Beras Kualitas Super II,2,"15,700"
2025-12-05,Beras Kualitas Super II,2,"15,700"
2025-12-08,Beras Kualitas Super II,2,"15,700"
2025-12-09,Beras Kualitas Super II,2,"15,700"
2025-12-10,Beras Kualitas Super II,2,"15,700"
2025-12-11,Beras Kualitas Super II,2,"15,750"
2025-12-12,Beras Kualitas Super II,2,"15,750"
2025-12-15,Beras Kualitas Super II,2,"15,750"
2025-12-16,Beras Kualitas Super II,2,"15,750"
2025-12-17,Beras Kualitas Super II,2,"15,750"
2025-12-18,Beras Kualitas Super II,2,"15,800"
2025-12-19,Beras Kualitas Super II,2,"15,800"
2025-12-22,Beras Kualitas Super II,2,"15,800"
2025-12-23,Beras Kualitas Super II,2,"15,800"
2025-12-24,Beras Kualitas Super II,2,"15,800"
2025-12-25,Beras Kualitas Super II,2,"15,800"
2025-12-26,Beras Kualitas Super II,2,"15,800"
2025-12-29,Beras Kualitas Super II,2,"15,800"
2025-12-30,Beras Kualitas Super II,2,"15,800"
2025-12-31,Beras Kualitas Super II,2,"15,800"
2025-12-01,Daging Ayam,1,"33,900"
2025-12-02,Daging Ayam,1,"33,900"
2025-12-03,Daging Ayam,1,"33,850"
2025-12-04,Daging Ayam,1,"34,600"
2025-12-05,Daging Ayam,1,"34,600"
2025-12-08,Daging Ayam,1,"34,600"
2025-12-09,Daging Ayam,1,"34,600"
2025-12-10,Daging Ayam,1,"34,650"
2025-12-11,Daging Ayam,1,"34,550"
2025-12-12,Daging Ayam,1,"34,550"
2025-12-15,Daging Ayam,1,"34,550"
2025-12-16,Daging Ayam,1,"34,550"
2025-12-17,Daging Ayam,1,"34,500"
2025-12-18,Daging Ayam,1,"35,050"
2025-12-19,Daging Ayam,1,"35,050"
2025-12-22,Daging Ayam,1,"35,050"
2025-12-23,Daging Ayam,1,"35,050"
2025-12-24,Daging Ayam,1,"35,050"
2025-12-25,Daging Ayam,1,"35,200"
2025-12-26,Daging Ayam,1,"35,200"
2025-12-29,Daging Ayam,1,"35,200"
2025-12-30,Daging Ayam,1,"35,200"
2025-12-31,Daging Ayam,1,"35,150"
2025-12-01,Daging Ayam Ras Segar,2,"33,900"
2025-12-02,Daging Ayam Ras Segar,2,"33,900"
2025-12-03,Daging Ayam Ras Segar,2,"33,850"
2025-12-04,Daging Ayam Ras Segar,2,"34,600"
2025-12-05,Daging Ayam Ras Segar,2,"34,600"
2025-12-08,Daging Ayam Ras Segar,2,"34,600"
2025-12-09,Daging Ayam Ras Segar,2,"34,600"
2025-12-10,Daging Ayam Ras Segar,2,"34,650"
2025-12-11,Daging Ayam Ras Segar,2,"34,550"
2025-12-12,Daging Ayam Ras Segar,2,"34,550"
2025-12-15,Daging Ayam Ras Segar,2,"34,550"
2025-12-16,Daging Ayam Ras Segar,2,"34,550"
2025-12-17,Daging Ayam Ras Segar,2,"34,500"
2025-12-18,Daging Ayam Ras Segar,2,"35,050"
2025-12-19,Daging Ayam Ras Segar,2,"35,050"
2025-12-22,Daging Ayam Ras Segar,2,"35,050"
2025-12-23,Daging Ayam Ras Segar,2,"35,050"
2025-12-24,Daging Ayam Ras Segar,2,"35,050"
2025-12-25,Daging Ayam Ras Segar,2,"35,200"
2025-12-26,Daging Ayam Ras Segar,2,"35,200"
2025-12-29,Daging Ayam Ras Segar,2,"35,200"
2025-12-30,Daging Ayam Ras Segar,2,"35,200"
2025-12-31,Daging Ayam Ras Segar,2,"35,150"
2025-12-01,Daging Sapi,1,"128,750"
2025-12-02,Daging Sapi,1,"128,750"
2025-12-03,Daging Sapi,1,"128,750"
2025-12-04,Daging Sapi,1,"128,900"
2025-12-05,Daging Sapi,1,"128,900"
2025-12-08,Daging Sapi,1,"128,900"
2025-12-09,Daging Sapi,1,"128,900"
2025-12-10,Daging Sapi,1,"128,900"
2025-12-11,Daging Sapi,1,"129,350"
2025-12-12,Daging Sapi,1,"129,350"
2025-12-15,Daging Sapi,1,"129,350"
2025-12-16,Daging Sapi,1,"129,350"
2025-12-17,Daging Sapi,1,"129,350"
2025-12-18,Daging Sapi,1,"129,300"
2025-12-19,Daging Sapi,1,"129,300"
2025-12-22,Daging Sapi,1,"129,300"
2025-12-23,Daging Sapi,1,"129,300"
2025-12-24,Daging Sapi,1,"129,400"
2025-12-25,Daging Sapi,1,"130,400"
2025-12-26,Daging Sapi,1,"130,400"
2025-12-29,Daging Sapi,1,"130,400"
2025-12-30,Daging Sapi,1,"130,400"
2025-12-31,Daging Sapi,1,"130,450"
2025-12-01,Daging Sapi Kualitas 1,2,"131,350"
2025-12-02,Daging Sapi Kualitas 1,2,"131,350"
2025-12-03,Daging Sapi Kualitas 1,2,"131,350"
2025-12-04,Daging Sapi Kualitas 1,2,"131,600"
2025-12-05,Daging Sapi Kualitas 1,2,"131,600"
2025-12-08,Daging Sapi Kualitas 1,2,"131,600"
2025-12-09,Daging Sapi Kualitas 1,2,"131,600"
2025-12-10,Daging Sapi Kualitas 1,2,"131,600"
2025-12-11,Daging Sapi Kualitas 1,2,"132,150"
2025-12-12,Daging Sapi Kualitas 1,2,"132,150"
2025-12-15,Daging Sapi Kualitas 1,2,"132,150"
2025-12-16,Daging Sapi Kualitas 1,2,"132,150"
2025-12-17,Daging Sapi Kualitas 1,2,"132,150"
2025-12-18,Daging Sapi Kualitas 1,2,"132,100"
2025-12-19,Daging Sapi Kualitas 1,2,"132,100"
2025-12-22,Daging Sapi Kualitas 1,2,"132,100"
2025-12-23,Daging Sapi Kualitas 1,2,"132,100"
2025-12-24,Daging Sapi Kualitas 1,2,"132,200"
2025-12-25,Daging Sapi Kualitas 1,2,"133,100"
2025-12-26,Daging Sapi Kualitas 1,2,"133,100"
2025-12-29,Daging Sapi Kualitas 1,2,"133,100"
2025-12-30,Daging Sapi Kualitas 1,2,"133,100"
2025-12-31,Daging Sapi Kualitas 1,2,"133,250"
2025-12-01,Daging Sapi Kualitas 2,2,"126,300"
2025-12-02,Daging Sapi Kualitas 2,2,"126,300"
2025-12-03,Daging Sapi Kualitas 2,2,"126,300"
2025-12-04,Daging Sapi Kualitas 2,2,"126,400"
2025-12-05,Daging Sapi Kualitas 2,2,"126,400"
2025-12-08,Daging Sapi Kualitas 2,2,"126,400"
2025-12-09,Daging Sapi Kualitas 2,2,"126,400"
2025-12-10,Daging Sapi Kualitas 2,2,"126,400"
2025-12-11,Daging Sapi Kualitas 2,2,"126,700"
2025-12-12,Daging Sapi Kualitas 2,2,"126,700"
2025-12-15,Daging Sapi Kualitas 2,2,"126,700"
2025-12-16,Daging Sapi Kualitas 2,2,"126,700"
2025-12-17,Daging Sapi Kualitas 2,2,"126,700"
2025-12-18,Daging Sapi Kualitas 2,2,"126,450"
2025-12-19,Daging Sapi Kualitas 2,2,"126,450"
2025-12-22,Daging Sapi Kualitas 2,2,"126,450"
2025-12-23,Daging Sapi Kualitas 2,2,"126,450"
2025-12-24,Daging Sapi Kualitas 2,2,"126,600"
2025-12-25,Daging Sapi Kualitas 2,2,"127,400"
2025-12-26,Daging Sapi Kualitas 2,2,"127,400"
2025-12-29,Daging Sapi Kualitas 2,2,"127,400"
2025-12-30,Daging Sapi Kualitas 2,2,"127,400"
2025-12-31,Daging Sapi Kualitas 2,2,"127,400"
2025-12-01,Telur Ayam,1,"28,900"
2025-12-02,Telur Ayam,1,"28,900"
2025-12-03,Telur Ayam,1,"28,900"
2025-12-04,Telur Ayam,1,"29,400"
2025-12-05,Telur Ayam,1,"29,400"
2025-12-08,Telur Ayam,1,"29,400"
2025-12-09,Telur Ayam,1,"29,400"
2025-12-10,Telur Ayam,1,"29,400"
2025-12-11,Telur Ayam,1,"29,650"
2025-12-12,Telur Ayam,1,"29,600"
2025-12-15,Telur Ayam,1,"29,600"
2025-12-16,Telur Ayam,1,"29,600"
2025-12-17,Telur Ayam,1,"29,600"
2025-12-18,Telur Ayam,1,"30,100"
2025-12-19,Telur Ayam,1,"30,100"
2025-12-22,Telur Ayam,1,"30,100"
2025-12-23,Telur Ayam,1,"30,100"
2025-12-24,Telur Ayam,1,"30,250"
2025-12-25,Telur Ayam,1,"30,250"
2025-12-26,Telur Ayam,1,"30,250"
2025-12-29,Telur Ayam,1,"30,250"
2025-12-30,Telur Ayam,1,"30,250"
2025-12-31,Telur Ayam,1,"30,250"
2025-12-01,Telur Ayam Ras Segar,2,"28,900"
2025-12-02,Telur Ayam Ras Segar,2,"28,900"
2025-12-03,Telur Ayam Ras Segar,2,"28,900"
2025-12-04,Telur Ayam Ras Segar,2,"29,400"
2025-12-05,Telur Ayam Ras Segar,2,"29,400"
2025-12-08,Telur Ayam Ras Segar,2,"29,400"
2025-12-09,Telur Ayam Ras Segar,2,"29,400"
2025-12-10,Telur Ayam Ras Segar,2,"29,400"
2025-12-11,Telur Ayam Ras Segar,2,"29,650"
2025-12-12,Telur Ayam Ras Segar,2,"29,600"
2025-12-15,Telur Ayam Ras Segar,2,"29,600"
2025-12-16,Telur Ayam Ras Segar,2,"29,600"
2025-12-17,Telur Ayam Ras Segar,2,"29,600"
2025-12-18,Telur Ayam Ras Segar,2,"30,100"
2025-12-19,Telur Ayam Ras Segar,2,"30,100"
2025-12-22,Telur Ayam Ras Segar,2,"30,100"
2025-12-23,Telur Ayam Ras Segar,2,"30,100"
2025-12-24,Telur Ayam Ras Segar,2,"30,250"
2025-12-25,Telur Ayam Ras Segar,2,"30,250"
2025-12-26,Telur Ayam Ras Segar,2,"30,250"
2025-12-29,Telur Ayam Ras Segar,2,"30,250"
2025-12-30,Telur Ayam Ras Segar,2,"30,250"
2025-12-31,Telur Ayam Ras Segar,2,"30,250"
2025-12-01,Bawang Merah,1,"36,150"
2025-12-02,Bawang Merah,1,"36,150"
2025-12-03,Bawang Merah,1,"36,200"
2025-12-04,Bawang Merah,1,"40,200"
2025-12-05,Bawang Merah,1,"40,200"
2025-12-08,Bawang Merah,1,"40,200"
2025-12-09,Bawang Merah,1,"40,200"
2025-12-10,Bawang Merah,1,"40,450"
2025-12-11,Bawang Merah,1,"43,000"
2025-12-12,Bawang Merah,1,"43,000"
2025-12-15,Bawang Merah,1,"43,000"
2025-12-16,Bawang Merah,1,"43,000"
2025-12-17,Bawang Merah,1,"42,550"
2025-12-18,Bawang Merah,1,"42,850"
2025-12-19,Bawang Merah,1,"42,850"
2025-12-22,Bawang Merah,1,"42,850"
2025-12-23,Bawang Merah,1,"42,850"
2025-12-24,Bawang Merah,1,"43,150"
2025-12-25,Bawang Merah,1,"42,200"
2025-12-26,Bawang Merah,1,"42,200"
2025-12-29,Bawang Merah,1,"42,200"
2025-12-30,Bawang Merah,1,"42,200"
2025-12-31,Bawang Merah,1,"42,200"
2025-12-01,Bawang Merah Ukuran Sedang,2,"36,150"
2025-12-02,Bawang Merah Ukuran Sedang,2,"36,150"
2025-12-03,Bawang Merah Ukuran Sedang,2,"36,200"
2025-12-04,Bawang Merah Ukuran Sedang,2,"40,200"
2025-12-05,Bawang Merah Ukuran Sedang,2,"40,200"
2025-12-08,Bawang Merah Ukuran Sedang,2,"40,200"
2025-12-09,Bawang Merah Ukuran Sedang,2,"40,200"
2025-12-10,Bawang Merah Ukuran Sedang,2,"40,450"
2025-12-11,Bawang Merah Ukuran Sedang,2,"43,000"
2025-12-12,Bawang Merah Ukuran Sedang,2,"43,000"
2025-12-15,Bawang Merah Ukuran Sedang,2,"43,000"
2025-12-16,Bawang Merah Ukuran Sedang,2,"43,000"
2025-12-17,Bawang Merah Ukuran Sedang,2,"42,550"
2025-12-18,Bawang Merah Ukuran Sedang,2,"42,850"
2025-12-19,Bawang Merah Ukuran Sedang,2,"42,850"
2025-12-22,Bawang Merah Ukuran Sedang,2,"42,850"
2025-12-23,Bawang Merah Ukuran Sedang,2,"42,850"
2025-12-24,Bawang Merah Ukuran Sedang,2,"43,150"
2025-12-25,Bawang Merah Ukuran Sedang,2,"42,200"
2025-12-26,Bawang Merah Ukuran Sedang,2,"42,200"
2025-12-29,Bawang Merah Ukuran Sedang,2,"42,200"
2025-12-30,Bawang Merah Ukuran Sedang,2,"42,200"
2025-12-31,Bawang Merah Ukuran Sedang,2,"42,200"
2025-12-01,Bawang Putih,1,"30,850"
2025-12-02,Bawang Putih,1,"30,850"
2025-12-03,Bawang Putih,1,"30,850"
2025-12-04,Bawang Putih,1,"31,100"
2025-12-05,Bawang Putih,1,"31,100"
2025-12-08,Bawang Putih,1,"31,100"
2025-12-09,Bawang Putih,1,"31,100"
2025-12-10,Bawang Putih,1,"31,100"
2025-12-11,Bawang Putih,1,"31,300"
2025-12-12,Bawang Putih,1,"31,300"
2025-12-15,Bawang Putih,1,"31,300"
2025-12-16,Bawang Putih,1,"31,300"
2025-12-17,Bawang Putih,1,"31,350"
2025-12-18,Bawang Putih,1,"31,650"
2025-12-19,Bawang Putih,1,"31,650"
2025-12-22,Bawang Putih,1,"31,650"
2025-12-23,Bawang Putih,1,"31,650"
2025-12-24,Bawang Putih,1,"31,800"
2025-12-25,Bawang Putih,1,"32,050"
2025-12-26,Bawang Putih,1,"32,050"
2025-12-29,Bawang Putih,1,"32,050"
2025-12-30,Bawang Putih,1,"32,050"
2025-12-31,Bawang Putih,1,"32,050"
2025-12-01,Bawang Putih Ukuran Sedang,2,"30,850"
2025-12-02,Bawang Putih Ukuran Sedang,2,"30,850"
2025-12-03,Bawang Putih Ukuran Sedang,2,"30,850"
2025-12-04,Bawang Putih Ukuran Sedang,2,"31,100"
2025-12-05,Bawang Putih Ukuran Sedang,2,"31,100"
2025-12-08,Bawang Putih Ukuran Sedang,2,"31,100"
2025-12-09,Bawang Putih Ukuran Sedang,2,"31,100"
2025-12-10,Bawang Putih Ukuran Sedang,2,"31,100"
2025-12-11,Bawang Putih Ukuran Sedang,2,"31,300"
2025-12-12,Bawang Putih Ukuran Sedang,2,"31,300"
2025-12-15,Bawang Putih Ukuran Sedang,2,"31,300"
2025-12-16,Bawang Putih Ukuran Sedang,2,"31,300"
2025-12-17,Bawang Putih Ukuran Sedang,2,"31,350"
2025-12-18,Bawang Putih Ukuran Sedang,2,"31,650"
2025-12-19,Bawang Putih Ukuran Sedang,2,"31,650"
2025-12-22,Bawang Putih Ukuran Sedang,2,"31,650"
2025-12-23,Bawang Putih Ukuran Sedang,2,"31,650"
2025-12-24,Bawang Putih Ukuran Sedang,2,"31,800"
2025-12-25,Bawang Putih Ukuran Sedang,2,"32,050"
2025-12-26,Bawang Putih Ukuran Sedang,2,"32,050"
2025-12-29,Bawang Putih Ukuran Sedang,2,"32,050"
2025-12-30,Bawang Putih Ukuran Sedang,2,"32,050"
2025-12-31,Bawang Putih Ukuran Sedang,2,"32,050"
2025-12-01,Cabai Merah,1,"47,400"
2025-12-02,Cabai Merah,1,"47,400"
2025-12-03,Cabai Merah,1,"47,400"
2025-12-04,Cabai Merah,1,"51,800"
2025-12-05,Cabai Merah,1,"51,800"
2025-12-08,Cabai Merah,1,"51,800"
2025-12-09,Cabai Merah,1,"51,800"
2025-12-10,Cabai Merah,1,"51,950"
2025-12-11,Cabai Merah,1,"52,200"
2025-12-12,Cabai Merah,1,"52,200"
2025-12-15,Cabai Merah,1,"52,200"
2025-12-16,Cabai Merah,1,"52,200"
2025-12-17,Cabai Merah,1,"52,100"
2025-12-18,Cabai Merah,1,"48,850"
2025-12-19,Cabai Merah,1,"48,850"
2025-12-22,Cabai Merah,1,"48,850"
2025-12-23,Cabai Merah,1,"48,850"
2025-12-24,Cabai Merah,1,"48,350"
2025-12-25,Cabai Merah,1,"43,800"
2025-12-26,Cabai Merah,1,"43,800"
2025-12-29,Cabai Merah,1,"43,800"
2025-12-30,Cabai Merah,1,"43,800"
2025-12-31,Cabai Merah,1,"43,650"
2025-12-01,Cabai Merah Besar,2,"48,650"
2025-12-02,Cabai Merah Besar,2,"48,650"
2025-12-03,Cabai Merah Besar,2,"48,600"
2025-12-04,Cabai Merah Besar,2,"51,400"
2025-12-05,Cabai Merah Besar,2,"51,400"
2025-12-08,Cabai Merah Besar,2,"51,400"
2025-12-09,Cabai Merah Besar,2,"51,400"
2025-12-10,Cabai Merah Besar,2,"51,550"
2025-12-11,Cabai Merah Besar,2,"50,150"
2025-12-12,Cabai Merah Besar,2,"50,150"
2025-12-15,Cabai Merah Besar,2,"50,150"
2025-12-16,Cabai Merah Besar,2,"50,150"
2025-12-17,Cabai Merah Besar,2,"50,200"
2025-12-18,Cabai Merah Besar,2,"46,200"
2025-12-19,Cabai Merah Besar,2,"46,200"
2025-12-22,Cabai Merah Besar,2,"46,200"
2025-12-23,Cabai Merah Besar,2,"46,200"
2025-12-24,Cabai Merah Besar,2,"46,200"
2025-12-25,Cabai Merah Besar,2,"44,200"
2025-12-26,Cabai Merah Besar,2,"44,200"
2025-12-29,Cabai Merah Besar,2,"44,200"
2025-12-30,Cabai Merah Besar,2,"44,200"
2025-12-31,Cabai Merah Besar,2,"44,000"
2025-12-01,Cabai Merah Keriting ,2,"46,500"
2025-12-02,Cabai Merah Keriting ,2,"46,500"
2025-12-03,Cabai Merah Keriting ,2,"46,600"
2025-12-04,Cabai Merah Keriting ,2,"51,900"
2025-12-05,Cabai Merah Keriting ,2,"51,900"
2025-12-08,Cabai Merah Keriting ,2,"51,900"
2025-12-09,Cabai Merah Keriting ,2,"51,900"
2025-12-10,Cabai Merah Keriting ,2,"52,100"
2025-12-11,Cabai Merah Keriting ,2,"52,950"
2025-12-12,Cabai Merah Keriting ,2,"52,950"
2025-12-15,Cabai Merah Keriting ,2,"52,950"
2025-12-16,Cabai Merah Keriting ,2,"52,950"
2025-12-17,Cabai Merah Keriting ,2,"52,800"
2025-12-18,Cabai Merah Keriting ,2,"50,250"
2025-12-19,Cabai Merah Keriting ,2,"50,250"
2025-12-22,Cabai Merah Keriting ,2,"50,250"
2025-12-23,Cabai Merah Keriting ,2,"50,250"
2025-12-24,Cabai Merah Keriting ,2,"49,350"
2025-12-25,Cabai Merah Keriting ,2,"43,150"
2025-12-26,Cabai Merah Keriting ,2,"43,050"
2025-12-29,Cabai Merah Keriting ,2,"43,050"
2025-12-30,Cabai Merah Keriting ,2,"43,050"
2025-12-31,Cabai Merah Keriting ,2,"43,000"
2025-12-01,Cabai Rawit,1,"38,200"
2025-12-02,Cabai Rawit,1,"38,200"
2025-12-03,Cabai Rawit,1,"38,600"
2025-12-04,Cabai Rawit,1,"51,050"
2025-12-05,Cabai Rawit,1,"51,050"
2025-12-08,Cabai Rawit,1,"51,050"
2025-12-09,Cabai Rawit,1,"51,050"
2025-12-10,Cabai Rawit,1,"51,300"
2025-12-11,Cabai Rawit,1,"59,750"
2025-12-12,Cabai Rawit,1,"59,750"
2025-12-15,Cabai Rawit,1,"59,750"
2025-12-16,Cabai Rawit,1,"59,750"
2025-12-17,Cabai Rawit,1,"59,950"
2025-12-18,Cabai Rawit,1,"57,450"
2025-12-19,Cabai Rawit,1,"57,450"
2025-12-22,Cabai Rawit,1,"57,450"
2025-12-23,Cabai Rawit,1,"57,450"
2025-12-24,Cabai Rawit,1,"57,350"
2025-12-25,Cabai Rawit,1,"57,100"
2025-12-26,Cabai Rawit,1,"57,100"
2025-12-29,Cabai Rawit,1,"57,100"
2025-12-30,Cabai Rawit,1,"57,100"
2025-12-31,Cabai Rawit,1,"57,050"
2025-12-01,Cabai Rawit Hijau,2,"36,400"
2025-12-02,Cabai Rawit Hijau,2,"36,400"
2025-12-03,Cabai Rawit Hijau,2,"36,950"
2025-12-04,Cabai Rawit Hijau,2,"46,450"
2025-12-05,Cabai Rawit Hijau,2,"46,450"
2025-12-08,Cabai Rawit Hijau,2,"46,450"
2025-12-09,Cabai Rawit Hijau,2,"46,450"
2025-12-10,Cabai Rawit Hijau,2,"46,350"
2025-12-11,Cabai Rawit Hijau,2,"52,050"
2025-12-12,Cabai Rawit Hijau,2,"52,050"
2025-12-15,Cabai Rawit Hijau,2,"52,050"
2025-12-16,Cabai Rawit Hijau,2,"52,050"
2025-12-17,Cabai Rawit Hijau,2,"52,550"
2025-12-18,Cabai Rawit Hijau,2,"53,100"
2025-12-19,Cabai Rawit Hijau,2,"53,100"
2025-12-22,Cabai Rawit Hijau,2,"53,100"
2025-12-23,Cabai Rawit Hijau,2,"53,100"
2025-12-24,Cabai Rawit Hijau,2,"53,150"
2025-12-25,Cabai Rawit Hijau,2,"53,900"
2025-12-26,Cabai Rawit Hijau,2,"53,950"
2025-12-29,Cabai Rawit Hijau,2,"53,950"
2025-12-30,Cabai Rawit Hijau,2,"53,950"
2025-12-31,Cabai Rawit Hijau,2,"54,000"
2025-12-01,Cabai Rawit Merah,2,"39,850"
2025-12-02,Cabai Rawit Merah,2,"39,850"
2025-12-03,Cabai Rawit Merah,2,"40,200"
2025-12-04,Cabai Rawit Merah,2,"56,500"
2025-12-05,Cabai Rawit Merah,2,"56,500"
2025-12-08,Cabai Rawit Merah,2,"56,500"
2025-12-09,Cabai Rawit Merah,2,"56,500"
2025-12-10,Cabai Rawit Merah,2,"57,100"
2025-12-11,Cabai Rawit Merah,2,"65,750"
2025-12-12,Cabai Rawit Merah,2,"65,750"
2025-12-15,Cabai Rawit Merah,2,"65,750"
2025-12-16,Cabai Rawit Merah,2,"65,750"
2025-12-17,Cabai Rawit Merah,2,"65,750"
2025-12-18,Cabai Rawit Merah,2,"60,350"
2025-12-19,Cabai Rawit Merah,2,"60,350"
2025-12-22,Cabai Rawit Merah,2,"60,350"
2025-12-23,Cabai Rawit Merah,2,"60,350"
2025-12-24,Cabai Rawit Merah,2,"60,250"
2025-12-25,Cabai Rawit Merah,2,"58,300"
2025-12-26,Cabai Rawit Merah,2,"58,250"
2025-12-29,Cabai Rawit Merah,2,"58,250"
2025-12-30,Cabai Rawit Merah,2,"58,250"
2025-12-31,Cabai Rawit Merah,2,"58,100"
2025-12-01,Minyak Goreng,1,"19,500"
2025-12-02,Minyak Goreng,1,"19,500"
2025-12-03,Minyak Goreng,1,"19,500"
2025-12-04,Minyak Goreng,1,"19,500"
2025-12-05,Minyak Goreng,1,"19,500"
2025-12-08,Minyak Goreng,1,"19,500"
2025-12-09,Minyak Goreng,1,"19,500"
2025-12-10,Minyak Goreng,1,"19,500"
2025-12-11,Minyak Goreng,1,"19,550"
2025-12-12,Minyak Goreng,1,"19,550"
2025-12-15,Minyak Goreng,1,"19,550"
2025-12-16,Minyak Goreng,1,"19,550"
2025-12-17,Minyak Goreng,1,"19,550"
2025-12-18,Minyak Goreng,1,"19,550"
2025-12-19,Minyak Goreng,1,"19,550"
2025-12-22,Minyak Goreng,1,"19,550"
2025-12-23,Minyak Goreng,1,"19,550"
2025-12-24,Minyak Goreng,1,"19,550"
2025-12-25,Minyak Goreng,1,"19,550"
2025-12-26,Minyak Goreng,1,"19,550"
2025-12-29,Minyak Goreng,1,"19,550"
2025-12-30,Minyak Goreng,1,"19,550"
2025-12-31,Minyak Goreng,1,"19,550"
2025-12-01,Minyak Goreng Curah,2,"17,400"
2025-12-02,Minyak Goreng Curah,2,"17,400"
2025-12-03,Minyak Goreng Curah,2,"17,400"
2025-12-04,Minyak Goreng Curah,2,"17,400"
2025-12-05,Minyak Goreng Curah,2,"17,400"
2025-12-08,Minyak Goreng Curah,2,"17,400"
2025-12-09,Minyak Goreng Curah,2,"17,400"
2025-12-10,Minyak Goreng Curah,2,"17,400"
2025-12-11,Minyak Goreng Curah,2,"17,450"
2025-12-12,Minyak Goreng Curah,2,"17,450"
2025-12-15,Minyak Goreng Curah,2,"17,450"
2025-12-16,Minyak Goreng Curah,2,"17,450"
2025-12-17,Minyak Goreng Curah,2,"17,450"
2025-12-18,Minyak Goreng Curah,2,"17,550"
2025-12-19,Minyak Goreng Curah,2,"17,550"
2025-12-22,Minyak Goreng Curah,2,"17,550"
2025-12-23,Minyak Goreng Curah,2,"17,550"
2025-12-24,Minyak Goreng Curah,2,"17,550"
2025-12-25,Minyak Goreng Curah,2,"17,550"
2025-12-26,Minyak Goreng Curah,2,"17,550"
2025-12-29,Minyak Goreng Curah,2,"17,550"
2025-12-30,Minyak Goreng Curah,2,"17,550"
2025-12-31,Minyak Goreng Curah,2,"17,550"
2025-12-01,Minyak Goreng Kemasan Bermerk 1,2,"20,400"
2025-12-02,Minyak Goreng Kemasan Bermerk 1,2,"20,400"
2025-12-03,Minyak Goreng Kemasan Bermerk 1,2,"20,400"
2025-12-04,Minyak Goreng Kemasan Bermerk 1,2,"20,450"
2025-12-05,Minyak Goreng Kemasan Bermerk 1,2,"20,450"
2025-12-08,Minyak Goreng Kemasan Bermerk 1,2,"20,450"
2025-12-09,Minyak Goreng Kemasan Bermerk 1,2,"20,450"
2025-12-10,Minyak Goreng Kemasan Bermerk 1,2,"20,450"
2025-12-11,Minyak Goreng Kemasan Bermerk 1,2,"20,450"
2025-12-12,Minyak Goreng Kemasan Bermerk 1,2,"20,450"
2025-12-15,Minyak Goreng Kemasan Bermerk 1,2,"20,450"
2025-12-16,Minyak Goreng Kemasan Bermerk 1,2,"20,450"
2025-12-17,Minyak Goreng Kemasan Bermerk 1,2,"20,450"
2025-12-18,Minyak Goreng Kemasan Bermerk 1,2,"20,450"
2025-12-19,Minyak Goreng Kemasan Bermerk 1,2,"20,450"
2025-12-22,Minyak Goreng Kemasan Bermerk 1,2,"20,450"
2025-12-23,Minyak Goreng Kemasan Bermerk 1,2,"20,450"
2025-12-24,Minyak Goreng Kemasan Bermerk 1,2,"20,450"
2025-12-25,Minyak Goreng Kemasan Bermerk 1,2,"20,500"
2025-12-26,Minyak Goreng Kemasan Bermerk 1,2,"20,500"
2025-12-29,Minyak Goreng Kemasan Bermerk 1,2,"20,500"
2025-12-30,Minyak Goreng Kemasan Bermerk 1,2,"20,500"
2025-12-31,Minyak Goreng Kemasan Bermerk 1,2,"20,500"
2025-12-01,Minyak Goreng Kemasan Bermerk 2,2,"19,950"
2025-12-02,Minyak Goreng Kemasan Bermerk 2,2,"19,950"
2025-12-03,Minyak Goreng Kemasan Bermerk 2,2,"19,950"
2025-12-04,Minyak Goreng Kemasan Bermerk 2,2,"19,950"
2025-12-05,Minyak Goreng Kemasan Bermerk 2,2,"19,950"
2025-12-08,Minyak Goreng Kemasan Bermerk 2,2,"19,950"
2025-12-09,Minyak Goreng Kemasan Bermerk 2,2,"19,950"
2025-12-10,Minyak Goreng Kemasan Bermerk 2,2,"19,950"
2025-12-11,Minyak Goreng Kemasan Bermerk 2,2,"19,950"
2025-12-12,Minyak Goreng Kemasan Bermerk 2,2,"19,950"
2025-12-15,Minyak Goreng Kemasan Bermerk 2,2,"19,950"
2025-12-16,Minyak Goreng Kemasan Bermerk 2,2,"19,950"
2025-12-17,Minyak Goreng Kemasan Bermerk 2,2,"19,950"
2025-12-18,Minyak Goreng Kemasan Bermerk 2,2,"19,950"
2025-12-19,Minyak Goreng Kemasan Bermerk 2,2,"19,950"
2025-12-22,Minyak Goreng Kemasan Bermerk 2,2,"19,950"
2025-12-23,Minyak Goreng Kemasan Bermerk 2,2,"19,950"
2025-12-24,Minyak Goreng Kemasan Bermerk 2,2,"19,950"
2025-12-25,Minyak Goreng Kemasan Bermerk 2,2,"19,950"
2025-12-26,Minyak Goreng Kemasan Bermerk 2,2,"19,950"
2025-12-29,Minyak Goreng Kemasan Bermerk 2,2,"19,950"
2025-12-30,Minyak Goreng Kemasan Bermerk 2,2,"19,950"
2025-12-31,Minyak Goreng Kemasan Bermerk 2,2,"19,950"
2025-12-01,Gula Pasir,1,"17,100"
2025-12-02,Gula Pasir,1,"17,100"
2025-12-03,Gula Pasir,1,"17,100"
2025-12-04,Gula Pasir,1,"17,150"
2025-12-05,Gula Pasir,1,"17,150"
2025-12-08,Gula Pasir,1,"17,150"
2025-12-09,Gula Pasir,1,"17,150"
2025-12-10,Gula Pasir,1,"17,150"
2025-12-11,Gula Pasir,1,"17,150"
2025-12-12,Gula Pasir,1,"17,150"
2025-12-15,Gula Pasir,1,"17,150"
2025-12-16,Gula Pasir,1,"17,150"
2025-12-17,Gula Pasir,1,"17,150"
2025-12-18,Gula Pasir,1,"17,200"
2025-12-19,Gula Pasir,1,"17,200"
2025-12-22,Gula Pasir,1,"17,200"
2025-12-23,Gula Pasir,1,"17,200"
2025-12-24,Gula Pasir,1,"17,200"
2025-12-25,Gula Pasir,1,"17,200"
2025-12-26,Gula Pasir,1,"17,200"
2025-12-29,Gula Pasir,1,"17,200"
2025-12-30,Gula Pasir,1,"17,200"
2025-12-31,Gula Pasir,1,"17,200"
2025-12-01,Gula Pasir Kualitas Premium,2,"18,250"
2025-12-02,Gula Pasir Kualitas Premium,2,"18,250"
2025-12-03,Gula Pasir Kualitas Premium,2,"18,250"
2025-12-04,Gula Pasir Kualitas Premium,2,"18,250"
2025-12-05,Gula Pasir Kualitas Premium,2,"18,250"
2025-12-08,Gula Pasir Kualitas Premium,2,"18,250"
2025-12-09,Gula Pasir Kualitas Premium,2,"18,250"
2025-12-10,Gula Pasir Kualitas Premium,2,"18,250"
2025-12-11,Gula Pasir Kualitas Premium,2,"18,250"
2025-12-12,Gula Pasir Kualitas Premium,2,"18,250"
2025-12-15,Gula Pasir Kualitas Premium,2,"18,250"
2025-12-16,Gula Pasir Kualitas Premium,2,"18,250"
2025-12-17,Gula Pasir Kualitas Premium,2,"18,250"
2025-12-18,Gula Pasir Kualitas Premium,2,"18,250"
2025-12-19,Gula Pasir Kualitas Premium,2,"18,250"
2025-12-22,Gula Pasir Kualitas Premium,2,"18,250"
2025-12-23,Gula Pasir Kualitas Premium,2,"18,250"
2025-12-24,Gula Pasir Kualitas Premium,2,"18,250"
2025-12-25,Gula Pasir Kualitas Premium,2,"18,250"
2025-12-26,Gula Pasir Kualitas Premium,2,"18,250"
2025-12-29,Gula Pasir Kualitas Premium,2,"18,250"
2025-12-30,Gula Pasir Kualitas Premium,2,"18,250"
2025-12-31,Gula Pasir Kualitas Premium,2,"18,250"
2025-12-01,Gula Pasir Lokal,2,"16,350"
2025-12-02,Gula Pasir Lokal,2,"16,350"
2025-12-03,Gula Pasir Lokal,2,"16,350"
2025-12-04,Gula Pasir Lokal,2,"16,400"
2025-12-05,Gula Pasir Lokal,2,"16,400"
2025-12-08,Gula Pasir Lokal,2,"16,400"
2025-12-09,Gula Pasir Lokal,2,"16,400"
2025-12-10,Gula Pasir Lokal,2,"16,400"
2025-12-11,Gula Pasir Lokal,2,"16,450"
2025-12-12,Gula Pasir Lokal,2,"16,450"
2025-12-15,Gula Pasir Lokal,2,"16,450"
2025-12-16,Gula Pasir Lokal,2,"16,450"
2025-12-17,Gula Pasir Lokal,2,"16,450"
2025-12-18,Gula Pasir Lokal,2,"16,500"
2025-12-19,Gula Pasir Lokal,2,"16,500"
2025-12-22,Gula Pasir Lokal,2,"16,500"
2025-12-23,Gula Pasir Lokal,2,"16,500"
2025-12-24,Gula Pasir Lokal,2,"16,500"
2025-12-25,Gula Pasir Lokal,2,"16,550"
2025-12-26,Gula Pasir Lokal,2,"16,550"
2025-12-29,Gula Pasir Lokal,2,"16,550"
2025-12-30,Gula Pasir Lokal,2,"16,550"
2025-12-31,Gula Pasir Lokal,2,"16,550"
2026-01-01,Beras,1,"14,900"
2026-01-02,Beras,1,"14,900"
2026-01-05,Beras,1,"14,900"
2026-01-06,Beras,1,"14,900"
2026-01-07,Beras,1,"14,900"
2026-01-08,Beras,1,"14,850"
2026-01-09,Beras,1,"14,850"
2026-01-12,Beras,1,"14,850"
2026-01-13,Beras,1,"14,850"
2026-01-14,Beras,1,"14,850"
2026-01-15,Beras,1,"14,850"
2026-01-16,Beras,1,"14,850"
2026-01-19,Beras,1,"14,850"
2026-01-20,Beras,1,"14,850"
2026-01-21,Beras,1,"14,850"
2026-01-22,Beras,1,"14,900"
2026-01-23,Beras,1,"14,900"
2026-01-26,Beras,1,"14,900"
2026-01-27,Beras,1,"14,900"
2026-01-28,Beras,1,"14,900"
2026-01-29,Beras,1,"14,900"
2026-01-30,Beras,1,"14,900"
2026-01-01,Beras Kualitas Bawah I,2,"13,800"
2026-01-02,Beras Kualitas Bawah I,2,"13,800"
2026-01-05,Beras Kualitas Bawah I,2,"13,800"
2026-01-06,Beras Kualitas Bawah I,2,"13,800"
2026-01-07,Beras Kualitas Bawah I,2,"13,800"
2026-01-08,Beras Kualitas Bawah I,2,"13,750"
2026-01-09,Beras Kualitas Bawah I,2,"13,850"
2026-01-12,Beras Kualitas Bawah I,2,"13,850"
2026-01-13,Beras Kualitas Bawah I,2,"13,850"
2026-01-14,Beras Kualitas Bawah I,2,"13,850"
2026-01-15,Beras Kualitas Bawah I,2,"13,900"
2026-01-16,Beras Kualitas Bawah I,2,"13,900"
2026-01-19,Beras Kualitas Bawah I,2,"13,900"
2026-01-20,Beras Kualitas Bawah I,2,"13,900"
2026-01-21,Beras Kualitas Bawah I,2,"13,900"
2026-01-22,Beras Kualitas Bawah I,2,"13,950"
2026-01-23,Beras Kualitas Bawah I,2,"13,950"
2026-01-26,Beras Kualitas Bawah I,2,"13,950"
2026-01-27,Beras Kualitas Bawah I,2,"13,950"
2026-01-28,Beras Kualitas Bawah I,2,"13,950"
2026-01-29,Beras Kualitas Bawah I,2,"13,950"
2026-01-30,Beras Kualitas Bawah I,2,"13,950"
2026-01-01,Beras Kualitas Bawah II,2,"13,700"
2026-01-02,Beras Kualitas Bawah II,2,"13,700"
2026-01-05,Beras Kualitas Bawah II,2,"13,700"
2026-01-06,Beras Kualitas Bawah II,2,"13,700"
2026-01-07,Beras Kualitas Bawah II,2,"13,700"
2026-01-08,Beras Kualitas Bawah II,2,"13,700"
2026-01-09,Beras Kualitas Bawah II,2,"13,700"
2026-01-12,Beras Kualitas Bawah II,2,"13,700"
2026-01-13,Beras Kualitas Bawah II,2,"13,700"
2026-01-14,Beras Kualitas Bawah II,2,"13,700"
2026-01-15,Beras Kualitas Bawah II,2,"13,750"
2026-01-16,Beras Kualitas Bawah II,2,"13,750"
2026-01-19,Beras Kualitas Bawah II,2,"13,750"
2026-01-20,Beras Kualitas Bawah II,2,"13,750"
2026-01-21,Beras Kualitas Bawah II,2,"13,700"
2026-01-22,Beras Kualitas Bawah II,2,"13,700"
2026-01-23,Beras Kualitas Bawah II,2,"13,700"
2026-01-26,Beras Kualitas Bawah II,2,"13,700"
2026-01-27,Beras Kualitas Bawah II,2,"13,700"
2026-01-28,Beras Kualitas Bawah II,2,"13,700"
2026-01-29,Beras Kualitas Bawah II,2,"13,750"
2026-01-30,Beras Kualitas Bawah II,2,"13,750"
2026-01-01,Beras Kualitas Medium I,2,"15,000"
2026-01-02,Beras Kualitas Medium I,2,"15,000"
2026-01-05,Beras Kualitas Medium I,2,"15,000"
2026-01-06,Beras Kualitas Medium I,2,"15,000"
2026-01-07,Beras Kualitas Medium I,2,"15,000"
2026-01-08,Beras Kualitas Medium I,2,"14,900"
2026-01-09,Beras Kualitas Medium I,2,"14,900"
2026-01-12,Beras Kualitas Medium I,2,"14,900"
2026-01-13,Beras Kualitas Medium I,2,"14,900"
2026-01-14,Beras Kualitas Medium I,2,"14,900"
2026-01-15,Beras Kualitas Medium I,2,"14,900"
2026-01-16,Beras Kualitas Medium I,2,"14,900"
2026-01-19,Beras Kualitas Medium I,2,"14,900"
2026-01-20,Beras Kualitas Medium I,2,"14,900"
2026-01-21,Beras Kualitas Medium I,2,"14,900"
2026-01-22,Beras Kualitas Medium I,2,"14,900"
2026-01-23,Beras Kualitas Medium I,2,"14,900"
2026-01-26,Beras Kualitas Medium I,2,"14,900"
2026-01-27,Beras Kualitas Medium I,2,"14,900"
2026-01-28,Beras Kualitas Medium I,2,"14,900"
2026-01-29,Beras Kualitas Medium I,2,"14,900"
2026-01-30,Beras Kualitas Medium I,2,"14,900"
2026-01-01,Beras Kualitas Medium II,2,"14,750"
2026-01-02,Beras Kualitas Medium II,2,"14,750"
2026-01-05,Beras Kualitas Medium II,2,"14,750"
2026-01-06,Beras Kualitas Medium II,2,"14,750"
2026-01-07,Beras Kualitas Medium II,2,"14,750"
2026-01-08,Beras Kualitas Medium II,2,"14,700"
2026-01-09,Beras Kualitas Medium II,2,"14,700"
2026-01-12,Beras Kualitas Medium II,2,"14,700"
2026-01-13,Beras Kualitas Medium II,2,"14,700"
2026-01-14,Beras Kualitas Medium II,2,"14,700"
2026-01-15,Beras Kualitas Medium II,2,"14,700"
2026-01-16,Beras Kualitas Medium II,2,"14,700"
2026-01-19,Beras Kualitas Medium II,2,"14,700"
2026-01-20,Beras Kualitas Medium II,2,"14,700"
2026-01-21,Beras Kualitas Medium II,2,"14,700"
2026-01-22,Beras Kualitas Medium II,2,"14,700"
2026-01-23,Beras Kualitas Medium II,2,"14,700"
2026-01-26,Beras Kualitas Medium II,2,"14,700"
2026-01-27,Beras Kualitas Medium II,2,"14,700"
2026-01-28,Beras Kualitas Medium II,2,"14,700"
2026-01-29,Beras Kualitas Medium II,2,"14,700"
2026-01-30,Beras Kualitas Medium II,2,"14,700"
2026-01-01,Beras Kualitas Super I,2,"16,150"
2026-01-02,Beras Kualitas Super I,2,"16,150"
2026-01-05,Beras Kualitas Super I,2,"16,150"
2026-01-06,Beras Kualitas Super I,2,"16,150"
2026-01-07,Beras Kualitas Super I,2,"16,150"
2026-01-08,Beras Kualitas Super I,2,"16,050"
2026-01-09,Beras Kualitas Super I,2,"16,050"
2026-01-12,Beras Kualitas Super I,2,"16,050"
2026-01-13,Beras Kualitas Super I,2,"16,050"
2026-01-14,Beras Kualitas Super I,2,"16,050"
2026-01-15,Beras Kualitas Super I,2,"16,100"
2026-01-16,Beras Kualitas Super I,2,"16,100"
2026-01-19,Beras Kualitas Super I,2,"16,100"
2026-01-20,Beras Kualitas Super I,2,"16,100"
2026-01-21,Beras Kualitas Super I,2,"16,100"
2026-01-22,Beras Kualitas Super I,2,"16,150"
2026-01-23,Beras Kualitas Super I,2,"16,150"
2026-01-26,Beras Kualitas Super I,2,"16,150"
2026-01-27,Beras Kualitas Super I,2,"16,150"
2026-01-28,Beras Kualitas Super I,2,"16,150"
2026-01-29,Beras Kualitas Super I,2,"16,100"
2026-01-30,Beras Kualitas Super I,2,"16,100"
2026-01-01,Beras Kualitas Super II,2,"15,800"
2026-01-02,Beras Kualitas Super II,2,"15,800"
2026-01-05,Beras Kualitas Super II,2,"15,800"
2026-01-06,Beras Kualitas Super II,2,"15,800"
2026-01-07,Beras Kualitas Super II,2,"15,850"
2026-01-08,Beras Kualitas Super II,2,"15,800"
2026-01-09,Beras Kualitas Super II,2,"15,800"
2026-01-12,Beras Kualitas Super II,2,"15,800"
2026-01-13,Beras Kualitas Super II,2,"15,800"
2026-01-14,Beras Kualitas Super II,2,"15,800"
2026-01-15,Beras Kualitas Super II,2,"15,800"
2026-01-16,Beras Kualitas Super II,2,"15,800"
2026-01-19,Beras Kualitas Super II,2,"15,800"
2026-01-20,Beras Kualitas Super II,2,"15,800"
2026-01-21,Beras Kualitas Super II,2,"15,800"
2026-01-22,Beras Kualitas Super II,2,"15,850"
2026-01-23,Beras Kualitas Super II,2,"15,850"
2026-01-26,Beras Kualitas Super II,2,"15,850"
2026-01-27,Beras Kualitas Super II,2,"15,850"
2026-01-28,Beras Kualitas Super II,2,"15,850"
2026-01-29,Beras Kualitas Super II,2,"15,850"
2026-01-30,Beras Kualitas Super II,2,"15,850"
2026-01-01,Daging Ayam,1,"35,150"
2026-01-02,Daging Ayam,1,"35,150"
2026-01-05,Daging Ayam,1,"35,150"
2026-01-06,Daging Ayam,1,"35,150"
2026-01-07,Daging Ayam,1,"34,950"
2026-01-08,Daging Ayam,1,"34,350"
2026-01-09,Daging Ayam,1,"34,350"
2026-01-12,Daging Ayam,1,"34,350"
2026-01-13,Daging Ayam,1,"34,350"
2026-01-14,Daging Ayam,1,"34,350"
2026-01-15,Daging Ayam,1,"34,000"
2026-01-16,Daging Ayam,1,"34,000"
2026-01-19,Daging Ayam,1,"34,000"
2026-01-20,Daging Ayam,1,"34,000"
2026-01-21,Daging Ayam,1,"34,000"
2026-01-22,Daging Ayam,1,"34,000"
2026-01-23,Daging Ayam,1,"34,000"
2026-01-26,Daging Ayam,1,"34,000"
2026-01-27,Daging Ayam,1,"34,000"
2026-01-28,Daging Ayam,1,"34,000"
2026-01-29,Daging Ayam,1,"34,050"
2026-01-30,Daging Ayam,1,"34,050"
2026-01-01,Daging Ayam Ras Segar,2,"35,150"
2026-01-02,Daging Ayam Ras Segar,2,"35,150"
2026-01-05,Daging Ayam Ras Segar,2,"35,150"
2026-01-06,Daging Ayam Ras Segar,2,"35,150"
2026-01-07,Daging Ayam Ras Segar,2,"34,950"
2026-01-08,Daging Ayam Ras Segar,2,"34,350"
2026-01-09,Daging Ayam Ras Segar,2,"34,350"
2026-01-12,Daging Ayam Ras Segar,2,"34,350"
2026-01-13,Daging Ayam Ras Segar,2,"34,350"
2026-01-14,Daging Ayam Ras Segar,2,"34,350"
2026-01-15,Daging Ayam Ras Segar,2,"34,000"
2026-01-16,Daging Ayam Ras Segar,2,"34,000"
2026-01-19,Daging Ayam Ras Segar,2,"34,000"
2026-01-20,Daging Ayam Ras Segar,2,"34,000"
2026-01-21,Daging Ayam Ras Segar,2,"34,000"
2026-01-22,Daging Ayam Ras Segar,2,"34,000"
2026-01-23,Daging Ayam Ras Segar,2,"34,000"
2026-01-26,Daging Ayam Ras Segar,2,"34,000"
2026-01-27,Daging Ayam Ras Segar,2,"34,000"
2026-01-28,Daging Ayam Ras Segar,2,"34,000"
2026-01-29,Daging Ayam Ras Segar,2,"34,050"
2026-01-30,Daging Ayam Ras Segar,2,"34,050"
2026-01-01,Daging Sapi,1,"130,800"
2026-01-02,Daging Sapi,1,"130,800"
2026-01-05,Daging Sapi,1,"130,800"
2026-01-06,Daging Sapi,1,"130,800"
2026-01-07,Daging Sapi,1,"130,800"
2026-01-08,Daging Sapi,1,"130,800"
2026-01-09,Daging Sapi,1,"130,800"
2026-01-12,Daging Sapi,1,"130,800"
2026-01-13,Daging Sapi,1,"130,800"
2026-01-14,Daging Sapi,1,"130,800"
2026-01-15,Daging Sapi,1,"130,450"
2026-01-16,Daging Sapi,1,"130,450"
2026-01-19,Daging Sapi,1,"130,450"
2026-01-20,Daging Sapi,1,"130,450"
2026-01-21,Daging Sapi,1,"130,450"
2026-01-22,Daging Sapi,1,"130,800"
2026-01-23,Daging Sapi,1,"130,800"
2026-01-26,Daging Sapi,1,"130,800"
2026-01-27,Daging Sapi,1,"130,800"
2026-01-28,Daging Sapi,1,"130,800"
2026-01-29,Daging Sapi,1,"130,800"
2026-01-30,Daging Sapi,1,"130,850"
2026-01-01,Daging Sapi Kualitas 1,2,"133,650"
2026-01-02,Daging Sapi Kualitas 1,2,"133,650"
2026-01-05,Daging Sapi Kualitas 1,2,"133,650"
2026-01-06,Daging Sapi Kualitas 1,2,"133,650"
2026-01-07,Daging Sapi Kualitas 1,2,"133,650"
2026-01-08,Daging Sapi Kualitas 1,2,"133,600"
2026-01-09,Daging Sapi Kualitas 1,2,"133,600"
2026-01-12,Daging Sapi Kualitas 1,2,"133,600"
2026-01-13,Daging Sapi Kualitas 1,2,"133,600"
2026-01-14,Daging Sapi Kualitas 1,2,"133,600"
2026-01-15,Daging Sapi Kualitas 1,2,"133,300"
2026-01-16,Daging Sapi Kualitas 1,2,"133,300"
2026-01-19,Daging Sapi Kualitas 1,2,"133,300"
2026-01-20,Daging Sapi Kualitas 1,2,"133,300"
2026-01-21,Daging Sapi Kualitas 1,2,"133,300"
2026-01-22,Daging Sapi Kualitas 1,2,"133,600"
2026-01-23,Daging Sapi Kualitas 1,2,"133,600"
2026-01-26,Daging Sapi Kualitas 1,2,"133,600"
2026-01-27,Daging Sapi Kualitas 1,2,"133,600"
2026-01-28,Daging Sapi Kualitas 1,2,"133,600"
2026-01-29,Daging Sapi Kualitas 1,2,"133,600"
2026-01-30,Daging Sapi Kualitas 1,2,"133,650"
2026-01-01,Daging Sapi Kualitas 2,2,"127,800"
2026-01-02,Daging Sapi Kualitas 2,2,"127,800"
2026-01-05,Daging Sapi Kualitas 2,2,"127,800"
2026-01-06,Daging Sapi Kualitas 2,2,"127,800"
2026-01-07,Daging Sapi Kualitas 2,2,"127,800"
2026-01-08,Daging Sapi Kualitas 2,2,"127,650"
2026-01-09,Daging Sapi Kualitas 2,2,"127,650"
2026-01-12,Daging Sapi Kualitas 2,2,"127,650"
2026-01-13,Daging Sapi Kualitas 2,2,"127,650"
2026-01-14,Daging Sapi Kualitas 2,2,"127,650"
2026-01-15,Daging Sapi Kualitas 2,2,"127,400"
2026-01-16,Daging Sapi Kualitas 2,2,"127,400"
2026-01-19,Daging Sapi Kualitas 2,2,"127,400"
2026-01-20,Daging Sapi Kualitas 2,2,"127,400"
2026-01-21,Daging Sapi Kualitas 2,2,"127,400"
2026-01-22,Daging Sapi Kualitas 2,2,"127,700"
2026-01-23,Daging Sapi Kualitas 2,2,"127,700"
2026-01-26,Daging Sapi Kualitas 2,2,"127,700"
2026-01-27,Daging Sapi Kualitas 2,2,"127,700"
2026-01-28,Daging Sapi Kualitas 2,2,"127,700"
2026-01-29,Daging Sapi Kualitas 2,2,"127,800"
2026-01-30,Daging Sapi Kualitas 2,2,"127,850"
2026-01-01,Telur Ayam,1,"30,050"
2026-01-02,Telur Ayam,1,"30,050"
2026-01-05,Telur Ayam,1,"30,050"
2026-01-06,Telur Ayam,1,"30,050"
2026-01-07,Telur Ayam,1,"30,050"
2026-01-08,Telur Ayam,1,"29,650"
2026-01-09,Telur Ayam,1,"29,650"
2026-01-12,Telur Ayam,1,"29,650"
2026-01-13,Telur Ayam,1,"29,650"
2026-01-14,Telur Ayam,1,"29,650"
2026-01-15,Telur Ayam,1,"29,200"
2026-01-16,Telur Ayam,1,"29,200"
2026-01-19,Telur Ayam,1,"29,200"
2026-01-20,Telur Ayam,1,"29,200"
2026-01-21,Telur Ayam,1,"29,200"
2026-01-22,Telur Ayam,1,"28,750"
2026-01-23,Telur Ayam,1,"28,750"
2026-01-26,Telur Ayam,1,"28,750"
2026-01-27,Telur Ayam,1,"28,750"
2026-01-28,Telur Ayam,1,"28,750"
2026-01-29,Telur Ayam,1,"28,500"
2026-01-30,Telur Ayam,1,"28,500"
2026-01-01,Telur Ayam Ras Segar,2,"30,050"
2026-01-02,Telur Ayam Ras Segar,2,"30,050"
2026-01-05,Telur Ayam Ras Segar,2,"30,050"
2026-01-06,Telur Ayam Ras Segar,2,"30,050"
2026-01-07,Telur Ayam Ras Segar,2,"30,050"
2026-01-08,Telur Ayam Ras Segar,2,"29,650"
2026-01-09,Telur Ayam Ras Segar,2,"29,650"
2026-01-12,Telur Ayam Ras Segar,2,"29,650"
2026-01-13,Telur Ayam Ras Segar,2,"29,650"
2026-01-14,Telur Ayam Ras Segar,2,"29,650"
2026-01-15,Telur Ayam Ras Segar,2,"29,200"
2026-01-16,Telur Ayam Ras Segar,2,"29,200"
2026-01-19,Telur Ayam Ras Segar,2,"29,200"
2026-01-20,Telur Ayam Ras Segar,2,"29,200"
2026-01-21,Telur Ayam Ras Segar,2,"29,200"
2026-01-22,Telur Ayam Ras Segar,2,"28,750"
2026-01-23,Telur Ayam Ras Segar,2,"28,750"
2026-01-26,Telur Ayam Ras Segar,2,"28,750"
2026-01-27,Telur Ayam Ras Segar,2,"28,750"
2026-01-28,Telur Ayam Ras Segar,2,"28,750"
2026-01-29,Telur Ayam Ras Segar,2,"28,500"
2026-01-30,Telur Ayam Ras Segar,2,"28,500"
2026-01-01,Bawang Merah,1,"41,050"
2026-01-02,Bawang Merah,1,"41,050"
2026-01-05,Bawang Merah,1,"41,050"
2026-01-06,Bawang Merah,1,"41,050"
2026-01-07,Bawang Merah,1,"41,050"
2026-01-08,Bawang Merah,1,"39,550"
2026-01-09,Bawang Merah,1,"39,700"
2026-01-12,Bawang Merah,1,"39,700"
2026-01-13,Bawang Merah,1,"39,700"
2026-01-14,Bawang Merah,1,"39,700"
2026-01-15,Bawang Merah,1,"38,200"
2026-01-16,Bawang Merah,1,"38,200"
2026-01-19,Bawang Merah,1,"38,200"
2026-01-20,Bawang Merah,1,"38,200"
2026-01-21,Bawang Merah,1,"38,200"
2026-01-22,Bawang Merah,1,"35,450"
2026-01-23,Bawang Merah,1,"35,350"
2026-01-26,Bawang Merah,1,"35,350"
2026-01-27,Bawang Merah,1,"35,350"
2026-01-28,Bawang Merah,1,"35,350"
2026-01-29,Bawang Merah,1,"34,700"
2026-01-30,Bawang Merah,1,"34,700"
2026-01-01,Bawang Merah Ukuran Sedang,2,"41,050"
2026-01-02,Bawang Merah Ukuran Sedang,2,"41,050"
2026-01-05,Bawang Merah Ukuran Sedang,2,"41,050"
2026-01-06,Bawang Merah Ukuran Sedang,2,"41,050"
2026-01-07,Bawang Merah Ukuran Sedang,2,"41,050"
2026-01-08,Bawang Merah Ukuran Sedang,2,"39,550"
2026-01-09,Bawang Merah Ukuran Sedang,2,"39,700"
2026-01-12,Bawang Merah Ukuran Sedang,2,"39,700"
2026-01-13,Bawang Merah Ukuran Sedang,2,"39,700"
2026-01-14,Bawang Merah Ukuran Sedang,2,"39,700"
2026-01-15,Bawang Merah Ukuran Sedang,2,"38,200"
2026-01-16,Bawang Merah Ukuran Sedang,2,"38,200"
2026-01-19,Bawang Merah Ukuran Sedang,2,"38,200"
2026-01-20,Bawang Merah Ukuran Sedang,2,"38,200"
2026-01-21,Bawang Merah Ukuran Sedang,2,"38,200"
2026-01-22,Bawang Merah Ukuran Sedang,2,"35,450"
2026-01-23,Bawang Merah Ukuran Sedang,2,"35,350"
2026-01-26,Bawang Merah Ukuran Sedang,2,"35,350"
2026-01-27,Bawang Merah Ukuran Sedang,2,"35,350"
2026-01-28,Bawang Merah Ukuran Sedang,2,"35,350"
2026-01-29,Bawang Merah Ukuran Sedang,2,"34,700"
2026-01-30,Bawang Merah Ukuran Sedang,2,"34,700"
2026-01-01,Bawang Putih,1,"32,250"
2026-01-02,Bawang Putih,1,"32,250"
2026-01-05,Bawang Putih,1,"32,250"
2026-01-06,Bawang Putih,1,"32,250"
2026-01-07,Bawang Putih,1,"32,350"
2026-01-08,Bawang Putih,1,"32,750"
2026-01-09,Bawang Putih,1,"32,650"
2026-01-12,Bawang Putih,1,"32,650"
2026-01-13,Bawang Putih,1,"32,650"
2026-01-14,Bawang Putih,1,"32,650"
2026-01-15,Bawang Putih,1,"32,750"
2026-01-16,Bawang Putih,1,"32,750"
2026-01-19,Bawang Putih,1,"32,750"
2026-01-20,Bawang Putih,1,"32,750"
2026-01-21,Bawang Putih,1,"32,800"
2026-01-22,Bawang Putih,1,"32,400"
2026-01-23,Bawang Putih,1,"32,400"
2026-01-26,Bawang Putih,1,"32,400"
2026-01-27,Bawang Putih,1,"32,400"
2026-01-28,Bawang Putih,1,"32,400"
2026-01-29,Bawang Putih,1,"32,300"
2026-01-30,Bawang Putih,1,"32,300"
2026-01-01,Bawang Putih Ukuran Sedang,2,"32,250"
2026-01-02,Bawang Putih Ukuran Sedang,2,"32,250"
2026-01-05,Bawang Putih Ukuran Sedang,2,"32,250"
2026-01-06,Bawang Putih Ukuran Sedang,2,"32,250"
2026-01-07,Bawang Putih Ukuran Sedang,2,"32,350"
2026-01-08,Bawang Putih Ukuran Sedang,2,"32,750"
2026-01-09,Bawang Putih Ukuran Sedang,2,"32,650"
2026-01-12,Bawang Putih Ukuran Sedang,2,"32,650"
2026-01-13,Bawang Putih Ukuran Sedang,2,"32,650"
2026-01-14,Bawang Putih Ukuran Sedang,2,"32,650"
2026-01-15,Bawang Putih Ukuran Sedang,2,"32,750"
2026-01-16,Bawang Putih Ukuran Sedang,2,"32,750"
2026-01-19,Bawang Putih Ukuran Sedang,2,"32,750"
2026-01-20,Bawang Putih Ukuran Sedang,2,"32,750"
2026-01-21,Bawang Putih Ukuran Sedang,2,"32,800"
2026-01-22,Bawang Putih Ukuran Sedang,2,"32,400"
2026-01-23,Bawang Putih Ukuran Sedang,2,"32,400"
2026-01-26,Bawang Putih Ukuran Sedang,2,"32,400"
2026-01-27,Bawang Putih Ukuran Sedang,2,"32,400"
2026-01-28,Bawang Putih Ukuran Sedang,2,"32,400"
2026-01-29,Bawang Putih Ukuran Sedang,2,"32,300"
2026-01-30,Bawang Putih Ukuran Sedang,2,"32,300"
2026-01-01,Cabai Merah,1,"40,700"
2026-01-02,Cabai Merah,1,"40,700"
2026-01-05,Cabai Merah,1,"40,700"
2026-01-06,Cabai Merah,1,"40,700"
2026-01-07,Cabai Merah,1,"40,650"
2026-01-08,Cabai Merah,1,"35,400"
2026-01-09,Cabai Merah,1,"35,400"
2026-01-12,Cabai Merah,1,"35,400"
2026-01-13,Cabai Merah,1,"35,400"
2026-01-14,Cabai Merah,1,"35,350"
2026-01-15,Cabai Merah,1,"31,350"
2026-01-16,Cabai Merah,1,"31,350"
2026-01-19,Cabai Merah,1,"31,350"
2026-01-20,Cabai Merah,1,"31,350"
2026-01-21,Cabai Merah,1,"31,250"
2026-01-22,Cabai Merah,1,"29,750"
2026-01-23,Cabai Merah,1,"29,750"
2026-01-26,Cabai Merah,1,"29,750"
2026-01-27,Cabai Merah,1,"29,750"
2026-01-28,Cabai Merah,1,"29,650"
2026-01-29,Cabai Merah,1,"30,450"
2026-01-30,Cabai Merah,1,"30,450"
2026-01-01,Cabai Merah Besar,2,"41,900"
2026-01-02,Cabai Merah Besar,2,"41,900"
2026-01-05,Cabai Merah Besar,2,"41,900"
2026-01-06,Cabai Merah Besar,2,"41,900"
2026-01-07,Cabai Merah Besar,2,"41,900"
2026-01-08,Cabai Merah Besar,2,"35,800"
2026-01-09,Cabai Merah Besar,2,"35,800"
2026-01-12,Cabai Merah Besar,2,"35,800"
2026-01-13,Cabai Merah Besar,2,"35,800"
2026-01-14,Cabai Merah Besar,2,"35,750"
2026-01-15,Cabai Merah Besar,2,"31,350"
2026-01-16,Cabai Merah Besar,2,"31,350"
2026-01-19,Cabai Merah Besar,2,"31,350"
2026-01-20,Cabai Merah Besar,2,"31,350"
2026-01-21,Cabai Merah Besar,2,"31,050"
2026-01-22,Cabai Merah Besar,2,"29,500"
2026-01-23,Cabai Merah Besar,2,"29,500"
2026-01-26,Cabai Merah Besar,2,"29,500"
2026-01-27,Cabai Merah Besar,2,"29,500"
2026-01-28,Cabai Merah Besar,2,"29,200"
2026-01-29,Cabai Merah Besar,2,"30,150"
2026-01-30,Cabai Merah Besar,2,"30,150"
2026-01-01,Cabai Merah Keriting ,2,"39,650"
2026-01-02,Cabai Merah Keriting ,2,"39,650"
2026-01-05,Cabai Merah Keriting ,2,"39,650"
2026-01-06,Cabai Merah Keriting ,2,"39,650"
2026-01-07,Cabai Merah Keriting ,2,"39,550"
2026-01-08,Cabai Merah Keriting ,2,"35,050"
2026-01-09,Cabai Merah Keriting ,2,"35,050"
2026-01-12,Cabai Merah Keriting ,2,"35,050"
2026-01-13,Cabai Merah Keriting ,2,"35,050"
2026-01-14,Cabai Merah Keriting ,2,"35,050"
2026-01-15,Cabai Merah Keriting ,2,"31,050"
2026-01-16,Cabai Merah Keriting ,2,"31,050"
2026-01-19,Cabai Merah Keriting ,2,"31,050"
2026-01-20,Cabai Merah Keriting ,2,"31,050"
2026-01-21,Cabai Merah Keriting ,2,"31,050"
2026-01-22,Cabai Merah Keriting ,2,"29,750"
2026-01-23,Cabai Merah Keriting ,2,"29,700"
2026-01-26,Cabai Merah Keriting ,2,"29,700"
2026-01-27,Cabai Merah Keriting ,2,"29,700"
2026-01-28,Cabai Merah Keriting ,2,"29,700"
2026-01-29,Cabai Merah Keriting ,2,"30,350"
2026-01-30,Cabai Merah Keriting ,2,"30,350"
2026-01-01,Cabai Rawit,1,"54,950"
2026-01-02,Cabai Rawit,1,"54,950"
2026-01-05,Cabai Rawit,1,"54,950"
2026-01-06,Cabai Rawit,1,"54,950"
2026-01-07,Cabai Rawit,1,"54,900"
2026-01-08,Cabai Rawit,1,"52,550"
2026-01-09,Cabai Rawit,1,"52,550"
2026-01-12,Cabai Rawit,1,"52,550"
2026-01-13,Cabai Rawit,1,"52,550"
2026-01-14,Cabai Rawit,1,"52,550"
2026-01-15,Cabai Rawit,1,"47,500"
2026-01-16,Cabai Rawit,1,"47,500"
2026-01-19,Cabai Rawit,1,"47,500"
2026-01-20,Cabai Rawit,1,"47,500"
2026-01-21,Cabai Rawit,1,"47,500"
2026-01-22,Cabai Rawit,1,"45,650"
2026-01-23,Cabai Rawit,1,"45,450"
2026-01-26,Cabai Rawit,1,"45,450"
2026-01-27,Cabai Rawit,1,"45,450"
2026-01-28,Cabai Rawit,1,"45,300"
2026-01-29,Cabai Rawit,1,"46,500"
2026-01-30,Cabai Rawit,1,"46,500"
2026-01-01,Cabai Rawit Hijau,2,"54,350"
2026-01-02,Cabai Rawit Hijau,2,"54,350"
2026-01-05,Cabai Rawit Hijau,2,"54,350"
2026-01-06,Cabai Rawit Hijau,2,"54,350"
2026-01-07,Cabai Rawit Hijau,2,"54,250"
2026-01-08,Cabai Rawit Hijau,2,"54,500"
2026-01-09,Cabai Rawit Hijau,2,"54,500"
2026-01-12,Cabai Rawit Hijau,2,"54,500"
2026-01-13,Cabai Rawit Hijau,2,"54,500"
2026-01-14,Cabai Rawit Hijau,2,"54,500"
2026-01-15,Cabai Rawit Hijau,2,"49,450"
2026-01-16,Cabai Rawit Hijau,2,"49,450"
2026-01-19,Cabai Rawit Hijau,2,"49,450"
2026-01-20,Cabai Rawit Hijau,2,"49,450"
2026-01-21,Cabai Rawit Hijau,2,"49,450"
2026-01-22,Cabai Rawit Hijau,2,"46,550"
2026-01-23,Cabai Rawit Hijau,2,"46,350"
2026-01-26,Cabai Rawit Hijau,2,"46,350"
2026-01-27,Cabai Rawit Hijau,2,"46,350"
2026-01-28,Cabai Rawit Hijau,2,"46,100"
2026-01-29,Cabai Rawit Hijau,2,"45,350"
2026-01-30,Cabai Rawit Hijau,2,"45,350"
2026-01-01,Cabai Rawit Merah,2,"54,050"
2026-01-02,Cabai Rawit Merah,2,"54,050"
2026-01-05,Cabai Rawit Merah,2,"54,050"
2026-01-06,Cabai Rawit Merah,2,"54,050"
2026-01-07,Cabai Rawit Merah,2,"54,000"
2026-01-08,Cabai Rawit Merah,2,"50,150"
2026-01-09,Cabai Rawit Merah,2,"50,150"
2026-01-12,Cabai Rawit Merah,2,"50,150"
2026-01-13,Cabai Rawit Merah,2,"50,150"
2026-01-14,Cabai Rawit Merah,2,"50,100"
2026-01-15,Cabai Rawit Merah,2,"46,050"
2026-01-16,Cabai Rawit Merah,2,"46,050"
2026-01-19,Cabai Rawit Merah,2,"46,050"
2026-01-20,Cabai Rawit Merah,2,"46,050"
2026-01-21,Cabai Rawit Merah,2,"46,050"
2026-01-22,Cabai Rawit Merah,2,"44,700"
2026-01-23,Cabai Rawit Merah,2,"44,700"
2026-01-26,Cabai Rawit Merah,2,"44,700"
2026-01-27,Cabai Rawit Merah,2,"44,700"
2026-01-28,Cabai Rawit Merah,2,"44,550"
2026-01-29,Cabai Rawit Merah,2,"49,400"
2026-01-30,Cabai Rawit Merah,2,"49,400"
2026-01-01,Minyak Goreng,1,"19,600"
2026-01-02,Minyak Goreng,1,"19,600"
2026-01-05,Minyak Goreng,1,"19,600"
2026-01-06,Minyak Goreng,1,"19,600"
2026-01-07,Minyak Goreng,1,"19,600"
2026-01-08,Minyak Goreng,1,"19,550"
2026-01-09,Minyak Goreng,1,"19,550"
2026-01-12,Minyak Goreng,1,"19,550"
2026-01-13,Minyak Goreng,1,"19,550"
2026-01-14,Minyak Goreng,1,"19,550"
2026-01-15,Minyak Goreng,1,"19,450"
2026-01-16,Minyak Goreng,1,"19,500"
2026-01-19,Minyak Goreng,1,"19,500"
2026-01-20,Minyak Goreng,1,"19,450"
2026-01-21,Minyak Goreng,1,"19,450"
2026-01-22,Minyak Goreng,1,"19,550"
2026-01-23,Minyak Goreng,1,"19,550"
2026-01-26,Minyak Goreng,1,"19,550"
2026-01-27,Minyak Goreng,1,"19,550"
2026-01-28,Minyak Goreng,1,"19,550"
2026-01-29,Minyak Goreng,1,"19,550"
2026-01-30,Minyak Goreng,1,"19,550"
2026-01-01,Minyak Goreng Curah,2,"17,550"
2026-01-02,Minyak Goreng Curah,2,"17,550"
2026-01-05,Minyak Goreng Curah,2,"17,550"
2026-01-06,Minyak Goreng Curah,2,"17,550"
2026-01-07,Minyak Goreng Curah,2,"17,550"
2026-01-08,Minyak Goreng Curah,2,"17,400"
2026-01-09,Minyak Goreng Curah,2,"17,400"
2026-01-12,Minyak Goreng Curah,2,"17,400"
2026-01-13,Minyak Goreng Curah,2,"17,400"
2026-01-14,Minyak Goreng Curah,2,"17,400"
2026-01-15,Minyak Goreng Curah,2,"17,400"
2026-01-16,Minyak Goreng Curah,2,"17,400"
2026-01-19,Minyak Goreng Curah,2,"17,400"
2026-01-20,Minyak Goreng Curah,2,"17,400"
2026-01-21,Minyak Goreng Curah,2,"17,400"
2026-01-22,Minyak Goreng Curah,2,"17,400"
2026-01-23,Minyak Goreng Curah,2,"17,400"
2026-01-26,Minyak Goreng Curah,2,"17,400"
2026-01-27,Minyak Goreng Curah,2,"17,400"
2026-01-28,Minyak Goreng Curah,2,"17,400"
2026-01-29,Minyak Goreng Curah,2,"17,500"
2026-01-30,Minyak Goreng Curah,2,"17,500"
2026-01-01,Minyak Goreng Kemasan Bermerk 1,2,"20,500"
2026-01-02,Minyak Goreng Kemasan Bermerk 1,2,"20,500"
2026-01-05,Minyak Goreng Kemasan Bermerk 1,2,"20,500"
2026-01-06,Minyak Goreng Kemasan Bermerk 1,2,"20,500"
2026-01-07,Minyak Goreng Kemasan Bermerk 1,2,"20,500"
2026-01-08,Minyak Goreng Kemasan Bermerk 1,2,"20,500"
2026-01-09,Minyak Goreng Kemasan Bermerk 1,2,"20,500"
2026-01-12,Minyak Goreng Kemasan Bermerk 1,2,"20,500"
2026-01-13,Minyak Goreng Kemasan Bermerk 1,2,"20,500"
2026-01-14,Minyak Goreng Kemasan Bermerk 1,2,"20,500"
2026-01-15,Minyak Goreng Kemasan Bermerk 1,2,"20,400"
2026-01-16,Minyak Goreng Kemasan Bermerk 1,2,"20,400"
2026-01-19,Minyak Goreng Kemasan Bermerk 1,2,"20,400"
2026-01-20,Minyak Goreng Kemasan Bermerk 1,2,"20,400"
2026-01-21,Minyak Goreng Kemasan Bermerk 1,2,"20,400"
2026-01-22,Minyak Goreng Kemasan Bermerk 1,2,"20,550"
2026-01-23,Minyak Goreng Kemasan Bermerk 1,2,"20,550"
2026-01-26,Minyak Goreng Kemasan Bermerk 1,2,"20,550"
2026-01-27,Minyak Goreng Kemasan Bermerk 1,2,"20,550"
2026-01-28,Minyak Goreng Kemasan Bermerk 1,2,"20,550"
2026-01-29,Minyak Goreng Kemasan Bermerk 1,2,"20,450"
2026-01-30,Minyak Goreng Kemasan Bermerk 1,2,"20,450"
2026-01-01,Minyak Goreng Kemasan Bermerk 2,2,"20,000"
2026-01-02,Minyak Goreng Kemasan Bermerk 2,2,"20,000"
2026-01-05,Minyak Goreng Kemasan Bermerk 2,2,"20,000"
2026-01-06,Minyak Goreng Kemasan Bermerk 2,2,"20,000"
2026-01-07,Minyak Goreng Kemasan Bermerk 2,2,"20,000"
2026-01-08,Minyak Goreng Kemasan Bermerk 2,2,"20,000"
2026-01-09,Minyak Goreng Kemasan Bermerk 2,2,"20,050"
2026-01-12,Minyak Goreng Kemasan Bermerk 2,2,"20,050"
2026-01-13,Minyak Goreng Kemasan Bermerk 2,2,"20,050"
2026-01-14,Minyak Goreng Kemasan Bermerk 2,2,"20,050"
2026-01-15,Minyak Goreng Kemasan Bermerk 2,2,"20,050"
2026-01-16,Minyak Goreng Kemasan Bermerk 2,2,"20,050"
2026-01-19,Minyak Goreng Kemasan Bermerk 2,2,"20,050"
2026-01-20,Minyak Goreng Kemasan Bermerk 2,2,"20,050"
2026-01-21,Minyak Goreng Kemasan Bermerk 2,2,"20,050"
2026-01-22,Minyak Goreng Kemasan Bermerk 2,2,"20,000"
2026-01-23,Minyak Goreng Kemasan Bermerk 2,2,"20,000"
2026-01-26,Minyak Goreng Kemasan Bermerk 2,2,"20,000"
2026-01-27,Minyak Goreng Kemasan Bermerk 2,2,"20,000"
2026-01-28,Minyak Goreng Kemasan Bermerk 2,2,"20,000"
2026-01-29,Minyak Goreng Kemasan Bermerk 2,2,"20,000"
2026-01-30,Minyak Goreng Kemasan Bermerk 2,2,"20,000"
2026-01-01,Gula Pasir,1,"17,250"
2026-01-02,Gula Pasir,1,"17,250"
2026-01-05,Gula Pasir,1,"17,250"
2026-01-06,Gula Pasir,1,"17,250"
2026-01-07,Gula Pasir,1,"17,250"
2026-01-08,Gula Pasir,1,"17,250"
2026-01-09,Gula Pasir,1,"17,200"
2026-01-12,Gula Pasir,1,"17,200"
2026-01-13,Gula Pasir,1,"17,200"
2026-01-14,Gula Pasir,1,"17,200"
2026-01-15,Gula Pasir,1,"17,300"
2026-01-16,Gula Pasir,1,"17,300"
2026-01-19,Gula Pasir,1,"17,300"
2026-01-20,Gula Pasir,1,"17,300"
2026-01-21,Gula Pasir,1,"17,300"
2026-01-22,Gula Pasir,1,"17,350"
2026-01-23,Gula Pasir,1,"17,350"
2026-01-26,Gula Pasir,1,"17,350"
2026-01-27,Gula Pasir,1,"17,350"
2026-01-28,Gula Pasir,1,"17,350"
2026-01-29,Gula Pasir,1,"17,350"
2026-01-30,Gula Pasir,1,"17,350"
2026-01-01,Gula Pasir Kualitas Premium,2,"18,250"
2026-01-02,Gula Pasir Kualitas Premium,2,"18,250"
2026-01-05,Gula Pasir Kualitas Premium,2,"18,250"
2026-01-06,Gula Pasir Kualitas Premium,2,"18,250"
2026-01-07,Gula Pasir Kualitas Premium,2,"18,250"
2026-01-08,Gula Pasir Kualitas Premium,2,"18,250"
2026-01-09,Gula Pasir Kualitas Premium,2,"18,300"
2026-01-12,Gula Pasir Kualitas Premium,2,"18,300"
2026-01-13,Gula Pasir Kualitas Premium,2,"18,300"
2026-01-14,Gula Pasir Kualitas Premium,2,"18,300"
2026-01-15,Gula Pasir Kualitas Premium,2,"18,250"
2026-01-16,Gula Pasir Kualitas Premium,2,"18,250"
2026-01-19,Gula Pasir Kualitas Premium,2,"18,250"
2026-01-20,Gula Pasir Kualitas Premium,2,"18,250"
2026-01-21,Gula Pasir Kualitas Premium,2,"18,250"
2026-01-22,Gula Pasir Kualitas Premium,2,"18,150"
2026-01-23,Gula Pasir Kualitas Premium,2,"18,150"
2026-01-26,Gula Pasir Kualitas Premium,2,"18,150"
2026-01-27,Gula Pasir Kualitas Premium,2,"18,150"
2026-01-28,Gula Pasir Kualitas Premium,2,"18,150"
2026-01-29,Gula Pasir Kualitas Premium,2,"18,200"
2026-01-30,Gula Pasir Kualitas Premium,2,"18,200"
2026-01-01,Gula Pasir Lokal,2,"16,500"
2026-01-02,Gula Pasir Lokal,2,"16,500"
2026-01-05,Gula Pasir Lokal,2,"16,500"
2026-01-06,Gula Pasir Lokal,2,"16,500"
2026-01-07,Gula Pasir Lokal,2,"16,550"
2026-01-08,Gula Pasir Lokal,2,"16,500"
2026-01-09,Gula Pasir Lokal,2,"16,500"
2026-01-12,Gula Pasir Lokal,2,"16,500"
2026-01-13,Gula Pasir Lokal,2,"16,500"
2026-01-14,Gula Pasir Lokal,2,"16,500"
2026-01-15,Gula Pasir Lokal,2,"16,750"
2026-01-16,Gula Pasir Lokal,2,"16,750"
2026-01-19,Gula Pasir Lokal,2,"16,750"
2026-01-20,Gula Pasir Lokal,2,"16,750"
2026-01-21,Gula Pasir Lokal,2,"16,750"
2026-01-22,Gula Pasir Lokal,2,"16,800"
2026-01-23,Gula Pasir Lokal,2,"16,800"
2026-01-26,Gula Pasir Lokal,2,"16,800"
2026-01-27,Gula Pasir Lokal,2,"16,800"
2026-01-28,Gula Pasir Lokal,2,"16,800"
2026-01-29,Gula Pasir Lokal,2,"16,750"
2026-01-30,Gula Pasir Lokal,2,"16,750"
2026-02-02,Beras,1,"14,900"
2026-02-03,Beras,1,"14,900"
2026-02-04,Beras,1,"14,900"
2026-02-05,Beras,1,"14,900"
2026-02-06,Beras,1,"14,900"
2026-02-09,Beras,1,"14,900"
2026-02-10,Beras,1,"14,900"
2026-02-11,Beras,1,"14,900"
2026-02-12,Beras,1,"14,900"
2026-02-13,Beras,1,"14,900"
2026-02-16,Beras,1,"14,900"
2026-02-17,Beras,1,"14,900"
2026-02-18,Beras,1,"14,900"
2026-02-19,Beras,1,"14,900"
2026-02-20,Beras,1,"14,900"
2026-02-23,Beras,1,"14,900"
2026-02-24,Beras,1,"14,900"
2026-02-25,Beras,1,"14,900"
2026-02-26,Beras,1,"14,950"
2026-02-27,Beras,1,"14,950"
2026-02-02,Beras Kualitas Bawah I,2,"13,950"
2026-02-03,Beras Kualitas Bawah I,2,"13,950"
2026-02-04,Beras Kualitas Bawah I,2,"13,950"
2026-02-05,Beras Kualitas Bawah I,2,"14,000"
2026-02-06,Beras Kualitas Bawah I,2,"14,000"
2026-02-09,Beras Kualitas Bawah I,2,"14,000"
2026-02-10,Beras Kualitas Bawah I,2,"14,000"
2026-02-11,Beras Kualitas Bawah I,2,"14,000"
2026-02-12,Beras Kualitas Bawah I,2,"14,000"
2026-02-13,Beras Kualitas Bawah I,2,"14,000"
2026-02-16,Beras Kualitas Bawah I,2,"14,000"
2026-02-17,Beras Kualitas Bawah I,2,"14,000"
2026-02-18,Beras Kualitas Bawah I,2,"14,000"
2026-02-19,Beras Kualitas Bawah I,2,"14,000"
2026-02-20,Beras Kualitas Bawah I,2,"14,000"
2026-02-23,Beras Kualitas Bawah I,2,"14,000"
2026-02-24,Beras Kualitas Bawah I,2,"14,000"
2026-02-25,Beras Kualitas Bawah I,2,"14,000"
2026-02-26,Beras Kualitas Bawah I,2,"14,000"
2026-02-27,Beras Kualitas Bawah I,2,"14,000"
2026-02-02,Beras Kualitas Bawah II,2,"13,750"
2026-02-03,Beras Kualitas Bawah II,2,"13,750"
2026-02-04,Beras Kualitas Bawah II,2,"13,750"
2026-02-05,Beras Kualitas Bawah II,2,"13,700"
2026-02-06,Beras Kualitas Bawah II,2,"13,700"
2026-02-09,Beras Kualitas Bawah II,2,"13,700"
2026-02-10,Beras Kualitas Bawah II,2,"13,700"
2026-02-11,Beras Kualitas Bawah II,2,"13,700"
2026-02-12,Beras Kualitas Bawah II,2,"13,700"
2026-02-13,Beras Kualitas Bawah II,2,"13,700"
2026-02-16,Beras Kualitas Bawah II,2,"13,700"
2026-02-17,Beras Kualitas Bawah II,2,"13,700"
2026-02-18,Beras Kualitas Bawah II,2,"13,700"
2026-02-19,Beras Kualitas Bawah II,2,"13,750"
2026-02-20,Beras Kualitas Bawah II,2,"13,750"
2026-02-23,Beras Kualitas Bawah II,2,"13,750"
2026-02-24,Beras Kualitas Bawah II,2,"13,750"
2026-02-25,Beras Kualitas Bawah II,2,"13,750"
2026-02-26,Beras Kualitas Bawah II,2,"13,750"
2026-02-27,Beras Kualitas Bawah II,2,"13,750"
2026-02-02,Beras Kualitas Medium I,2,"14,900"
2026-02-03,Beras Kualitas Medium I,2,"14,900"
2026-02-04,Beras Kualitas Medium I,2,"14,900"
2026-02-05,Beras Kualitas Medium I,2,"14,900"
2026-02-06,Beras Kualitas Medium I,2,"14,900"
2026-02-09,Beras Kualitas Medium I,2,"14,900"
2026-02-10,Beras Kualitas Medium I,2,"14,900"
2026-02-11,Beras Kualitas Medium I,2,"14,900"
2026-02-12,Beras Kualitas Medium I,2,"14,900"
2026-02-13,Beras Kualitas Medium I,2,"14,900"
2026-02-16,Beras Kualitas Medium I,2,"14,900"
2026-02-17,Beras Kualitas Medium I,2,"14,900"
2026-02-18,Beras Kualitas Medium I,2,"14,900"
2026-02-19,Beras Kualitas Medium I,2,"14,950"
2026-02-20,Beras Kualitas Medium I,2,"14,950"
2026-02-23,Beras Kualitas Medium I,2,"14,950"
2026-02-24,Beras Kualitas Medium I,2,"14,950"
2026-02-25,Beras Kualitas Medium I,2,"14,950"
2026-02-26,Beras Kualitas Medium I,2,"14,950"
2026-02-27,Beras Kualitas Medium I,2,"14,950"
2026-02-02,Beras Kualitas Medium II,2,"14,700"
2026-02-03,Beras Kualitas Medium II,2,"14,700"
2026-02-04,Beras Kualitas Medium II,2,"14,700"
2026-02-05,Beras Kualitas Medium II,2,"14,700"
2026-02-06,Beras Kualitas Medium II,2,"14,700"
2026-02-09,Beras Kualitas Medium II,2,"14,700"
2026-02-10,Beras Kualitas Medium II,2,"14,700"
2026-02-11,Beras Kualitas Medium II,2,"14,700"
2026-02-12,Beras Kualitas Medium II,2,"14,700"
2026-02-13,Beras Kualitas Medium II,2,"14,700"
2026-02-16,Beras Kualitas Medium II,2,"14,700"
2026-02-17,Beras Kualitas Medium II,2,"14,700"
2026-02-18,Beras Kualitas Medium II,2,"14,700"
2026-02-19,Beras Kualitas Medium II,2,"14,700"
2026-02-20,Beras Kualitas Medium II,2,"14,700"
2026-02-23,Beras Kualitas Medium II,2,"14,700"
2026-02-24,Beras Kualitas Medium II,2,"14,700"
2026-02-25,Beras Kualitas Medium II,2,"14,700"
2026-02-26,Beras Kualitas Medium II,2,"14,750"
2026-02-27,Beras Kualitas Medium II,2,"14,750"
2026-02-02,Beras Kualitas Super I,2,"16,100"
2026-02-03,Beras Kualitas Super I,2,"16,100"
2026-02-04,Beras Kualitas Super I,2,"16,100"
2026-02-05,Beras Kualitas Super I,2,"16,150"
2026-02-06,Beras Kualitas Super I,2,"16,150"
2026-02-09,Beras Kualitas Super I,2,"16,150"
2026-02-10,Beras Kualitas Super I,2,"16,150"
2026-02-11,Beras Kualitas Super I,2,"16,150"
2026-02-12,Beras Kualitas Super I,2,"16,150"
2026-02-13,Beras Kualitas Super I,2,"16,150"
2026-02-16,Beras Kualitas Super I,2,"16,150"
2026-02-17,Beras Kualitas Super I,2,"16,150"
2026-02-18,Beras Kualitas Super I,2,"16,150"
2026-02-19,Beras Kualitas Super I,2,"16,150"
2026-02-20,Beras Kualitas Super I,2,"16,150"
2026-02-23,Beras Kualitas Super I,2,"16,150"
2026-02-24,Beras Kualitas Super I,2,"16,150"
2026-02-25,Beras Kualitas Super I,2,"16,150"
2026-02-26,Beras Kualitas Super I,2,"16,200"
2026-02-27,Beras Kualitas Super I,2,"16,200"
2026-02-02,Beras Kualitas Super II,2,"15,850"
2026-02-03,Beras Kualitas Super II,2,"15,850"
2026-02-04,Beras Kualitas Super II,2,"15,850"
2026-02-05,Beras Kualitas Super II,2,"15,850"
2026-02-06,Beras Kualitas Super II,2,"15,850"
2026-02-09,Beras Kualitas Super II,2,"15,850"
2026-02-10,Beras Kualitas Super II,2,"15,850"
2026-02-11,Beras Kualitas Super II,2,"15,850"
2026-02-12,Beras Kualitas Super II,2,"15,850"
2026-02-13,Beras Kualitas Super II,2,"15,850"
2026-02-16,Beras Kualitas Super II,2,"15,850"
2026-02-17,Beras Kualitas Super II,2,"15,850"
2026-02-18,Beras Kualitas Super II,2,"15,850"
2026-02-19,Beras Kualitas Super II,2,"15,900"
2026-02-20,Beras Kualitas Super II,2,"15,900"
2026-02-23,Beras Kualitas Super II,2,"15,900"
2026-02-24,Beras Kualitas Super II,2,"15,900"
2026-02-25,Beras Kualitas Super II,2,"15,900"
2026-02-26,Beras Kualitas Super II,2,"15,900"
2026-02-27,Beras Kualitas Super II,2,"15,900"
2026-02-02,Daging Ayam,1,"34,050"
2026-02-03,Daging Ayam,1,"34,050"
2026-02-04,Daging Ayam,1,"34,050"
2026-02-05,Daging Ayam,1,"34,100"
2026-02-06,Daging Ayam,1,"34,100"
2026-02-09,Daging Ayam,1,"34,100"
2026-02-10,Daging Ayam,1,"34,100"
2026-02-11,Daging Ayam,1,"34,150"
2026-02-12,Daging Ayam,1,"34,550"
2026-02-13,Daging Ayam,1,"34,550"
2026-02-16,Daging Ayam,1,"34,550"
2026-02-17,Daging Ayam,1,"34,550"
2026-02-18,Daging Ayam,1,"34,550"
2026-02-19,Daging Ayam,1,"35,650"
2026-02-20,Daging Ayam,1,"35,650"
2026-02-23,Daging Ayam,1,"35,650"
2026-02-24,Daging Ayam,1,"35,650"
2026-02-25,Daging Ayam,1,"35,700"
2026-02-26,Daging Ayam,1,"35,350"
2026-02-27,Daging Ayam,1,"35,350"
2026-02-02,Daging Ayam Ras Segar,2,"34,050"
2026-02-03,Daging Ayam Ras Segar,2,"34,050"
2026-02-04,Daging Ayam Ras Segar,2,"34,050"
2026-02-05,Daging Ayam Ras Segar,2,"34,100"
2026-02-06,Daging Ayam Ras Segar,2,"34,100"
2026-02-09,Daging Ayam Ras Segar,2,"34,100"
2026-02-10,Daging Ayam Ras Segar,2,"34,100"
2026-02-11,Daging Ayam Ras Segar,2,"34,150"
2026-02-12,Daging Ayam Ras Segar,2,"34,550"
2026-02-13,Daging Ayam Ras Segar,2,"34,550"
2026-02-16,Daging Ayam Ras Segar,2,"34,550"
2026-02-17,Daging Ayam Ras Segar,2,"34,550"
2026-02-18,Daging Ayam Ras Segar,2,"34,550"
2026-02-19,Daging Ayam Ras Segar,2,"35,650"
2026-02-20,Daging Ayam Ras Segar,2,"35,650"
2026-02-23,Daging Ayam Ras Segar,2,"35,650"
2026-02-24,Daging Ayam Ras Segar,2,"35,650"
2026-02-25,Daging Ayam Ras Segar,2,"35,700"
2026-02-26,Daging Ayam Ras Segar,2,"35,350"
2026-02-27,Daging Ayam Ras Segar,2,"35,350"
2026-02-02,Daging Sapi,1,"130,850"
2026-02-03,Daging Sapi,1,"130,850"
2026-02-04,Daging Sapi,1,"130,850"
2026-02-05,Daging Sapi,1,"131,250"
2026-02-06,Daging Sapi,1,"131,250"
2026-02-09,Daging Sapi,1,"131,250"
2026-02-10,Daging Sapi,1,"131,250"
2026-02-11,Daging Sapi,1,"131,250"
2026-02-12,Daging Sapi,1,"131,150"
2026-02-13,Daging Sapi,1,"131,150"
2026-02-16,Daging Sapi,1,"131,150"
2026-02-17,Daging Sapi,1,"131,150"
2026-02-18,Daging Sapi,1,"131,150"
2026-02-19,Daging Sapi,1,"132,950"
2026-02-20,Daging Sapi,1,"132,950"
2026-02-23,Daging Sapi,1,"132,950"
2026-02-24,Daging Sapi,1,"132,950"
2026-02-25,Daging Sapi,1,"132,950"
2026-02-26,Daging Sapi,1,"132,600"
2026-02-27,Daging Sapi,1,"132,600"
2026-02-02,Daging Sapi Kualitas 1,2,"133,650"
2026-02-03,Daging Sapi Kualitas 1,2,"133,650"
2026-02-04,Daging Sapi Kualitas 1,2,"133,650"
2026-02-05,Daging Sapi Kualitas 1,2,"134,050"
2026-02-06,Daging Sapi Kualitas 1,2,"134,050"
2026-02-09,Daging Sapi Kualitas 1,2,"134,050"
2026-02-10,Daging Sapi Kualitas 1,2,"134,050"
2026-02-11,Daging Sapi Kualitas 1,2,"134,050"
2026-02-12,Daging Sapi Kualitas 1,2,"133,950"
2026-02-13,Daging Sapi Kualitas 1,2,"133,950"
2026-02-16,Daging Sapi Kualitas 1,2,"133,950"
2026-02-17,Daging Sapi Kualitas 1,2,"133,950"
2026-02-18,Daging Sapi Kualitas 1,2,"133,950"
2026-02-19,Daging Sapi Kualitas 1,2,"135,800"
2026-02-20,Daging Sapi Kualitas 1,2,"135,800"
2026-02-23,Daging Sapi Kualitas 1,2,"135,800"
2026-02-24,Daging Sapi Kualitas 1,2,"135,800"
2026-02-25,Daging Sapi Kualitas 1,2,"135,800"
2026-02-26,Daging Sapi Kualitas 1,2,"135,450"
2026-02-27,Daging Sapi Kualitas 1,2,"135,450"
2026-02-02,Daging Sapi Kualitas 2,2,"127,850"
2026-02-03,Daging Sapi Kualitas 2,2,"127,850"
2026-02-04,Daging Sapi Kualitas 2,2,"127,850"
2026-02-05,Daging Sapi Kualitas 2,2,"128,150"
2026-02-06,Daging Sapi Kualitas 2,2,"128,150"
2026-02-09,Daging Sapi Kualitas 2,2,"128,150"
2026-02-10,Daging Sapi Kualitas 2,2,"128,150"
2026-02-11,Daging Sapi Kualitas 2,2,"128,150"
2026-02-12,Daging Sapi Kualitas 2,2,"128,350"
2026-02-13,Daging Sapi Kualitas 2,2,"128,350"
2026-02-16,Daging Sapi Kualitas 2,2,"128,350"
2026-02-17,Daging Sapi Kualitas 2,2,"128,350"
2026-02-18,Daging Sapi Kualitas 2,2,"128,350"
2026-02-19,Daging Sapi Kualitas 2,2,"130,050"
2026-02-20,Daging Sapi Kualitas 2,2,"130,050"
2026-02-23,Daging Sapi Kualitas 2,2,"130,050"
2026-02-24,Daging Sapi Kualitas 2,2,"130,050"
2026-02-25,Daging Sapi Kualitas 2,2,"130,050"
2026-02-26,Daging Sapi Kualitas 2,2,"129,250"
2026-02-27,Daging Sapi Kualitas 2,2,"129,250"
2026-02-02,Telur Ayam,1,"28,500"
2026-02-03,Telur Ayam,1,"28,500"
2026-02-04,Telur Ayam,1,"28,500"
2026-02-05,Telur Ayam,1,"28,400"
2026-02-06,Telur Ayam,1,"28,350"
2026-02-09,Telur Ayam,1,"28,350"
2026-02-10,Telur Ayam,1,"28,350"
2026-02-11,Telur Ayam,1,"28,400"
2026-02-12,Telur Ayam,1,"28,950"
2026-02-13,Telur Ayam,1,"28,950"
2026-02-16,Telur Ayam,1,"28,950"
2026-02-17,Telur Ayam,1,"28,950"
2026-02-18,Telur Ayam,1,"28,950"
2026-02-19,Telur Ayam,1,"29,450"
2026-02-20,Telur Ayam,1,"29,450"
2026-02-23,Telur Ayam,1,"29,450"
2026-02-24,Telur Ayam,1,"29,450"
2026-02-25,Telur Ayam,1,"29,450"
2026-02-26,Telur Ayam,1,"29,650"
2026-02-27,Telur Ayam,1,"29,650"
2026-02-02,Telur Ayam Ras Segar,2,"28,500"
2026-02-03,Telur Ayam Ras Segar,2,"28,500"
2026-02-04,Telur Ayam Ras Segar,2,"28,500"
2026-02-05,Telur Ayam Ras Segar,2,"28,400"
2026-02-06,Telur Ayam Ras Segar,2,"28,350"
2026-02-09,Telur Ayam Ras Segar,2,"28,350"
2026-02-10,Telur Ayam Ras Segar,2,"28,350"
2026-02-11,Telur Ayam Ras Segar,2,"28,400"
2026-02-12,Telur Ayam Ras Segar,2,"28,950"
2026-02-13,Telur Ayam Ras Segar,2,"28,950"
2026-02-16,Telur Ayam Ras Segar,2,"28,950"
2026-02-17,Telur Ayam Ras Segar,2,"28,950"
2026-02-18,Telur Ayam Ras Segar,2,"28,950"
2026-02-19,Telur Ayam Ras Segar,2,"29,450"
2026-02-20,Telur Ayam Ras Segar,2,"29,450"
2026-02-23,Telur Ayam Ras Segar,2,"29,450"
2026-02-24,Telur Ayam Ras Segar,2,"29,450"
2026-02-25,Telur Ayam Ras Segar,2,"29,450"
2026-02-26,Telur Ayam Ras Segar,2,"29,650"
2026-02-27,Telur Ayam Ras Segar,2,"29,650"
2026-02-02,Bawang Merah,1,"34,700"
2026-02-03,Bawang Merah,1,"34,700"
2026-02-04,Bawang Merah,1,"34,900"
2026-02-05,Bawang Merah,1,"35,300"
2026-02-06,Bawang Merah,1,"35,300"
2026-02-09,Bawang Merah,1,"35,300"
2026-02-10,Bawang Merah,1,"35,300"
2026-02-11,Bawang Merah,1,"35,300"
2026-02-12,Bawang Merah,1,"35,650"
2026-02-13,Bawang Merah,1,"35,650"
2026-02-16,Bawang Merah,1,"35,650"
2026-02-17,Bawang Merah,1,"35,650"
2026-02-18,Bawang Merah,1,"35,650"
2026-02-19,Bawang Merah,1,"36,350"
2026-02-20,Bawang Merah,1,"36,350"
2026-02-23,Bawang Merah,1,"36,350"
2026-02-24,Bawang Merah,1,"36,350"
2026-02-25,Bawang Merah,1,"36,500"
2026-02-26,Bawang Merah,1,"35,550"
2026-02-27,Bawang Merah,1,"35,550"
2026-02-02,Bawang Merah Ukuran Sedang,2,"34,700"
2026-02-03,Bawang Merah Ukuran Sedang,2,"34,700"
2026-02-04,Bawang Merah Ukuran Sedang,2,"34,900"
2026-02-05,Bawang Merah Ukuran Sedang,2,"35,300"
2026-02-06,Bawang Merah Ukuran Sedang,2,"35,300"
2026-02-09,Bawang Merah Ukuran Sedang,2,"35,300"
2026-02-10,Bawang Merah Ukuran Sedang,2,"35,300"
2026-02-11,Bawang Merah Ukuran Sedang,2,"35,300"
2026-02-12,Bawang Merah Ukuran Sedang,2,"35,650"
2026-02-13,Bawang Merah Ukuran Sedang,2,"35,650"
2026-02-16,Bawang Merah Ukuran Sedang,2,"35,650"
2026-02-17,Bawang Merah Ukuran Sedang,2,"35,650"
2026-02-18,Bawang Merah Ukuran Sedang,2,"35,650"
2026-02-19,Bawang Merah Ukuran Sedang,2,"36,350"
2026-02-20,Bawang Merah Ukuran Sedang,2,"36,350"
2026-02-23,Bawang Merah Ukuran Sedang,2,"36,350"
2026-02-24,Bawang Merah Ukuran Sedang,2,"36,350"
2026-02-25,Bawang Merah Ukuran Sedang,2,"36,500"
2026-02-26,Bawang Merah Ukuran Sedang,2,"35,550"
2026-02-27,Bawang Merah Ukuran Sedang,2,"35,550"
2026-02-02,Bawang Putih,1,"32,300"
2026-02-03,Bawang Putih,1,"32,300"
2026-02-04,Bawang Putih,1,"32,350"
2026-02-05,Bawang Putih,1,"32,250"
2026-02-06,Bawang Putih,1,"32,250"
2026-02-09,Bawang Putih,1,"32,250"
2026-02-10,Bawang Putih,1,"32,250"
2026-02-11,Bawang Putih,1,"32,250"
2026-02-12,Bawang Putih,1,"32,450"
2026-02-13,Bawang Putih,1,"32,450"
2026-02-16,Bawang Putih,1,"32,450"
2026-02-17,Bawang Putih,1,"32,450"
2026-02-18,Bawang Putih,1,"32,450"
2026-02-19,Bawang Putih,1,"32,350"
2026-02-20,Bawang Putih,1,"32,350"
2026-02-23,Bawang Putih,1,"32,350"
2026-02-24,Bawang Putih,1,"32,350"
2026-02-25,Bawang Putih,1,"32,450"
2026-02-26,Bawang Putih,1,"32,150"
2026-02-27,Bawang Putih,1,"32,150"
2026-02-02,Bawang Putih Ukuran Sedang,2,"32,300"
2026-02-03,Bawang Putih Ukuran Sedang,2,"32,300"
2026-02-04,Bawang Putih Ukuran Sedang,2,"32,350"
2026-02-05,Bawang Putih Ukuran Sedang,2,"32,250"
2026-02-06,Bawang Putih Ukuran Sedang,2,"32,250"
2026-02-09,Bawang Putih Ukuran Sedang,2,"32,250"
2026-02-10,Bawang Putih Ukuran Sedang,2,"32,250"
2026-02-11,Bawang Putih Ukuran Sedang,2,"32,250"
2026-02-12,Bawang Putih Ukuran Sedang,2,"32,450"
2026-02-13,Bawang Putih Ukuran Sedang,2,"32,450"
2026-02-16,Bawang Putih Ukuran Sedang,2,"32,450"
2026-02-17,Bawang Putih Ukuran Sedang,2,"32,450"
2026-02-18,Bawang Putih Ukuran Sedang,2,"32,450"
2026-02-19,Bawang Putih Ukuran Sedang,2,"32,350"
2026-02-20,Bawang Putih Ukuran Sedang,2,"32,350"
2026-02-23,Bawang Putih Ukuran Sedang,2,"32,350"
2026-02-24,Bawang Putih Ukuran Sedang,2,"32,350"
2026-02-25,Bawang Putih Ukuran Sedang,2,"32,450"
2026-02-26,Bawang Putih Ukuran Sedang,2,"32,150"
2026-02-27,Bawang Putih Ukuran Sedang,2,"32,150"
2026-02-02,Cabai Merah,1,"30,450"
2026-02-03,Cabai Merah,1,"30,450"
2026-02-04,Cabai Merah,1,"30,450"
2026-02-05,Cabai Merah,1,"31,750"
2026-02-06,Cabai Merah,1,"31,750"
2026-02-09,Cabai Merah,1,"31,750"
2026-02-10,Cabai Merah,1,"31,750"
2026-02-11,Cabai Merah,1,"31,800"
2026-02-12,Cabai Merah,1,"36,250"
2026-02-13,Cabai Merah,1,"36,250"
2026-02-16,Cabai Merah,1,"36,250"
2026-02-17,Cabai Merah,1,"36,250"
2026-02-18,Cabai Merah,1,"36,250"
2026-02-19,Cabai Merah,1,"38,750"
2026-02-20,Cabai Merah,1,"38,750"
2026-02-23,Cabai Merah,1,"38,750"
2026-02-24,Cabai Merah,1,"38,750"
2026-02-25,Cabai Merah,1,"38,700"
2026-02-26,Cabai Merah,1,"35,250"
2026-02-27,Cabai Merah,1,"35,250"
2026-02-02,Cabai Merah Besar,2,"30,150"
2026-02-03,Cabai Merah Besar,2,"30,150"
2026-02-04,Cabai Merah Besar,2,"30,150"
2026-02-05,Cabai Merah Besar,2,"31,450"
2026-02-06,Cabai Merah Besar,2,"31,450"
2026-02-09,Cabai Merah Besar,2,"31,450"
2026-02-10,Cabai Merah Besar,2,"31,450"
2026-02-11,Cabai Merah Besar,2,"31,500"
2026-02-12,Cabai Merah Besar,2,"35,950"
2026-02-13,Cabai Merah Besar,2,"35,950"
2026-02-16,Cabai Merah Besar,2,"35,950"
2026-02-17,Cabai Merah Besar,2,"35,950"
2026-02-18,Cabai Merah Besar,2,"35,950"
2026-02-19,Cabai Merah Besar,2,"36,800"
2026-02-20,Cabai Merah Besar,2,"36,800"
2026-02-23,Cabai Merah Besar,2,"36,800"
2026-02-24,Cabai Merah Besar,2,"36,800"
2026-02-25,Cabai Merah Besar,2,"36,800"
2026-02-26,Cabai Merah Besar,2,"33,950"
2026-02-27,Cabai Merah Besar,2,"33,950"
2026-02-02,Cabai Merah Keriting ,2,"30,350"
2026-02-03,Cabai Merah Keriting ,2,"30,350"
2026-02-04,Cabai Merah Keriting ,2,"30,350"
2026-02-05,Cabai Merah Keriting ,2,"31,750"
2026-02-06,Cabai Merah Keriting ,2,"31,750"
2026-02-09,Cabai Merah Keriting ,2,"31,750"
2026-02-10,Cabai Merah Keriting ,2,"31,750"
2026-02-11,Cabai Merah Keriting ,2,"31,800"
2026-02-12,Cabai Merah Keriting ,2,"36,850"
2026-02-13,Cabai Merah Keriting ,2,"36,850"
2026-02-16,Cabai Merah Keriting ,2,"36,850"
2026-02-17,Cabai Merah Keriting ,2,"36,850"
2026-02-18,Cabai Merah Keriting ,2,"36,850"
2026-02-19,Cabai Merah Keriting ,2,"39,100"
2026-02-20,Cabai Merah Keriting ,2,"39,100"
2026-02-23,Cabai Merah Keriting ,2,"39,100"
2026-02-24,Cabai Merah Keriting ,2,"39,100"
2026-02-25,Cabai Merah Keriting ,2,"39,000"
2026-02-26,Cabai Merah Keriting ,2,"35,300"
2026-02-27,Cabai Merah Keriting ,2,"35,300"
2026-02-02,Cabai Rawit,1,"46,500"
2026-02-03,Cabai Rawit,1,"46,500"
2026-02-04,Cabai Rawit,1,"46,500"
2026-02-05,Cabai Rawit,1,"51,550"
2026-02-06,Cabai Rawit,1,"51,550"
2026-02-09,Cabai Rawit,1,"51,550"
2026-02-10,Cabai Rawit,1,"51,550"
2026-02-11,Cabai Rawit,1,"51,600"
2026-02-12,Cabai Rawit,1,"54,850"
2026-02-13,Cabai Rawit,1,"54,850"
2026-02-16,Cabai Rawit,1,"54,850"
2026-02-17,Cabai Rawit,1,"54,850"
2026-02-18,Cabai Rawit,1,"54,850"
2026-02-19,Cabai Rawit,1,"56,950"
2026-02-20,Cabai Rawit,1,"56,950"
2026-02-23,Cabai Rawit,1,"56,950"
2026-02-24,Cabai Rawit,1,"56,950"
2026-02-25,Cabai Rawit,1,"56,900"
2026-02-26,Cabai Rawit,1,"55,300"
2026-02-27,Cabai Rawit,1,"55,300"
2026-02-02,Cabai Rawit Hijau,2,"45,350"
2026-02-03,Cabai Rawit Hijau,2,"45,350"
2026-02-04,Cabai Rawit Hijau,2,"45,350"
2026-02-05,Cabai Rawit Hijau,2,"47,750"
2026-02-06,Cabai Rawit Hijau,2,"47,750"
2026-02-09,Cabai Rawit Hijau,2,"47,750"
2026-02-10,Cabai Rawit Hijau,2,"47,750"
2026-02-11,Cabai Rawit Hijau,2,"47,750"
2026-02-12,Cabai Rawit Hijau,2,"49,100"
2026-02-13,Cabai Rawit Hijau,2,"49,100"
2026-02-16,Cabai Rawit Hijau,2,"49,100"
2026-02-17,Cabai Rawit Hijau,2,"49,100"
2026-02-18,Cabai Rawit Hijau,2,"49,100"
2026-02-19,Cabai Rawit Hijau,2,"48,450"
2026-02-20,Cabai Rawit Hijau,2,"48,450"
2026-02-23,Cabai Rawit Hijau,2,"48,450"
2026-02-24,Cabai Rawit Hijau,2,"48,450"
2026-02-25,Cabai Rawit Hijau,2,"48,450"
2026-02-26,Cabai Rawit Hijau,2,"48,600"
2026-02-27,Cabai Rawit Hijau,2,"48,600"
2026-02-02,Cabai Rawit Merah,2,"49,400"
2026-02-03,Cabai Rawit Merah,2,"49,400"
2026-02-04,Cabai Rawit Merah,2,"49,450"
2026-02-05,Cabai Rawit Merah,2,"56,450"
2026-02-06,Cabai Rawit Merah,2,"56,450"
2026-02-09,Cabai Rawit Merah,2,"56,450"
2026-02-10,Cabai Rawit Merah,2,"56,450"
2026-02-11,Cabai Rawit Merah,2,"56,550"
2026-02-12,Cabai Rawit Merah,2,"62,250"
2026-02-13,Cabai Rawit Merah,2,"62,250"
2026-02-16,Cabai Rawit Merah,2,"62,250"
2026-02-17,Cabai Rawit Merah,2,"62,250"
2026-02-18,Cabai Rawit Merah,2,"62,250"
2026-02-19,Cabai Rawit Merah,2,"67,400"
2026-02-20,Cabai Rawit Merah,2,"67,400"
2026-02-23,Cabai Rawit Merah,2,"67,400"
2026-02-24,Cabai Rawit Merah,2,"67,400"
2026-02-25,Cabai Rawit Merah,2,"67,300"
2026-02-26,Cabai Rawit Merah,2,"63,600"
2026-02-27,Cabai Rawit Merah,2,"63,600"
2026-02-02,Minyak Goreng,1,"19,550"
2026-02-03,Minyak Goreng,1,"19,550"
2026-02-04,Minyak Goreng,1,"19,550"
2026-02-05,Minyak Goreng,1,"19,600"
2026-02-06,Minyak Goreng,1,"19,600"
2026-02-09,Minyak Goreng,1,"19,600"
2026-02-10,Minyak Goreng,1,"19,600"
2026-02-11,Minyak Goreng,1,"19,600"
2026-02-12,Minyak Goreng,1,"19,650"
2026-02-13,Minyak Goreng,1,"19,650"
2026-02-16,Minyak Goreng,1,"19,650"
2026-02-17,Minyak Goreng,1,"19,650"
2026-02-18,Minyak Goreng,1,"19,650"
2026-02-19,Minyak Goreng,1,"19,600"
2026-02-20,Minyak Goreng,1,"19,600"
2026-02-23,Minyak Goreng,1,"19,600"
2026-02-24,Minyak Goreng,1,"19,600"
2026-02-25,Minyak Goreng,1,"19,650"
2026-02-26,Minyak Goreng,1,"19,700"
2026-02-27,Minyak Goreng,1,"19,700"
2026-02-02,Minyak Goreng Curah,2,"17,500"
2026-02-03,Minyak Goreng Curah,2,"17,500"
2026-02-04,Minyak Goreng Curah,2,"17,500"
2026-02-05,Minyak Goreng Curah,2,"17,650"
2026-02-06,Minyak Goreng Curah,2,"17,650"
2026-02-09,Minyak Goreng Curah,2,"17,650"
2026-02-10,Minyak Goreng Curah,2,"17,650"
2026-02-11,Minyak Goreng Curah,2,"17,650"
2026-02-12,Minyak Goreng Curah,2,"17,700"
2026-02-13,Minyak Goreng Curah,2,"17,700"
2026-02-16,Minyak Goreng Curah,2,"17,700"
2026-02-17,Minyak Goreng Curah,2,"17,700"
2026-02-18,Minyak Goreng Curah,2,"17,700"
2026-02-19,Minyak Goreng Curah,2,"17,700"
2026-02-20,Minyak Goreng Curah,2,"17,700"
2026-02-23,Minyak Goreng Curah,2,"17,700"
2026-02-24,Minyak Goreng Curah,2,"17,700"
2026-02-25,Minyak Goreng Curah,2,"17,750"
2026-02-26,Minyak Goreng Curah,2,"17,700"
2026-02-27,Minyak Goreng Curah,2,"17,700"
2026-02-02,Minyak Goreng Kemasan Bermerk 1,2,"20,450"
2026-02-03,Minyak Goreng Kemasan Bermerk 1,2,"20,450"
2026-02-04,Minyak Goreng Kemasan Bermerk 1,2,"20,450"
2026-02-05,Minyak Goreng Kemasan Bermerk 1,2,"20,500"
2026-02-06,Minyak Goreng Kemasan Bermerk 1,2,"20,500"
2026-02-09,Minyak Goreng Kemasan Bermerk 1,2,"20,500"
2026-02-10,Minyak Goreng Kemasan Bermerk 1,2,"20,500"
2026-02-11,Minyak Goreng Kemasan Bermerk 1,2,"20,500"
2026-02-12,Minyak Goreng Kemasan Bermerk 1,2,"20,500"
2026-02-13,Minyak Goreng Kemasan Bermerk 1,2,"20,500"
2026-02-16,Minyak Goreng Kemasan Bermerk 1,2,"20,500"
2026-02-17,Minyak Goreng Kemasan Bermerk 1,2,"20,500"
2026-02-18,Minyak Goreng Kemasan Bermerk 1,2,"20,500"
2026-02-19,Minyak Goreng Kemasan Bermerk 1,2,"20,500"
2026-02-20,Minyak Goreng Kemasan Bermerk 1,2,"20,500"
2026-02-23,Minyak Goreng Kemasan Bermerk 1,2,"20,500"
2026-02-24,Minyak Goreng Kemasan Bermerk 1,2,"20,500"
2026-02-25,Minyak Goreng Kemasan Bermerk 1,2,"20,500"
2026-02-26,Minyak Goreng Kemasan Bermerk 1,2,"20,550"
2026-02-27,Minyak Goreng Kemasan Bermerk 1,2,"20,600"
2026-02-02,Minyak Goreng Kemasan Bermerk 2,2,"20,000"
2026-02-03,Minyak Goreng Kemasan Bermerk 2,2,"20,000"
2026-02-04,Minyak Goreng Kemasan Bermerk 2,2,"20,000"
2026-02-05,Minyak Goreng Kemasan Bermerk 2,2,"20,050"
2026-02-06,Minyak Goreng Kemasan Bermerk 2,2,"20,050"
2026-02-09,Minyak Goreng Kemasan Bermerk 2,2,"20,050"
2026-02-10,Minyak Goreng Kemasan Bermerk 2,2,"20,050"
2026-02-11,Minyak Goreng Kemasan Bermerk 2,2,"20,050"
2026-02-12,Minyak Goreng Kemasan Bermerk 2,2,"20,050"
2026-02-13,Minyak Goreng Kemasan Bermerk 2,2,"20,050"
2026-02-16,Minyak Goreng Kemasan Bermerk 2,2,"20,050"
2026-02-17,Minyak Goreng Kemasan Bermerk 2,2,"20,050"
2026-02-18,Minyak Goreng Kemasan Bermerk 2,2,"20,050"
2026-02-19,Minyak Goreng Kemasan Bermerk 2,2,"20,050"
2026-02-20,Minyak Goreng Kemasan Bermerk 2,2,"20,050"
2026-02-23,Minyak Goreng Kemasan Bermerk 2,2,"20,050"
2026-02-24,Minyak Goreng Kemasan Bermerk 2,2,"20,050"
2026-02-25,Minyak Goreng Kemasan Bermerk 2,2,"20,050"
2026-02-26,Minyak Goreng Kemasan Bermerk 2,2,"20,150"
2026-02-27,Minyak Goreng Kemasan Bermerk 2,2,"20,150"
2026-02-02,Gula Pasir,1,"17,350"
2026-02-03,Gula Pasir,1,"17,350"
2026-02-04,Gula Pasir,1,"17,350"
2026-02-05,Gula Pasir,1,"17,400"
2026-02-06,Gula Pasir,1,"17,400"
2026-02-09,Gula Pasir,1,"17,400"
2026-02-10,Gula Pasir,1,"17,400"
2026-02-11,Gula Pasir,1,"17,400"
2026-02-12,Gula Pasir,1,"17,400"
2026-02-13,Gula Pasir,1,"17,400"
2026-02-16,Gula Pasir,1,"17,400"
2026-02-17,Gula Pasir,1,"17,400"
2026-02-18,Gula Pasir,1,"17,400"
2026-02-19,Gula Pasir,1,"17,450"
2026-02-20,Gula Pasir,1,"17,450"
2026-02-23,Gula Pasir,1,"17,450"
2026-02-24,Gula Pasir,1,"17,450"
2026-02-25,Gula Pasir,1,"17,450"
2026-02-26,Gula Pasir,1,"17,500"
2026-02-27,Gula Pasir,1,"17,500"
2026-02-02,Gula Pasir Kualitas Premium,2,"18,200"
2026-02-03,Gula Pasir Kualitas Premium,2,"18,200"
2026-02-04,Gula Pasir Kualitas Premium,2,"18,200"
2026-02-05,Gula Pasir Kualitas Premium,2,"18,200"
2026-02-06,Gula Pasir Kualitas Premium,2,"18,200"
2026-02-09,Gula Pasir Kualitas Premium,2,"18,200"
2026-02-10,Gula Pasir Kualitas Premium,2,"18,200"
2026-02-11,Gula Pasir Kualitas Premium,2,"18,200"
2026-02-12,Gula Pasir Kualitas Premium,2,"18,200"
2026-02-13,Gula Pasir Kualitas Premium,2,"18,200"
2026-02-16,Gula Pasir Kualitas Premium,2,"18,200"
2026-02-17,Gula Pasir Kualitas Premium,2,"18,200"
2026-02-18,Gula Pasir Kualitas Premium,2,"18,200"
2026-02-19,Gula Pasir Kualitas Premium,2,"18,250"
2026-02-20,Gula Pasir Kualitas Premium,2,"18,250"
2026-02-23,Gula Pasir Kualitas Premium,2,"18,250"
2026-02-24,Gula Pasir Kualitas Premium,2,"18,250"
2026-02-25,Gula Pasir Kualitas Premium,2,"18,250"
2026-02-26,Gula Pasir Kualitas Premium,2,"18,250"
2026-02-27,Gula Pasir Kualitas Premium,2,"18,250"
2026-02-02,Gula Pasir Lokal,2,"16,750"
2026-02-03,Gula Pasir Lokal,2,"16,750"
2026-02-04,Gula Pasir Lokal,2,"16,750"
2026-02-05,Gula Pasir Lokal,2,"16,850"
2026-02-06,Gula Pasir Lokal,2,"16,850"
2026-02-09,Gula Pasir Lokal,2,"16,850"
2026-02-10,Gula Pasir Lokal,2,"16,850"
2026-02-11,Gula Pasir Lokal,2,"16,850"
2026-02-12,Gula Pasir Lokal,2,"16,800"
2026-02-13,Gula Pasir Lokal,2,"16,800"
2026-02-16,Gula Pasir Lokal,2,"16,800"
2026-02-17,Gula Pasir Lokal,2,"16,800"
2026-02-18,Gula Pasir Lokal,2,"16,800"
2026-02-19,Gula Pasir Lokal,2,"16,900"
2026-02-20,Gula Pasir Lokal,2,"16,900"
2026-02-23,Gula Pasir Lokal,2,"16,900"
2026-02-24,Gula Pasir Lokal,2,"16,900"
2026-02-25,Gula Pasir Lokal,2,"16,900"
2026-02-26,Gula Pasir Lokal,2,"17,000"
2026-02-27,Gula Pasir Lokal,2,"17,000"
2026-03-02,Beras,1,"14,950"
2026-03-03,Beras,1,"14,950"
2026-03-04,Beras,1,"14,950"
2026-03-05,Beras,1,"14,950"
2026-03-06,Beras,1,"14,950"
2026-03-09,Beras,1,"14,950"
2026-03-10,Beras,1,"14,950"
2026-03-11,Beras,1,"14,950"
2026-03-12,Beras,1,"14,950"
2026-03-13,Beras,1,"14,950"
2026-03-16,Beras,1,"14,950"
2026-03-17,Beras,1,"14,950"
2026-03-18,Beras,1,"14,950"
2026-03-19,Beras,1,"14,950"
2026-03-20,Beras,1,"14,950"
2026-03-23,Beras,1,"14,950"
2026-03-24,Beras,1,"14,950"
2026-03-25,Beras,1,"14,950"
2026-03-26,Beras,1,"14,950"
2026-03-27,Beras,1,"14,950"
2026-03-30,Beras,1,"14,950"
2026-03-31,Beras,1,"14,950"
2026-03-02,Beras Kualitas Bawah I,2,"14,000"
2026-03-03,Beras Kualitas Bawah I,2,"14,000"
2026-03-04,Beras Kualitas Bawah I,2,"14,000"
2026-03-05,Beras Kualitas Bawah I,2,"14,000"
2026-03-06,Beras Kualitas Bawah I,2,"14,000"
2026-03-09,Beras Kualitas Bawah I,2,"14,000"
2026-03-10,Beras Kualitas Bawah I,2,"14,000"
2026-03-11,Beras Kualitas Bawah I,2,"14,000"
2026-03-12,Beras Kualitas Bawah I,2,"14,050"
2026-03-13,Beras Kualitas Bawah I,2,"14,050"
2026-03-16,Beras Kualitas Bawah I,2,"14,050"
2026-03-17,Beras Kualitas Bawah I,2,"14,050"
2026-03-18,Beras Kualitas Bawah I,2,"14,050"
2026-03-19,Beras Kualitas Bawah I,2,"14,050"
2026-03-20,Beras Kualitas Bawah I,2,"14,050"
2026-03-23,Beras Kualitas Bawah I,2,"14,050"
2026-03-24,Beras Kualitas Bawah I,2,"14,050"
2026-03-25,Beras Kualitas Bawah I,2,"14,050"
2026-03-26,Beras Kualitas Bawah I,2,"14,050"
2026-03-27,Beras Kualitas Bawah I,2,"14,050"
2026-03-30,Beras Kualitas Bawah I,2,"14,050"
2026-03-31,Beras Kualitas Bawah I,2,"14,050"
2026-03-02,Beras Kualitas Bawah II,2,"13,750"
2026-03-03,Beras Kualitas Bawah II,2,"13,750"
2026-03-04,Beras Kualitas Bawah II,2,"13,750"
2026-03-05,Beras Kualitas Bawah II,2,"13,750"
2026-03-06,Beras Kualitas Bawah II,2,"13,750"
2026-03-09,Beras Kualitas Bawah II,2,"13,750"
2026-03-10,Beras Kualitas Bawah II,2,"13,750"
2026-03-11,Beras Kualitas Bawah II,2,"13,750"
2026-03-12,Beras Kualitas Bawah II,2,"13,750"
2026-03-13,Beras Kualitas Bawah II,2,"13,750"
2026-03-16,Beras Kualitas Bawah II,2,"13,750"
2026-03-17,Beras Kualitas Bawah II,2,"13,750"
2026-03-18,Beras Kualitas Bawah II,2,"13,750"
2026-03-19,Beras Kualitas Bawah II,2,"13,750"
2026-03-20,Beras Kualitas Bawah II,2,"13,750"
2026-03-23,Beras Kualitas Bawah II,2,"13,750"
2026-03-24,Beras Kualitas Bawah II,2,"13,750"
2026-03-25,Beras Kualitas Bawah II,2,"13,750"
2026-03-26,Beras Kualitas Bawah II,2,"13,750"
2026-03-27,Beras Kualitas Bawah II,2,"13,750"
2026-03-30,Beras Kualitas Bawah II,2,"13,750"
2026-03-31,Beras Kualitas Bawah II,2,"13,750"
2026-03-02,Beras Kualitas Medium I,2,"14,950"
2026-03-03,Beras Kualitas Medium I,2,"14,950"
2026-03-04,Beras Kualitas Medium I,2,"14,950"
2026-03-05,Beras Kualitas Medium I,2,"14,950"
2026-03-06,Beras Kualitas Medium I,2,"14,950"
2026-03-09,Beras Kualitas Medium I,2,"14,950"
2026-03-10,Beras Kualitas Medium I,2,"14,950"
2026-03-11,Beras Kualitas Medium I,2,"14,950"
2026-03-12,Beras Kualitas Medium I,2,"14,950"
2026-03-13,Beras Kualitas Medium I,2,"14,950"
2026-03-16,Beras Kualitas Medium I,2,"14,950"
2026-03-17,Beras Kualitas Medium I,2,"14,950"
2026-03-18,Beras Kualitas Medium I,2,"14,950"
2026-03-19,Beras Kualitas Medium I,2,"14,950"
2026-03-20,Beras Kualitas Medium I,2,"14,950"
2026-03-23,Beras Kualitas Medium I,2,"14,950"
2026-03-24,Beras Kualitas Medium I,2,"14,950"
2026-03-25,Beras Kualitas Medium I,2,"14,950"
2026-03-26,Beras Kualitas Medium I,2,"14,950"
2026-03-27,Beras Kualitas Medium I,2,"14,950"
2026-03-30,Beras Kualitas Medium I,2,"14,950"
2026-03-31,Beras Kualitas Medium I,2,"14,950"
2026-03-02,Beras Kualitas Medium II,2,"14,750"
2026-03-03,Beras Kualitas Medium II,2,"14,750"
2026-03-04,Beras Kualitas Medium II,2,"14,750"
2026-03-05,Beras Kualitas Medium II,2,"14,750"
2026-03-06,Beras Kualitas Medium II,2,"14,750"
2026-03-09,Beras Kualitas Medium II,2,"14,750"
2026-03-10,Beras Kualitas Medium II,2,"14,750"
2026-03-11,Beras Kualitas Medium II,2,"14,750"
2026-03-12,Beras Kualitas Medium II,2,"14,700"
2026-03-13,Beras Kualitas Medium II,2,"14,700"
2026-03-16,Beras Kualitas Medium II,2,"14,700"
2026-03-17,Beras Kualitas Medium II,2,"14,700"
2026-03-18,Beras Kualitas Medium II,2,"14,700"
2026-03-19,Beras Kualitas Medium II,2,"14,700"
2026-03-20,Beras Kualitas Medium II,2,"14,700"
2026-03-23,Beras Kualitas Medium II,2,"14,700"
2026-03-24,Beras Kualitas Medium II,2,"14,700"
2026-03-25,Beras Kualitas Medium II,2,"14,700"
2026-03-26,Beras Kualitas Medium II,2,"14,700"
2026-03-27,Beras Kualitas Medium II,2,"14,700"
2026-03-30,Beras Kualitas Medium II,2,"14,700"
2026-03-31,Beras Kualitas Medium II,2,"14,700"
2026-03-02,Beras Kualitas Super I,2,"16,200"
2026-03-03,Beras Kualitas Super I,2,"16,200"
2026-03-04,Beras Kualitas Super I,2,"16,200"
2026-03-05,Beras Kualitas Super I,2,"16,200"
2026-03-06,Beras Kualitas Super I,2,"16,200"
2026-03-09,Beras Kualitas Super I,2,"16,200"
2026-03-10,Beras Kualitas Super I,2,"16,200"
2026-03-11,Beras Kualitas Super I,2,"16,200"
2026-03-12,Beras Kualitas Super I,2,"16,200"
2026-03-13,Beras Kualitas Super I,2,"16,250"
2026-03-16,Beras Kualitas Super I,2,"16,250"
2026-03-17,Beras Kualitas Super I,2,"16,250"
2026-03-18,Beras Kualitas Super I,2,"16,250"
2026-03-19,Beras Kualitas Super I,2,"16,200"
2026-03-20,Beras Kualitas Super I,2,"16,250"
2026-03-23,Beras Kualitas Super I,2,"16,250"
2026-03-24,Beras Kualitas Super I,2,"16,250"
2026-03-25,Beras Kualitas Super I,2,"16,200"
2026-03-26,Beras Kualitas Super I,2,"16,250"
2026-03-27,Beras Kualitas Super I,2,"16,250"
2026-03-30,Beras Kualitas Super I,2,"16,250"
2026-03-31,Beras Kualitas Super I,2,"16,250"
2026-03-02,Beras Kualitas Super II,2,"15,900"
2026-03-03,Beras Kualitas Super II,2,"15,900"
2026-03-04,Beras Kualitas Super II,2,"15,900"
2026-03-05,Beras Kualitas Super II,2,"15,900"
2026-03-06,Beras Kualitas Super II,2,"15,900"
2026-03-09,Beras Kualitas Super II,2,"15,900"
2026-03-10,Beras Kualitas Super II,2,"15,900"
2026-03-11,Beras Kualitas Super II,2,"15,900"
2026-03-12,Beras Kualitas Super II,2,"15,950"
2026-03-13,Beras Kualitas Super II,2,"15,950"
2026-03-16,Beras Kualitas Super II,2,"15,950"
2026-03-17,Beras Kualitas Super II,2,"15,950"
2026-03-18,Beras Kualitas Super II,2,"15,950"
2026-03-19,Beras Kualitas Super II,2,"15,950"
2026-03-20,Beras Kualitas Super II,2,"15,950"
2026-03-23,Beras Kualitas Super II,2,"15,950"
2026-03-24,Beras Kualitas Super II,2,"15,950"
2026-03-25,Beras Kualitas Super II,2,"15,950"
2026-03-26,Beras Kualitas Super II,2,"15,950"
2026-03-27,Beras Kualitas Super II,2,"15,950"
2026-03-30,Beras Kualitas Super II,2,"15,950"
2026-03-31,Beras Kualitas Super II,2,"15,950"
2026-03-02,Daging Ayam,1,"35,350"
2026-03-03,Daging Ayam,1,"35,350"
2026-03-04,Daging Ayam,1,"35,350"
2026-03-05,Daging Ayam,1,"35,000"
2026-03-06,Daging Ayam,1,"35,000"
2026-03-09,Daging Ayam,1,"35,000"
2026-03-10,Daging Ayam,1,"35,000"
2026-03-11,Daging Ayam,1,"35,050"
2026-03-12,Daging Ayam,1,"35,400"
2026-03-13,Daging Ayam,1,"35,400"
2026-03-16,Daging Ayam,1,"35,400"
2026-03-17,Daging Ayam,1,"35,400"
2026-03-18,Daging Ayam,1,"35,400"
2026-03-19,Daging Ayam,1,"35,850"
2026-03-20,Daging Ayam,1,"35,800"
2026-03-23,Daging Ayam,1,"35,800"
2026-03-24,Daging Ayam,1,"35,800"
2026-03-25,Daging Ayam,1,"35,950"
2026-03-26,Daging Ayam,1,"36,850"
2026-03-27,Daging Ayam,1,"36,850"
2026-03-30,Daging Ayam,1,"36,850"
2026-03-31,Daging Ayam,1,"36,850"
2026-03-02,Daging Ayam Ras Segar,2,"35,350"
2026-03-03,Daging Ayam Ras Segar,2,"35,350"
2026-03-04,Daging Ayam Ras Segar,2,"35,350"
2026-03-05,Daging Ayam Ras Segar,2,"35,000"
2026-03-06,Daging Ayam Ras Segar,2,"35,000"
2026-03-09,Daging Ayam Ras Segar,2,"35,000"
2026-03-10,Daging Ayam Ras Segar,2,"35,000"
2026-03-11,Daging Ayam Ras Segar,2,"35,050"
2026-03-12,Daging Ayam Ras Segar,2,"35,400"
2026-03-13,Daging Ayam Ras Segar,2,"35,400"
2026-03-16,Daging Ayam Ras Segar,2,"35,400"
2026-03-17,Daging Ayam Ras Segar,2,"35,400"
2026-03-18,Daging Ayam Ras Segar,2,"35,400"
2026-03-19,Daging Ayam Ras Segar,2,"35,850"
2026-03-20,Daging Ayam Ras Segar,2,"35,800"
2026-03-23,Daging Ayam Ras Segar,2,"35,800"
2026-03-24,Daging Ayam Ras Segar,2,"35,800"
2026-03-25,Daging Ayam Ras Segar,2,"35,950"
2026-03-26,Daging Ayam Ras Segar,2,"36,850"
2026-03-27,Daging Ayam Ras Segar,2,"36,850"
2026-03-30,Daging Ayam Ras Segar,2,"36,850"
2026-03-31,Daging Ayam Ras Segar,2,"36,850"
2026-03-02,Daging Sapi,1,"132,600"
2026-03-03,Daging Sapi,1,"132,600"
2026-03-04,Daging Sapi,1,"132,600"
2026-03-05,Daging Sapi,1,"132,200"
2026-03-06,Daging Sapi,1,"132,200"
2026-03-09,Daging Sapi,1,"132,200"
2026-03-10,Daging Sapi,1,"132,200"
2026-03-11,Daging Sapi,1,"132,200"
2026-03-12,Daging Sapi,1,"133,200"
2026-03-13,Daging Sapi,1,"133,200"
2026-03-16,Daging Sapi,1,"133,200"
2026-03-17,Daging Sapi,1,"133,200"
2026-03-18,Daging Sapi,1,"133,200"
2026-03-19,Daging Sapi,1,"134,750"
2026-03-20,Daging Sapi,1,"134,700"
2026-03-23,Daging Sapi,1,"134,700"
2026-03-24,Daging Sapi,1,"134,700"
2026-03-25,Daging Sapi,1,"134,900"
2026-03-26,Daging Sapi,1,"136,500"
2026-03-27,Daging Sapi,1,"136,500"
2026-03-30,Daging Sapi,1,"136,500"
2026-03-31,Daging Sapi,1,"136,500"
2026-03-02,Daging Sapi Kualitas 1,2,"135,450"
2026-03-03,Daging Sapi Kualitas 1,2,"135,450"
2026-03-04,Daging Sapi Kualitas 1,2,"135,450"
2026-03-05,Daging Sapi Kualitas 1,2,"135,000"
2026-03-06,Daging Sapi Kualitas 1,2,"135,000"
2026-03-09,Daging Sapi Kualitas 1,2,"135,000"
2026-03-10,Daging Sapi Kualitas 1,2,"135,000"
2026-03-11,Daging Sapi Kualitas 1,2,"135,000"
2026-03-12,Daging Sapi Kualitas 1,2,"136,150"
2026-03-13,Daging Sapi Kualitas 1,2,"136,150"
2026-03-16,Daging Sapi Kualitas 1,2,"136,150"
2026-03-17,Daging Sapi Kualitas 1,2,"136,150"
2026-03-18,Daging Sapi Kualitas 1,2,"136,150"
2026-03-19,Daging Sapi Kualitas 1,2,"137,650"
2026-03-20,Daging Sapi Kualitas 1,2,"137,600"
2026-03-23,Daging Sapi Kualitas 1,2,"137,600"
2026-03-24,Daging Sapi Kualitas 1,2,"137,600"
2026-03-25,Daging Sapi Kualitas 1,2,"137,800"
2026-03-26,Daging Sapi Kualitas 1,2,"139,350"
2026-03-27,Daging Sapi Kualitas 1,2,"139,350"
2026-03-30,Daging Sapi Kualitas 1,2,"139,350"
2026-03-31,Daging Sapi Kualitas 1,2,"139,350"
2026-03-02,Daging Sapi Kualitas 2,2,"129,250"
2026-03-03,Daging Sapi Kualitas 2,2,"129,250"
2026-03-04,Daging Sapi Kualitas 2,2,"129,250"
2026-03-05,Daging Sapi Kualitas 2,2,"129,200"
2026-03-06,Daging Sapi Kualitas 2,2,"129,200"
2026-03-09,Daging Sapi Kualitas 2,2,"129,200"
2026-03-10,Daging Sapi Kualitas 2,2,"129,200"
2026-03-11,Daging Sapi Kualitas 2,2,"129,200"
2026-03-12,Daging Sapi Kualitas 2,2,"129,900"
2026-03-13,Daging Sapi Kualitas 2,2,"129,900"
2026-03-16,Daging Sapi Kualitas 2,2,"129,900"
2026-03-17,Daging Sapi Kualitas 2,2,"129,900"
2026-03-18,Daging Sapi Kualitas 2,2,"129,900"
2026-03-19,Daging Sapi Kualitas 2,2,"131,950"
2026-03-20,Daging Sapi Kualitas 2,2,"131,900"
2026-03-23,Daging Sapi Kualitas 2,2,"131,900"
2026-03-24,Daging Sapi Kualitas 2,2,"131,900"
2026-03-25,Daging Sapi Kualitas 2,2,"132,100"
2026-03-26,Daging Sapi Kualitas 2,2,"133,800"
2026-03-27,Daging Sapi Kualitas 2,2,"133,800"
2026-03-30,Daging Sapi Kualitas 2,2,"133,800"
2026-03-31,Daging Sapi Kualitas 2,2,"133,800"
2026-03-02,Telur Ayam,1,"29,650"
2026-03-03,Telur Ayam,1,"29,650"
2026-03-04,Telur Ayam,1,"29,650"
2026-03-05,Telur Ayam,1,"29,750"
2026-03-06,Telur Ayam,1,"29,750"
2026-03-09,Telur Ayam,1,"29,750"
2026-03-10,Telur Ayam,1,"29,750"
2026-03-11,Telur Ayam,1,"29,800"
2026-03-12,Telur Ayam,1,"29,950"
2026-03-13,Telur Ayam,1,"29,950"
2026-03-16,Telur Ayam,1,"29,950"
2026-03-17,Telur Ayam,1,"29,950"
2026-03-18,Telur Ayam,1,"29,950"
2026-03-19,Telur Ayam,1,"30,200"
2026-03-20,Telur Ayam,1,"30,200"
2026-03-23,Telur Ayam,1,"30,200"
2026-03-24,Telur Ayam,1,"30,200"
2026-03-25,Telur Ayam,1,"30,200"
2026-03-26,Telur Ayam,1,"30,300"
2026-03-27,Telur Ayam,1,"30,300"
2026-03-30,Telur Ayam,1,"30,300"
2026-03-31,Telur Ayam,1,"30,300"
2026-03-02,Telur Ayam Ras Segar,2,"29,650"
2026-03-03,Telur Ayam Ras Segar,2,"29,650"
2026-03-04,Telur Ayam Ras Segar,2,"29,650"
2026-03-05,Telur Ayam Ras Segar,2,"29,750"
2026-03-06,Telur Ayam Ras Segar,2,"29,750"
2026-03-09,Telur Ayam Ras Segar,2,"29,750"
2026-03-10,Telur Ayam Ras Segar,2,"29,750"
2026-03-11,Telur Ayam Ras Segar,2,"29,800"
2026-03-12,Telur Ayam Ras Segar,2,"29,950"
2026-03-13,Telur Ayam Ras Segar,2,"29,950"
2026-03-16,Telur Ayam Ras Segar,2,"29,950"
2026-03-17,Telur Ayam Ras Segar,2,"29,950"
2026-03-18,Telur Ayam Ras Segar,2,"29,950"
2026-03-19,Telur Ayam Ras Segar,2,"30,200"
2026-03-20,Telur Ayam Ras Segar,2,"30,200"
2026-03-23,Telur Ayam Ras Segar,2,"30,200"
2026-03-24,Telur Ayam Ras Segar,2,"30,200"
2026-03-25,Telur Ayam Ras Segar,2,"30,200"
2026-03-26,Telur Ayam Ras Segar,2,"30,300"
2026-03-27,Telur Ayam Ras Segar,2,"30,300"
2026-03-30,Telur Ayam Ras Segar,2,"30,300"
2026-03-31,Telur Ayam Ras Segar,2,"30,300"
2026-03-02,Bawang Merah,1,"35,550"
2026-03-03,Bawang Merah,1,"35,550"
2026-03-04,Bawang Merah,1,"35,550"
2026-03-05,Bawang Merah,1,"34,550"
2026-03-06,Bawang Merah,1,"34,550"
2026-03-09,Bawang Merah,1,"34,550"
2026-03-10,Bawang Merah,1,"34,550"
2026-03-11,Bawang Merah,1,"34,500"
2026-03-12,Bawang Merah,1,"34,550"
2026-03-13,Bawang Merah,1,"34,550"
2026-03-16,Bawang Merah,1,"34,550"
2026-03-17,Bawang Merah,1,"34,550"
2026-03-18,Bawang Merah,1,"34,550"
2026-03-19,Bawang Merah,1,"34,800"
2026-03-20,Bawang Merah,1,"34,800"
2026-03-23,Bawang Merah,1,"34,800"
2026-03-24,Bawang Merah,1,"34,800"
2026-03-25,Bawang Merah,1,"34,950"
2026-03-26,Bawang Merah,1,"36,300"
2026-03-27,Bawang Merah,1,"36,300"
2026-03-30,Bawang Merah,1,"36,300"
2026-03-31,Bawang Merah,1,"36,300"
2026-03-02,Bawang Merah Ukuran Sedang,2,"35,550"
2026-03-03,Bawang Merah Ukuran Sedang,2,"35,550"
2026-03-04,Bawang Merah Ukuran Sedang,2,"35,550"
2026-03-05,Bawang Merah Ukuran Sedang,2,"34,550"
2026-03-06,Bawang Merah Ukuran Sedang,2,"34,550"
2026-03-09,Bawang Merah Ukuran Sedang,2,"34,550"
2026-03-10,Bawang Merah Ukuran Sedang,2,"34,550"
2026-03-11,Bawang Merah Ukuran Sedang,2,"34,500"
2026-03-12,Bawang Merah Ukuran Sedang,2,"34,550"
2026-03-13,Bawang Merah Ukuran Sedang,2,"34,550"
2026-03-16,Bawang Merah Ukuran Sedang,2,"34,550"
2026-03-17,Bawang Merah Ukuran Sedang,2,"34,550"
2026-03-18,Bawang Merah Ukuran Sedang,2,"34,550"
2026-03-19,Bawang Merah Ukuran Sedang,2,"34,800"
2026-03-20,Bawang Merah Ukuran Sedang,2,"34,800"
2026-03-23,Bawang Merah Ukuran Sedang,2,"34,800"
2026-03-24,Bawang Merah Ukuran Sedang,2,"34,800"
2026-03-25,Bawang Merah Ukuran Sedang,2,"34,950"
2026-03-26,Bawang Merah Ukuran Sedang,2,"36,300"
2026-03-27,Bawang Merah Ukuran Sedang,2,"36,300"
2026-03-30,Bawang Merah Ukuran Sedang,2,"36,300"
2026-03-31,Bawang Merah Ukuran Sedang,2,"36,300"
2026-03-02,Bawang Putih,1,"32,150"
2026-03-03,Bawang Putih,1,"32,150"
2026-03-04,Bawang Putih,1,"32,150"
2026-03-05,Bawang Putih,1,"31,800"
2026-03-06,Bawang Putih,1,"31,800"
2026-03-09,Bawang Putih,1,"31,800"
2026-03-10,Bawang Putih,1,"31,800"
2026-03-11,Bawang Putih,1,"31,700"
2026-03-12,Bawang Putih,1,"31,750"
2026-03-13,Bawang Putih,1,"31,750"
2026-03-16,Bawang Putih,1,"31,750"
2026-03-17,Bawang Putih,1,"31,750"
2026-03-18,Bawang Putih,1,"31,750"
2026-03-19,Bawang Putih,1,"31,750"
2026-03-20,Bawang Putih,1,"31,700"
2026-03-23,Bawang Putih,1,"31,700"
2026-03-24,Bawang Putih,1,"31,700"
2026-03-25,Bawang Putih,1,"31,850"
2026-03-26,Bawang Putih,1,"32,000"
2026-03-27,Bawang Putih,1,"32,000"
2026-03-30,Bawang Putih,1,"32,000"
2026-03-31,Bawang Putih,1,"32,000"
2026-03-02,Bawang Putih Ukuran Sedang,2,"32,150"
2026-03-03,Bawang Putih Ukuran Sedang,2,"32,150"
2026-03-04,Bawang Putih Ukuran Sedang,2,"32,150"
2026-03-05,Bawang Putih Ukuran Sedang,2,"31,800"
2026-03-06,Bawang Putih Ukuran Sedang,2,"31,800"
2026-03-09,Bawang Putih Ukuran Sedang,2,"31,800"
2026-03-10,Bawang Putih Ukuran Sedang,2,"31,800"
2026-03-11,Bawang Putih Ukuran Sedang,2,"31,700"
2026-03-12,Bawang Putih Ukuran Sedang,2,"31,750"
2026-03-13,Bawang Putih Ukuran Sedang,2,"31,750"
2026-03-16,Bawang Putih Ukuran Sedang,2,"31,750"
2026-03-17,Bawang Putih Ukuran Sedang,2,"31,750"
2026-03-18,Bawang Putih Ukuran Sedang,2,"31,750"
2026-03-19,Bawang Putih Ukuran Sedang,2,"31,750"
2026-03-20,Bawang Putih Ukuran Sedang,2,"31,700"
2026-03-23,Bawang Putih Ukuran Sedang,2,"31,700"
2026-03-24,Bawang Putih Ukuran Sedang,2,"31,700"
2026-03-25,Bawang Putih Ukuran Sedang,2,"31,850"
2026-03-26,Bawang Putih Ukuran Sedang,2,"32,000"
2026-03-27,Bawang Putih Ukuran Sedang,2,"32,000"
2026-03-30,Bawang Putih Ukuran Sedang,2,"32,000"
2026-03-31,Bawang Putih Ukuran Sedang,2,"32,000"
2026-03-02,Cabai Merah,1,"35,250"
2026-03-03,Cabai Merah,1,"35,250"
2026-03-04,Cabai Merah,1,"35,150"
2026-03-05,Cabai Merah,1,"33,300"
2026-03-06,Cabai Merah,1,"33,300"
2026-03-09,Cabai Merah,1,"33,300"
2026-03-10,Cabai Merah,1,"33,300"
2026-03-11,Cabai Merah,1,"33,350"
2026-03-12,Cabai Merah,1,"33,550"
2026-03-13,Cabai Merah,1,"33,550"
2026-03-16,Cabai Merah,1,"33,550"
2026-03-17,Cabai Merah,1,"33,550"
2026-03-18,Cabai Merah,1,"33,550"
2026-03-19,Cabai Merah,1,"38,150"
2026-03-20,Cabai Merah,1,"38,150"
2026-03-23,Cabai Merah,1,"38,150"
2026-03-24,Cabai Merah,1,"38,150"
2026-03-25,Cabai Merah,1,"38,450"
2026-03-26,Cabai Merah,1,"42,700"
2026-03-27,Cabai Merah,1,"42,700"
2026-03-30,Cabai Merah,1,"42,700"
2026-03-31,Cabai Merah,1,"42,700"
2026-03-02,Cabai Merah Besar,2,"33,950"
2026-03-03,Cabai Merah Besar,2,"33,950"
2026-03-04,Cabai Merah Besar,2,"33,800"
2026-03-05,Cabai Merah Besar,2,"32,650"
2026-03-06,Cabai Merah Besar,2,"32,650"
2026-03-09,Cabai Merah Besar,2,"32,650"
2026-03-10,Cabai Merah Besar,2,"32,650"
2026-03-11,Cabai Merah Besar,2,"32,800"
2026-03-12,Cabai Merah Besar,2,"33,600"
2026-03-13,Cabai Merah Besar,2,"33,600"
2026-03-16,Cabai Merah Besar,2,"33,600"
2026-03-17,Cabai Merah Besar,2,"33,600"
2026-03-18,Cabai Merah Besar,2,"33,600"
2026-03-19,Cabai Merah Besar,2,"38,400"
2026-03-20,Cabai Merah Besar,2,"38,400"
2026-03-23,Cabai Merah Besar,2,"38,400"
2026-03-24,Cabai Merah Besar,2,"38,400"
2026-03-25,Cabai Merah Besar,2,"38,750"
2026-03-26,Cabai Merah Besar,2,"42,700"
2026-03-27,Cabai Merah Besar,2,"42,700"
2026-03-30,Cabai Merah Besar,2,"42,700"
2026-03-31,Cabai Merah Besar,2,"42,700"
2026-03-02,Cabai Merah Keriting ,2,"35,300"
2026-03-03,Cabai Merah Keriting ,2,"35,300"
2026-03-04,Cabai Merah Keriting ,2,"35,250"
2026-03-05,Cabai Merah Keriting ,2,"33,100"
2026-03-06,Cabai Merah Keriting ,2,"33,100"
2026-03-09,Cabai Merah Keriting ,2,"33,100"
2026-03-10,Cabai Merah Keriting ,2,"33,100"
2026-03-11,Cabai Merah Keriting ,2,"33,100"
2026-03-12,Cabai Merah Keriting ,2,"33,000"
2026-03-13,Cabai Merah Keriting ,2,"33,000"
2026-03-16,Cabai Merah Keriting ,2,"33,000"
2026-03-17,Cabai Merah Keriting ,2,"33,000"
2026-03-18,Cabai Merah Keriting ,2,"33,000"
2026-03-19,Cabai Merah Keriting ,2,"38,150"
2026-03-20,Cabai Merah Keriting ,2,"38,150"
2026-03-23,Cabai Merah Keriting ,2,"38,150"
2026-03-24,Cabai Merah Keriting ,2,"38,150"
2026-03-25,Cabai Merah Keriting ,2,"38,450"
2026-03-26,Cabai Merah Keriting ,2,"42,800"
2026-03-27,Cabai Merah Keriting ,2,"42,800"
2026-03-30,Cabai Merah Keriting ,2,"42,800"
2026-03-31,Cabai Merah Keriting ,2,"42,800"
2026-03-02,Cabai Rawit,1,"55,300"
2026-03-03,Cabai Rawit,1,"55,300"
2026-03-04,Cabai Rawit,1,"55,400"
2026-03-05,Cabai Rawit,1,"55,700"
2026-03-06,Cabai Rawit,1,"55,700"
2026-03-09,Cabai Rawit,1,"55,700"
2026-03-10,Cabai Rawit,1,"55,700"
2026-03-11,Cabai Rawit,1,"55,800"
2026-03-12,Cabai Rawit,1,"59,400"
2026-03-13,Cabai Rawit,1,"59,750"
2026-03-16,Cabai Rawit,1,"59,750"
2026-03-17,Cabai Rawit,1,"59,750"
2026-03-18,Cabai Rawit,1,"59,750"
2026-03-19,Cabai Rawit,1,"63,350"
2026-03-20,Cabai Rawit,1,"63,300"
2026-03-23,Cabai Rawit,1,"63,300"
2026-03-24,Cabai Rawit,1,"63,300"
2026-03-25,Cabai Rawit,1,"63,350"
2026-03-26,Cabai Rawit,1,"64,450"
2026-03-27,Cabai Rawit,1,"64,450"
2026-03-30,Cabai Rawit,1,"64,450"
2026-03-31,Cabai Rawit,1,"64,450"
2026-03-02,Cabai Rawit Hijau,2,"48,600"
2026-03-03,Cabai Rawit Hijau,2,"48,600"
2026-03-04,Cabai Rawit Hijau,2,"48,600"
2026-03-05,Cabai Rawit Hijau,2,"47,150"
2026-03-06,Cabai Rawit Hijau,2,"47,150"
2026-03-09,Cabai Rawit Hijau,2,"47,150"
2026-03-10,Cabai Rawit Hijau,2,"47,150"
2026-03-11,Cabai Rawit Hijau,2,"47,250"
2026-03-12,Cabai Rawit Hijau,2,"47,900"
2026-03-13,Cabai Rawit Hijau,2,"48,650"
2026-03-16,Cabai Rawit Hijau,2,"48,650"
2026-03-17,Cabai Rawit Hijau,2,"48,650"
2026-03-18,Cabai Rawit Hijau,2,"48,650"
2026-03-19,Cabai Rawit Hijau,2,"51,150"
2026-03-20,Cabai Rawit Hijau,2,"51,000"
2026-03-23,Cabai Rawit Hijau,2,"51,000"
2026-03-24,Cabai Rawit Hijau,2,"51,000"
2026-03-25,Cabai Rawit Hijau,2,"51,150"
2026-03-26,Cabai Rawit Hijau,2,"54,200"
2026-03-27,Cabai Rawit Hijau,2,"54,200"
2026-03-30,Cabai Rawit Hijau,2,"54,200"
2026-03-31,Cabai Rawit Hijau,2,"54,200"
2026-03-02,Cabai Rawit Merah,2,"63,600"
2026-03-03,Cabai Rawit Merah,2,"63,600"
2026-03-04,Cabai Rawit Merah,2,"63,800"
2026-03-05,Cabai Rawit Merah,2,"65,850"
2026-03-06,Cabai Rawit Merah,2,"65,850"
2026-03-09,Cabai Rawit Merah,2,"65,850"
2026-03-10,Cabai Rawit Merah,2,"65,850"
2026-03-11,Cabai Rawit Merah,2,"65,950"
2026-03-12,Cabai Rawit Merah,2,"72,300"
2026-03-13,Cabai Rawit Merah,2,"72,300"
2026-03-16,Cabai Rawit Merah,2,"72,300"
2026-03-17,Cabai Rawit Merah,2,"72,300"
2026-03-18,Cabai Rawit Merah,2,"72,300"
2026-03-19,Cabai Rawit Merah,2,"77,300"
2026-03-20,Cabai Rawit Merah,2,"77,300"
2026-03-23,Cabai Rawit Merah,2,"77,300"
2026-03-24,Cabai Rawit Merah,2,"77,300"
2026-03-25,Cabai Rawit Merah,2,"77,300"
2026-03-26,Cabai Rawit Merah,2,"74,500"
2026-03-27,Cabai Rawit Merah,2,"74,500"
2026-03-30,Cabai Rawit Merah,2,"74,500"
2026-03-31,Cabai Rawit Merah,2,"74,500"
2026-03-02,Minyak Goreng,1,"19,700"
2026-03-03,Minyak Goreng,1,"19,700"
2026-03-04,Minyak Goreng,1,"19,700"
2026-03-05,Minyak Goreng,1,"19,700"
2026-03-06,Minyak Goreng,1,"19,700"
2026-03-09,Minyak Goreng,1,"19,700"
2026-03-10,Minyak Goreng,1,"19,700"
2026-03-11,Minyak Goreng,1,"19,700"
2026-03-12,Minyak Goreng,1,"19,800"
2026-03-13,Minyak Goreng,1,"19,850"
2026-03-16,Minyak Goreng,1,"19,850"
2026-03-17,Minyak Goreng,1,"19,850"
2026-03-18,Minyak Goreng,1,"19,850"
2026-03-19,Minyak Goreng,1,"19,900"
2026-03-20,Minyak Goreng,1,"19,900"
2026-03-23,Minyak Goreng,1,"19,900"
2026-03-24,Minyak Goreng,1,"19,900"
2026-03-25,Minyak Goreng,1,"19,900"
2026-03-26,Minyak Goreng,1,"20,100"
2026-03-27,Minyak Goreng,1,"20,050"
2026-03-30,Minyak Goreng,1,"20,050"
2026-03-31,Minyak Goreng,1,"20,050"
2026-03-02,Minyak Goreng Curah,2,"17,700"
2026-03-03,Minyak Goreng Curah,2,"17,700"
2026-03-04,Minyak Goreng Curah,2,"17,700"
2026-03-05,Minyak Goreng Curah,2,"17,800"
2026-03-06,Minyak Goreng Curah,2,"17,800"
2026-03-09,Minyak Goreng Curah,2,"17,800"
2026-03-10,Minyak Goreng Curah,2,"17,800"
2026-03-11,Minyak Goreng Curah,2,"17,800"
2026-03-12,Minyak Goreng Curah,2,"18,000"
2026-03-13,Minyak Goreng Curah,2,"18,000"
2026-03-16,Minyak Goreng Curah,2,"18,000"
2026-03-17,Minyak Goreng Curah,2,"18,000"
2026-03-18,Minyak Goreng Curah,2,"18,000"
2026-03-19,Minyak Goreng Curah,2,"18,100"
2026-03-20,Minyak Goreng Curah,2,"18,150"
2026-03-23,Minyak Goreng Curah,2,"18,150"
2026-03-24,Minyak Goreng Curah,2,"18,150"
2026-03-25,Minyak Goreng Curah,2,"18,100"
2026-03-26,Minyak Goreng Curah,2,"18,400"
2026-03-27,Minyak Goreng Curah,2,"18,400"
2026-03-30,Minyak Goreng Curah,2,"18,400"
2026-03-31,Minyak Goreng Curah,2,"18,400"
2026-03-02,Minyak Goreng Kemasan Bermerk 1,2,"20,600"
2026-03-03,Minyak Goreng Kemasan Bermerk 1,2,"20,600"
2026-03-04,Minyak Goreng Kemasan Bermerk 1,2,"20,600"
2026-03-05,Minyak Goreng Kemasan Bermerk 1,2,"20,600"
2026-03-06,Minyak Goreng Kemasan Bermerk 1,2,"20,600"
2026-03-09,Minyak Goreng Kemasan Bermerk 1,2,"20,600"
2026-03-10,Minyak Goreng Kemasan Bermerk 1,2,"20,600"
2026-03-11,Minyak Goreng Kemasan Bermerk 1,2,"20,600"
2026-03-12,Minyak Goreng Kemasan Bermerk 1,2,"20,650"
2026-03-13,Minyak Goreng Kemasan Bermerk 1,2,"20,650"
2026-03-16,Minyak Goreng Kemasan Bermerk 1,2,"20,650"
2026-03-17,Minyak Goreng Kemasan Bermerk 1,2,"20,650"
2026-03-18,Minyak Goreng Kemasan Bermerk 1,2,"20,650"
2026-03-19,Minyak Goreng Kemasan Bermerk 1,2,"20,700"
2026-03-20,Minyak Goreng Kemasan Bermerk 1,2,"20,700"
2026-03-23,Minyak Goreng Kemasan Bermerk 1,2,"20,700"
2026-03-24,Minyak Goreng Kemasan Bermerk 1,2,"20,700"
2026-03-25,Minyak Goreng Kemasan Bermerk 1,2,"20,700"
2026-03-26,Minyak Goreng Kemasan Bermerk 1,2,"20,800"
2026-03-27,Minyak Goreng Kemasan Bermerk 1,2,"20,800"
2026-03-30,Minyak Goreng Kemasan Bermerk 1,2,"20,800"
2026-03-31,Minyak Goreng Kemasan Bermerk 1,2,"20,800"
2026-03-02,Minyak Goreng Kemasan Bermerk 2,2,"20,150"
2026-03-03,Minyak Goreng Kemasan Bermerk 2,2,"20,150"
2026-03-04,Minyak Goreng Kemasan Bermerk 2,2,"20,150"
2026-03-05,Minyak Goreng Kemasan Bermerk 2,2,"20,050"
2026-03-06,Minyak Goreng Kemasan Bermerk 2,2,"20,100"
2026-03-09,Minyak Goreng Kemasan Bermerk 2,2,"20,100"
2026-03-10,Minyak Goreng Kemasan Bermerk 2,2,"20,100"
2026-03-11,Minyak Goreng Kemasan Bermerk 2,2,"20,100"
2026-03-12,Minyak Goreng Kemasan Bermerk 2,2,"20,150"
2026-03-13,Minyak Goreng Kemasan Bermerk 2,2,"20,200"
2026-03-16,Minyak Goreng Kemasan Bermerk 2,2,"20,200"
2026-03-17,Minyak Goreng Kemasan Bermerk 2,2,"20,200"
2026-03-18,Minyak Goreng Kemasan Bermerk 2,2,"20,200"
2026-03-19,Minyak Goreng Kemasan Bermerk 2,2,"20,350"
2026-03-20,Minyak Goreng Kemasan Bermerk 2,2,"20,350"
2026-03-23,Minyak Goreng Kemasan Bermerk 2,2,"20,350"
2026-03-24,Minyak Goreng Kemasan Bermerk 2,2,"20,350"
2026-03-25,Minyak Goreng Kemasan Bermerk 2,2,"20,350"
2026-03-26,Minyak Goreng Kemasan Bermerk 2,2,"20,400"
2026-03-27,Minyak Goreng Kemasan Bermerk 2,2,"20,400"
2026-03-30,Minyak Goreng Kemasan Bermerk 2,2,"20,400"
2026-03-31,Minyak Goreng Kemasan Bermerk 2,2,"20,400"
2026-03-02,Gula Pasir,1,"17,500"
2026-03-03,Gula Pasir,1,"17,500"
2026-03-04,Gula Pasir,1,"17,500"
2026-03-05,Gula Pasir,1,"17,550"
2026-03-06,Gula Pasir,1,"17,550"
2026-03-09,Gula Pasir,1,"17,550"
2026-03-10,Gula Pasir,1,"17,550"
2026-03-11,Gula Pasir,1,"17,550"
2026-03-12,Gula Pasir,1,"17,650"
2026-03-13,Gula Pasir,1,"17,650"
2026-03-16,Gula Pasir,1,"17,650"
2026-03-17,Gula Pasir,1,"17,650"
2026-03-18,Gula Pasir,1,"17,650"
2026-03-19,Gula Pasir,1,"17,650"
2026-03-20,Gula Pasir,1,"17,700"
2026-03-23,Gula Pasir,1,"17,700"
2026-03-24,Gula Pasir,1,"17,700"
2026-03-25,Gula Pasir,1,"17,700"
2026-03-26,Gula Pasir,1,"17,750"
2026-03-27,Gula Pasir,1,"17,750"
2026-03-30,Gula Pasir,1,"17,750"
2026-03-31,Gula Pasir,1,"17,750"
2026-03-02,Gula Pasir Kualitas Premium,2,"18,250"
2026-03-03,Gula Pasir Kualitas Premium,2,"18,250"
2026-03-04,Gula Pasir Kualitas Premium,2,"18,250"
2026-03-05,Gula Pasir Kualitas Premium,2,"18,250"
2026-03-06,Gula Pasir Kualitas Premium,2,"18,250"
2026-03-09,Gula Pasir Kualitas Premium,2,"18,250"
2026-03-10,Gula Pasir Kualitas Premium,2,"18,250"
2026-03-11,Gula Pasir Kualitas Premium,2,"18,250"
2026-03-12,Gula Pasir Kualitas Premium,2,"18,300"
2026-03-13,Gula Pasir Kualitas Premium,2,"18,300"
2026-03-16,Gula Pasir Kualitas Premium,2,"18,300"
2026-03-17,Gula Pasir Kualitas Premium,2,"18,300"
2026-03-18,Gula Pasir Kualitas Premium,2,"18,300"
2026-03-19,Gula Pasir Kualitas Premium,2,"18,300"
2026-03-20,Gula Pasir Kualitas Premium,2,"18,300"
2026-03-23,Gula Pasir Kualitas Premium,2,"18,300"
2026-03-24,Gula Pasir Kualitas Premium,2,"18,300"
2026-03-25,Gula Pasir Kualitas Premium,2,"18,300"
2026-03-26,Gula Pasir Kualitas Premium,2,"18,300"
2026-03-27,Gula Pasir Kualitas Premium,2,"18,300"
2026-03-30,Gula Pasir Kualitas Premium,2,"18,300"
2026-03-31,Gula Pasir Kualitas Premium,2,"18,300"
2026-03-02,Gula Pasir Lokal,2,"17,000"
2026-03-03,Gula Pasir Lokal,2,"17,000"
2026-03-04,Gula Pasir Lokal,2,"17,000"
2026-03-05,Gula Pasir Lokal,2,"17,100"
2026-03-06,Gula Pasir Lokal,2,"17,100"
2026-03-09,Gula Pasir Lokal,2,"17,100"
2026-03-10,Gula Pasir Lokal,2,"17,100"
2026-03-11,Gula Pasir Lokal,2,"17,100"
2026-03-12,Gula Pasir Lokal,2,"17,200"
2026-03-13,Gula Pasir Lokal,2,"17,200"
2026-03-16,Gula Pasir Lokal,2,"17,200"
2026-03-17,Gula Pasir Lokal,2,"17,200"
2026-03-18,Gula Pasir Lokal,2,"17,200"
2026-03-19,Gula Pasir Lokal,2,"17,250"
2026-03-20,Gula Pasir Lokal,2,"17,250"
2026-03-23,Gula Pasir Lokal,2,"17,250"
2026-03-24,Gula Pasir Lokal,2,"17,250"
2026-03-25,Gula Pasir Lokal,2,"17,250"
2026-03-26,Gula Pasir Lokal,2,"17,350"
2026-03-27,Gula Pasir Lokal,2,"17,350"
2026-03-30,Gula Pasir Lokal,2,"17,350"
2026-03-31,Gula Pasir Lokal,2,"17,350"
2026-04-01,Beras,1,"14,950"
2026-04-02,Beras,1,"15,000"
2026-04-03,Beras,1,"15,000"
2026-04-06,Beras,1,"15,000"
2026-04-07,Beras,1,"15,000"
2026-04-08,Beras,1,"15,000"
2026-04-09,Beras,1,"15,000"
2026-04-10,Beras,1,"15,000"
2026-04-13,Beras,1,"15,000"
2026-04-14,Beras,1,"15,000"
2026-04-15,Beras,1,"15,000"
2026-04-16,Beras,1,"15,000"
2026-04-17,Beras,1,"15,050"
2026-04-20,Beras,1,"15,050"
2026-04-21,Beras,1,"15,050"
2026-04-22,Beras,1,"15,050"
2026-04-23,Beras,1,"15,050"
2026-04-24,Beras,1,"15,050"
2026-04-27,Beras,1,"15,050"
2026-04-28,Beras,1,"15,050"
2026-04-29,Beras,1,"15,050"
2026-04-30,Beras,1,"15,100"
2026-04-01,Beras Kualitas Bawah I,2,"14,050"
2026-04-02,Beras Kualitas Bawah I,2,"14,050"
2026-04-03,Beras Kualitas Bawah I,2,"14,050"
2026-04-06,Beras Kualitas Bawah I,2,"14,050"
2026-04-07,Beras Kualitas Bawah I,2,"14,050"
2026-04-08,Beras Kualitas Bawah I,2,"14,050"
2026-04-09,Beras Kualitas Bawah I,2,"14,050"
2026-04-10,Beras Kualitas Bawah I,2,"14,050"
2026-04-13,Beras Kualitas Bawah I,2,"14,050"
2026-04-14,Beras Kualitas Bawah I,2,"14,050"
2026-04-15,Beras Kualitas Bawah I,2,"14,050"
2026-04-16,Beras Kualitas Bawah I,2,"14,050"
2026-04-17,Beras Kualitas Bawah I,2,"14,050"
2026-04-20,Beras Kualitas Bawah I,2,"14,050"
2026-04-21,Beras Kualitas Bawah I,2,"14,050"
2026-04-22,Beras Kualitas Bawah I,2,"14,050"
2026-04-23,Beras Kualitas Bawah I,2,"14,050"
2026-04-24,Beras Kualitas Bawah I,2,"14,050"
2026-04-27,Beras Kualitas Bawah I,2,"14,050"
2026-04-28,Beras Kualitas Bawah I,2,"14,050"
2026-04-29,Beras Kualitas Bawah I,2,"14,050"
2026-04-30,Beras Kualitas Bawah I,2,"14,100"
2026-04-01,Beras Kualitas Bawah II,2,"13,750"
2026-04-02,Beras Kualitas Bawah II,2,"13,750"
2026-04-03,Beras Kualitas Bawah II,2,"13,750"
2026-04-06,Beras Kualitas Bawah II,2,"13,750"
2026-04-07,Beras Kualitas Bawah II,2,"13,750"
2026-04-08,Beras Kualitas Bawah II,2,"13,750"
2026-04-09,Beras Kualitas Bawah II,2,"13,750"
2026-04-10,Beras Kualitas Bawah II,2,"13,750"
2026-04-13,Beras Kualitas Bawah II,2,"13,750"
2026-04-14,Beras Kualitas Bawah II,2,"13,750"
2026-04-15,Beras Kualitas Bawah II,2,"13,750"
2026-04-16,Beras Kualitas Bawah II,2,"13,800"
2026-04-17,Beras Kualitas Bawah II,2,"13,800"
2026-04-20,Beras Kualitas Bawah II,2,"13,800"
2026-04-21,Beras Kualitas Bawah II,2,"13,800"
2026-04-22,Beras Kualitas Bawah II,2,"13,800"
2026-04-23,Beras Kualitas Bawah II,2,"13,850"
2026-04-24,Beras Kualitas Bawah II,2,"13,850"
2026-04-27,Beras Kualitas Bawah II,2,"13,850"
2026-04-28,Beras Kualitas Bawah II,2,"13,850"
2026-04-29,Beras Kualitas Bawah II,2,"13,850"
2026-04-30,Beras Kualitas Bawah II,2,"13,950"
2026-04-01,Beras Kualitas Medium I,2,"14,950"
2026-04-02,Beras Kualitas Medium I,2,"15,050"
2026-04-03,Beras Kualitas Medium I,2,"15,050"
2026-04-06,Beras Kualitas Medium I,2,"15,050"
2026-04-07,Beras Kualitas Medium I,2,"15,050"
2026-04-08,Beras Kualitas Medium I,2,"15,050"
2026-04-09,Beras Kualitas Medium I,2,"15,050"
2026-04-10,Beras Kualitas Medium I,2,"15,050"
2026-04-13,Beras Kualitas Medium I,2,"15,050"
2026-04-14,Beras Kualitas Medium I,2,"15,050"
2026-04-15,Beras Kualitas Medium I,2,"15,050"
2026-04-16,Beras Kualitas Medium I,2,"15,050"
2026-04-17,Beras Kualitas Medium I,2,"15,050"
2026-04-20,Beras Kualitas Medium I,2,"15,050"
2026-04-21,Beras Kualitas Medium I,2,"15,050"
2026-04-22,Beras Kualitas Medium I,2,"15,050"
2026-04-23,Beras Kualitas Medium I,2,"15,100"
2026-04-24,Beras Kualitas Medium I,2,"15,100"
2026-04-27,Beras Kualitas Medium I,2,"15,100"
2026-04-28,Beras Kualitas Medium I,2,"15,100"
2026-04-29,Beras Kualitas Medium I,2,"15,100"
2026-04-30,Beras Kualitas Medium I,2,"15,100"
2026-04-01,Beras Kualitas Medium II,2,"14,700"
2026-04-02,Beras Kualitas Medium II,2,"14,750"
2026-04-03,Beras Kualitas Medium II,2,"14,750"
2026-04-06,Beras Kualitas Medium II,2,"14,750"
2026-04-07,Beras Kualitas Medium II,2,"14,750"
2026-04-08,Beras Kualitas Medium II,2,"14,750"
2026-04-09,Beras Kualitas Medium II,2,"14,750"
2026-04-10,Beras Kualitas Medium II,2,"14,750"
2026-04-13,Beras Kualitas Medium II,2,"14,750"
2026-04-14,Beras Kualitas Medium II,2,"14,750"
2026-04-15,Beras Kualitas Medium II,2,"14,750"
2026-04-16,Beras Kualitas Medium II,2,"14,800"
2026-04-17,Beras Kualitas Medium II,2,"14,800"
2026-04-20,Beras Kualitas Medium II,2,"14,800"
2026-04-21,Beras Kualitas Medium II,2,"14,800"
2026-04-22,Beras Kualitas Medium II,2,"14,800"
2026-04-23,Beras Kualitas Medium II,2,"14,800"
2026-04-24,Beras Kualitas Medium II,2,"14,800"
2026-04-27,Beras Kualitas Medium II,2,"14,800"
2026-04-28,Beras Kualitas Medium II,2,"14,800"
2026-04-29,Beras Kualitas Medium II,2,"14,800"
2026-04-30,Beras Kualitas Medium II,2,"14,850"
2026-04-01,Beras Kualitas Super I,2,"16,250"
2026-04-02,Beras Kualitas Super I,2,"16,300"
2026-04-03,Beras Kualitas Super I,2,"16,350"
2026-04-06,Beras Kualitas Super I,2,"16,350"
2026-04-07,Beras Kualitas Super I,2,"16,350"
2026-04-08,Beras Kualitas Super I,2,"16,350"
2026-04-09,Beras Kualitas Super I,2,"16,400"
2026-04-10,Beras Kualitas Super I,2,"16,400"
2026-04-13,Beras Kualitas Super I,2,"16,400"
2026-04-14,Beras Kualitas Super I,2,"16,400"
2026-04-15,Beras Kualitas Super I,2,"16,400"
2026-04-16,Beras Kualitas Super I,2,"16,400"
2026-04-17,Beras Kualitas Super I,2,"16,400"
2026-04-20,Beras Kualitas Super I,2,"16,400"
2026-04-21,Beras Kualitas Super I,2,"16,400"
2026-04-22,Beras Kualitas Super I,2,"16,400"
2026-04-23,Beras Kualitas Super I,2,"16,450"
2026-04-24,Beras Kualitas Super I,2,"16,450"
2026-04-27,Beras Kualitas Super I,2,"16,450"
2026-04-28,Beras Kualitas Super I,2,"16,450"
2026-04-29,Beras Kualitas Super I,2,"16,450"
2026-04-30,Beras Kualitas Super I,2,"16,450"
2026-04-01,Beras Kualitas Super II,2,"15,950"
2026-04-02,Beras Kualitas Super II,2,"16,000"
2026-04-03,Beras Kualitas Super II,2,"16,000"
2026-04-06,Beras Kualitas Super II,2,"16,000"
2026-04-07,Beras Kualitas Super II,2,"16,000"
2026-04-08,Beras Kualitas Super II,2,"16,000"
2026-04-09,Beras Kualitas Super II,2,"16,000"
2026-04-10,Beras Kualitas Super II,2,"16,050"
2026-04-13,Beras Kualitas Super II,2,"16,050"
2026-04-14,Beras Kualitas Super II,2,"16,050"
2026-04-15,Beras Kualitas Super II,2,"16,050"
2026-04-16,Beras Kualitas Super II,2,"16,050"
2026-04-17,Beras Kualitas Super II,2,"16,050"
2026-04-20,Beras Kualitas Super II,2,"16,050"
2026-04-21,Beras Kualitas Super II,2,"16,050"
2026-04-22,Beras Kualitas Super II,2,"16,050"
2026-04-23,Beras Kualitas Super II,2,"16,050"
2026-04-24,Beras Kualitas Super II,2,"16,050"
2026-04-27,Beras Kualitas Super II,2,"16,050"
2026-04-28,Beras Kualitas Super II,2,"16,050"
2026-04-29,Beras Kualitas Super II,2,"16,050"
2026-04-30,Beras Kualitas Super II,2,"16,000"
2026-04-01,Daging Ayam,1,"36,750"
2026-04-02,Daging Ayam,1,"35,500"
2026-04-03,Daging Ayam,1,"35,500"
2026-04-06,Daging Ayam,1,"35,500"
2026-04-07,Daging Ayam,1,"35,500"
2026-04-08,Daging Ayam,1,"35,500"
2026-04-09,Daging Ayam,1,"34,950"
2026-04-10,Daging Ayam,1,"34,950"
2026-04-13,Daging Ayam,1,"34,950"
2026-04-14,Daging Ayam,1,"34,950"
2026-04-15,Daging Ayam,1,"34,950"
2026-04-16,Daging Ayam,1,"34,250"
2026-04-17,Daging Ayam,1,"34,250"
2026-04-20,Daging Ayam,1,"34,250"
2026-04-21,Daging Ayam,1,"34,250"
2026-04-22,Daging Ayam,1,"34,250"
2026-04-23,Daging Ayam,1,"32,750"
2026-04-24,Daging Ayam,1,"32,750"
2026-04-27,Daging Ayam,1,"32,750"
2026-04-28,Daging Ayam,1,"32,750"
2026-04-29,Daging Ayam,1,"32,800"
2026-04-30,Daging Ayam,1,"32,600"
2026-04-01,Daging Ayam Ras Segar,2,"36,750"
2026-04-02,Daging Ayam Ras Segar,2,"35,500"
2026-04-03,Daging Ayam Ras Segar,2,"35,500"
2026-04-06,Daging Ayam Ras Segar,2,"35,500"
2026-04-07,Daging Ayam Ras Segar,2,"35,500"
2026-04-08,Daging Ayam Ras Segar,2,"35,500"
2026-04-09,Daging Ayam Ras Segar,2,"34,950"
2026-04-10,Daging Ayam Ras Segar,2,"34,950"
2026-04-13,Daging Ayam Ras Segar,2,"34,950"
2026-04-14,Daging Ayam Ras Segar,2,"34,950"
2026-04-15,Daging Ayam Ras Segar,2,"34,950"
2026-04-16,Daging Ayam Ras Segar,2,"34,250"
2026-04-17,Daging Ayam Ras Segar,2,"34,250"
2026-04-20,Daging Ayam Ras Segar,2,"34,250"
2026-04-21,Daging Ayam Ras Segar,2,"34,250"
2026-04-22,Daging Ayam Ras Segar,2,"34,250"
2026-04-23,Daging Ayam Ras Segar,2,"32,750"
2026-04-24,Daging Ayam Ras Segar,2,"32,750"
2026-04-27,Daging Ayam Ras Segar,2,"32,750"
2026-04-28,Daging Ayam Ras Segar,2,"32,750"
2026-04-29,Daging Ayam Ras Segar,2,"32,800"
2026-04-30,Daging Ayam Ras Segar,2,"32,600"
2026-04-01,Daging Sapi,1,"136,500"
2026-04-02,Daging Sapi,1,"136,150"
2026-04-03,Daging Sapi,1,"136,150"
2026-04-06,Daging Sapi,1,"136,150"
2026-04-07,Daging Sapi,1,"136,150"
2026-04-08,Daging Sapi,1,"136,150"
2026-04-09,Daging Sapi,1,"136,100"
2026-04-10,Daging Sapi,1,"136,100"
2026-04-13,Daging Sapi,1,"136,100"
2026-04-14,Daging Sapi,1,"136,100"
2026-04-15,Daging Sapi,1,"136,100"
2026-04-16,Daging Sapi,1,"136,000"
2026-04-17,Daging Sapi,1,"136,000"
2026-04-20,Daging Sapi,1,"136,000"
2026-04-21,Daging Sapi,1,"136,000"
2026-04-22,Daging Sapi,1,"136,000"
2026-04-23,Daging Sapi,1,"136,000"
2026-04-24,Daging Sapi,1,"136,000"
2026-04-27,Daging Sapi,1,"136,000"
2026-04-28,Daging Sapi,1,"136,000"
2026-04-29,Daging Sapi,1,"136,050"
2026-04-30,Daging Sapi,1,"136,300"
2026-04-01,Daging Sapi Kualitas 1,2,"139,350"
2026-04-02,Daging Sapi Kualitas 1,2,"139,150"
2026-04-03,Daging Sapi Kualitas 1,2,"139,150"
2026-04-06,Daging Sapi Kualitas 1,2,"139,150"
2026-04-07,Daging Sapi Kualitas 1,2,"139,150"
2026-04-08,Daging Sapi Kualitas 1,2,"139,150"
2026-04-09,Daging Sapi Kualitas 1,2,"138,850"
2026-04-10,Daging Sapi Kualitas 1,2,"138,900"
2026-04-13,Daging Sapi Kualitas 1,2,"138,900"
2026-04-14,Daging Sapi Kualitas 1,2,"138,900"
2026-04-15,Daging Sapi Kualitas 1,2,"138,900"
2026-04-16,Daging Sapi Kualitas 1,2,"138,850"
2026-04-17,Daging Sapi Kualitas 1,2,"138,850"
2026-04-20,Daging Sapi Kualitas 1,2,"138,850"
2026-04-21,Daging Sapi Kualitas 1,2,"138,850"
2026-04-22,Daging Sapi Kualitas 1,2,"138,850"
2026-04-23,Daging Sapi Kualitas 1,2,"138,800"
2026-04-24,Daging Sapi Kualitas 1,2,"138,800"
2026-04-27,Daging Sapi Kualitas 1,2,"138,800"
2026-04-28,Daging Sapi Kualitas 1,2,"138,800"
2026-04-29,Daging Sapi Kualitas 1,2,"138,900"
2026-04-30,Daging Sapi Kualitas 1,2,"139,200"
2026-04-01,Daging Sapi Kualitas 2,2,"133,800"
2026-04-02,Daging Sapi Kualitas 2,2,"133,200"
2026-04-03,Daging Sapi Kualitas 2,2,"133,200"
2026-04-06,Daging Sapi Kualitas 2,2,"133,200"
2026-04-07,Daging Sapi Kualitas 2,2,"133,200"
2026-04-08,Daging Sapi Kualitas 2,2,"133,200"
2026-04-09,Daging Sapi Kualitas 2,2,"133,150"
2026-04-10,Daging Sapi Kualitas 2,2,"133,150"
2026-04-13,Daging Sapi Kualitas 2,2,"133,150"
2026-04-14,Daging Sapi Kualitas 2,2,"133,150"
2026-04-15,Daging Sapi Kualitas 2,2,"133,150"
2026-04-16,Daging Sapi Kualitas 2,2,"133,300"
2026-04-17,Daging Sapi Kualitas 2,2,"133,300"
2026-04-20,Daging Sapi Kualitas 2,2,"133,300"
2026-04-21,Daging Sapi Kualitas 2,2,"133,300"
2026-04-22,Daging Sapi Kualitas 2,2,"133,300"
2026-04-23,Daging Sapi Kualitas 2,2,"133,150"
2026-04-24,Daging Sapi Kualitas 2,2,"133,150"
2026-04-27,Daging Sapi Kualitas 2,2,"133,150"
2026-04-28,Daging Sapi Kualitas 2,2,"133,150"
2026-04-29,Daging Sapi Kualitas 2,2,"133,150"
2026-04-30,Daging Sapi Kualitas 2,2,"133,300"
2026-04-01,Telur Ayam,1,"30,300"
2026-04-02,Telur Ayam,1,"30,000"
2026-04-03,Telur Ayam,1,"30,000"
2026-04-06,Telur Ayam,1,"30,000"
2026-04-07,Telur Ayam,1,"30,000"
2026-04-08,Telur Ayam,1,"29,950"
2026-04-09,Telur Ayam,1,"29,500"
2026-04-10,Telur Ayam,1,"29,500"
2026-04-13,Telur Ayam,1,"29,500"
2026-04-14,Telur Ayam,1,"29,500"
2026-04-15,Telur Ayam,1,"29,500"
2026-04-16,Telur Ayam,1,"29,300"
2026-04-17,Telur Ayam,1,"29,300"
2026-04-20,Telur Ayam,1,"29,300"
2026-04-21,Telur Ayam,1,"29,300"
2026-04-22,Telur Ayam,1,"29,300"
2026-04-23,Telur Ayam,1,"28,650"
2026-04-24,Telur Ayam,1,"28,650"
2026-04-27,Telur Ayam,1,"28,650"
2026-04-28,Telur Ayam,1,"28,650"
2026-04-29,Telur Ayam,1,"28,650"
2026-04-30,Telur Ayam,1,"28,250"
2026-04-01,Telur Ayam Ras Segar,2,"30,300"
2026-04-02,Telur Ayam Ras Segar,2,"30,000"
2026-04-03,Telur Ayam Ras Segar,2,"30,000"
2026-04-06,Telur Ayam Ras Segar,2,"30,000"
2026-04-07,Telur Ayam Ras Segar,2,"30,000"
2026-04-08,Telur Ayam Ras Segar,2,"29,950"
2026-04-09,Telur Ayam Ras Segar,2,"29,500"
2026-04-10,Telur Ayam Ras Segar,2,"29,500"
2026-04-13,Telur Ayam Ras Segar,2,"29,500"
2026-04-14,Telur Ayam Ras Segar,2,"29,500"
2026-04-15,Telur Ayam Ras Segar,2,"29,500"
2026-04-16,Telur Ayam Ras Segar,2,"29,300"
2026-04-17,Telur Ayam Ras Segar,2,"29,300"
2026-04-20,Telur Ayam Ras Segar,2,"29,300"
2026-04-21,Telur Ayam Ras Segar,2,"29,300"
2026-04-22,Telur Ayam Ras Segar,2,"29,300"
2026-04-23,Telur Ayam Ras Segar,2,"28,650"
2026-04-24,Telur Ayam Ras Segar,2,"28,650"
2026-04-27,Telur Ayam Ras Segar,2,"28,650"
2026-04-28,Telur Ayam Ras Segar,2,"28,650"
2026-04-29,Telur Ayam Ras Segar,2,"28,650"
2026-04-30,Telur Ayam Ras Segar,2,"28,250"
2026-04-01,Bawang Merah,1,"36,300"
2026-04-02,Bawang Merah,1,"37,850"
2026-04-03,Bawang Merah,1,"37,850"
2026-04-06,Bawang Merah,1,"37,850"
2026-04-07,Bawang Merah,1,"37,850"
2026-04-08,Bawang Merah,1,"37,800"
2026-04-09,Bawang Merah,1,"37,450"
2026-04-10,Bawang Merah,1,"37,450"
2026-04-13,Bawang Merah,1,"37,450"
2026-04-14,Bawang Merah,1,"37,450"
2026-04-15,Bawang Merah,1,"37,400"
2026-04-16,Bawang Merah,1,"36,750"
2026-04-17,Bawang Merah,1,"36,750"
2026-04-20,Bawang Merah,1,"36,750"
2026-04-21,Bawang Merah,1,"36,750"
2026-04-22,Bawang Merah,1,"36,650"
2026-04-23,Bawang Merah,1,"36,250"
2026-04-24,Bawang Merah,1,"36,250"
2026-04-27,Bawang Merah,1,"36,250"
2026-04-28,Bawang Merah,1,"36,250"
2026-04-29,Bawang Merah,1,"36,350"
2026-04-30,Bawang Merah,1,"37,050"
2026-04-01,Bawang Merah Ukuran Sedang,2,"36,300"
2026-04-02,Bawang Merah Ukuran Sedang,2,"37,850"
2026-04-03,Bawang Merah Ukuran Sedang,2,"37,850"
2026-04-06,Bawang Merah Ukuran Sedang,2,"37,850"
2026-04-07,Bawang Merah Ukuran Sedang,2,"37,850"
2026-04-08,Bawang Merah Ukuran Sedang,2,"37,800"
2026-04-09,Bawang Merah Ukuran Sedang,2,"37,450"
2026-04-10,Bawang Merah Ukuran Sedang,2,"37,450"
2026-04-13,Bawang Merah Ukuran Sedang,2,"37,450"
2026-04-14,Bawang Merah Ukuran Sedang,2,"37,450"
2026-04-15,Bawang Merah Ukuran Sedang,2,"37,400"
2026-04-16,Bawang Merah Ukuran Sedang,2,"36,750"
2026-04-17,Bawang Merah Ukuran Sedang,2,"36,750"
2026-04-20,Bawang Merah Ukuran Sedang,2,"36,750"
2026-04-21,Bawang Merah Ukuran Sedang,2,"36,750"
2026-04-22,Bawang Merah Ukuran Sedang,2,"36,650"
2026-04-23,Bawang Merah Ukuran Sedang,2,"36,250"
2026-04-24,Bawang Merah Ukuran Sedang,2,"36,250"
2026-04-27,Bawang Merah Ukuran Sedang,2,"36,250"
2026-04-28,Bawang Merah Ukuran Sedang,2,"36,250"
2026-04-29,Bawang Merah Ukuran Sedang,2,"36,350"
2026-04-30,Bawang Merah Ukuran Sedang,2,"37,050"
2026-04-01,Bawang Putih,1,"31,950"
2026-04-02,Bawang Putih,1,"32,200"
2026-04-03,Bawang Putih,1,"32,200"
2026-04-06,Bawang Putih,1,"32,200"
2026-04-07,Bawang Putih,1,"32,200"
2026-04-08,Bawang Putih,1,"32,150"
2026-04-09,Bawang Putih,1,"31,550"
2026-04-10,Bawang Putih,1,"31,550"
2026-04-13,Bawang Putih,1,"31,550"
2026-04-14,Bawang Putih,1,"31,550"
2026-04-15,Bawang Putih,1,"31,550"
2026-04-16,Bawang Putih,1,"31,100"
2026-04-17,Bawang Putih,1,"31,100"
2026-04-20,Bawang Putih,1,"31,100"
2026-04-21,Bawang Putih,1,"31,100"
2026-04-22,Bawang Putih,1,"30,900"
2026-04-23,Bawang Putih,1,"30,600"
2026-04-24,Bawang Putih,1,"30,600"
2026-04-27,Bawang Putih,1,"30,600"
2026-04-28,Bawang Putih,1,"30,600"
2026-04-29,Bawang Putih,1,"30,700"
2026-04-30,Bawang Putih,1,"30,250"
2026-04-01,Bawang Putih Ukuran Sedang,2,"31,950"
2026-04-02,Bawang Putih Ukuran Sedang,2,"32,200"
2026-04-03,Bawang Putih Ukuran Sedang,2,"32,200"
2026-04-06,Bawang Putih Ukuran Sedang,2,"32,200"
2026-04-07,Bawang Putih Ukuran Sedang,2,"32,200"
2026-04-08,Bawang Putih Ukuran Sedang,2,"32,150"
2026-04-09,Bawang Putih Ukuran Sedang,2,"31,550"
2026-04-10,Bawang Putih Ukuran Sedang,2,"31,550"
2026-04-13,Bawang Putih Ukuran Sedang,2,"31,550"
2026-04-14,Bawang Putih Ukuran Sedang,2,"31,550"
2026-04-15,Bawang Putih Ukuran Sedang,2,"31,550"
2026-04-16,Bawang Putih Ukuran Sedang,2,"31,100"
2026-04-17,Bawang Putih Ukuran Sedang,2,"31,100"
2026-04-20,Bawang Putih Ukuran Sedang,2,"31,100"
2026-04-21,Bawang Putih Ukuran Sedang,2,"31,100"
2026-04-22,Bawang Putih Ukuran Sedang,2,"30,900"
2026-04-23,Bawang Putih Ukuran Sedang,2,"30,600"
2026-04-24,Bawang Putih Ukuran Sedang,2,"30,600"
2026-04-27,Bawang Putih Ukuran Sedang,2,"30,600"
2026-04-28,Bawang Putih Ukuran Sedang,2,"30,600"
2026-04-29,Bawang Putih Ukuran Sedang,2,"30,700"
2026-04-30,Bawang Putih Ukuran Sedang,2,"30,250"
2026-04-01,Cabai Merah,1,"42,600"
2026-04-02,Cabai Merah,1,"37,150"
2026-04-03,Cabai Merah,1,"37,150"
2026-04-06,Cabai Merah,1,"37,150"
2026-04-07,Cabai Merah,1,"37,150"
2026-04-08,Cabai Merah,1,"37,100"
2026-04-09,Cabai Merah,1,"36,250"
2026-04-10,Cabai Merah,1,"36,250"
2026-04-13,Cabai Merah,1,"36,250"
2026-04-14,Cabai Merah,1,"36,250"
2026-04-15,Cabai Merah,1,"36,200"
2026-04-16,Cabai Merah,1,"35,600"
2026-04-17,Cabai Merah,1,"35,600"
2026-04-20,Cabai Merah,1,"35,600"
2026-04-21,Cabai Merah,1,"35,600"
2026-04-22,Cabai Merah,1,"35,900"
2026-04-23,Cabai Merah,1,"36,450"
2026-04-24,Cabai Merah,1,"36,450"
2026-04-27,Cabai Merah,1,"36,450"
2026-04-28,Cabai Merah,1,"36,450"
2026-04-29,Cabai Merah,1,"36,550"
2026-04-30,Cabai Merah,1,"38,000"
2026-04-01,Cabai Merah Besar,2,"42,700"
2026-04-02,Cabai Merah Besar,2,"35,750"
2026-04-03,Cabai Merah Besar,2,"35,750"
2026-04-06,Cabai Merah Besar,2,"35,750"
2026-04-07,Cabai Merah Besar,2,"35,750"
2026-04-08,Cabai Merah Besar,2,"35,700"
2026-04-09,Cabai Merah Besar,2,"35,500"
2026-04-10,Cabai Merah Besar,2,"35,500"
2026-04-13,Cabai Merah Besar,2,"35,500"
2026-04-14,Cabai Merah Besar,2,"35,500"
2026-04-15,Cabai Merah Besar,2,"35,350"
2026-04-16,Cabai Merah Besar,2,"34,550"
2026-04-17,Cabai Merah Besar,2,"34,550"
2026-04-20,Cabai Merah Besar,2,"34,550"
2026-04-21,Cabai Merah Besar,2,"34,550"
2026-04-22,Cabai Merah Besar,2,"35,150"
2026-04-23,Cabai Merah Besar,2,"37,200"
2026-04-24,Cabai Merah Besar,2,"37,200"
2026-04-27,Cabai Merah Besar,2,"37,200"
2026-04-28,Cabai Merah Besar,2,"37,200"
2026-04-29,Cabai Merah Besar,2,"37,400"
2026-04-30,Cabai Merah Besar,2,"40,650"
2026-04-01,Cabai Merah Keriting ,2,"42,650"
2026-04-02,Cabai Merah Keriting ,2,"36,950"
2026-04-03,Cabai Merah Keriting ,2,"36,950"
2026-04-06,Cabai Merah Keriting ,2,"36,950"
2026-04-07,Cabai Merah Keriting ,2,"36,950"
2026-04-08,Cabai Merah Keriting ,2,"36,850"
2026-04-09,Cabai Merah Keriting ,2,"35,550"
2026-04-10,Cabai Merah Keriting ,2,"35,550"
2026-04-13,Cabai Merah Keriting ,2,"35,550"
2026-04-14,Cabai Merah Keriting ,2,"35,550"
2026-04-15,Cabai Merah Keriting ,2,"35,550"
2026-04-16,Cabai Merah Keriting ,2,"35,350"
2026-04-17,Cabai Merah Keriting ,2,"35,350"
2026-04-20,Cabai Merah Keriting ,2,"35,350"
2026-04-21,Cabai Merah Keriting ,2,"35,350"
2026-04-22,Cabai Merah Keriting ,2,"35,500"
2026-04-23,Cabai Merah Keriting ,2,"35,300"
2026-04-24,Cabai Merah Keriting ,2,"35,300"
2026-04-27,Cabai Merah Keriting ,2,"35,300"
2026-04-28,Cabai Merah Keriting ,2,"35,300"
2026-04-29,Cabai Merah Keriting ,2,"35,400"
2026-04-30,Cabai Merah Keriting ,2,"35,950"
2026-04-01,Cabai Rawit,1,"64,400"
2026-04-02,Cabai Rawit,1,"58,700"
2026-04-03,Cabai Rawit,1,"58,700"
2026-04-06,Cabai Rawit,1,"58,700"
2026-04-07,Cabai Rawit,1,"58,700"
2026-04-08,Cabai Rawit,1,"58,700"
2026-04-09,Cabai Rawit,1,"58,950"
2026-04-10,Cabai Rawit,1,"58,950"
2026-04-13,Cabai Rawit,1,"58,950"
2026-04-14,Cabai Rawit,1,"58,950"
2026-04-15,Cabai Rawit,1,"58,850"
2026-04-16,Cabai Rawit,1,"50,650"
2026-04-17,Cabai Rawit,1,"50,650"
2026-04-20,Cabai Rawit,1,"50,650"
2026-04-21,Cabai Rawit,1,"50,650"
2026-04-22,Cabai Rawit,1,"50,350"
2026-04-23,Cabai Rawit,1,"47,200"
2026-04-24,Cabai Rawit,1,"47,300"
2026-04-27,Cabai Rawit,1,"47,300"
2026-04-28,Cabai Rawit,1,"47,300"
2026-04-29,Cabai Rawit,1,"47,400"
2026-04-30,Cabai Rawit,1,"44,800"
2026-04-01,Cabai Rawit Hijau,2,"54,050"
2026-04-02,Cabai Rawit Hijau,2,"45,850"
2026-04-03,Cabai Rawit Hijau,2,"45,850"
2026-04-06,Cabai Rawit Hijau,2,"45,850"
2026-04-07,Cabai Rawit Hijau,2,"45,850"
2026-04-08,Cabai Rawit Hijau,2,"45,850"
2026-04-09,Cabai Rawit Hijau,2,"46,050"
2026-04-10,Cabai Rawit Hijau,2,"46,050"
2026-04-13,Cabai Rawit Hijau,2,"46,050"
2026-04-14,Cabai Rawit Hijau,2,"46,050"
2026-04-15,Cabai Rawit Hijau,2,"46,250"
2026-04-16,Cabai Rawit Hijau,2,"42,350"
2026-04-17,Cabai Rawit Hijau,2,"42,350"
2026-04-20,Cabai Rawit Hijau,2,"42,350"
2026-04-21,Cabai Rawit Hijau,2,"42,350"
2026-04-22,Cabai Rawit Hijau,2,"41,900"
2026-04-23,Cabai Rawit Hijau,2,"41,650"
2026-04-24,Cabai Rawit Hijau,2,"42,450"
2026-04-27,Cabai Rawit Hijau,2,"42,450"
2026-04-28,Cabai Rawit Hijau,2,"42,450"
2026-04-29,Cabai Rawit Hijau,2,"42,750"
2026-04-30,Cabai Rawit Hijau,2,"42,000"
2026-04-01,Cabai Rawit Merah,2,"74,500"
2026-04-02,Cabai Rawit Merah,2,"71,200"
2026-04-03,Cabai Rawit Merah,2,"71,200"
2026-04-06,Cabai Rawit Merah,2,"71,200"
2026-04-07,Cabai Rawit Merah,2,"71,200"
2026-04-08,Cabai Rawit Merah,2,"71,200"
2026-04-09,Cabai Rawit Merah,2,"71,150"
2026-04-10,Cabai Rawit Merah,2,"71,150"
2026-04-13,Cabai Rawit Merah,2,"71,150"
2026-04-14,Cabai Rawit Merah,2,"71,150"
2026-04-15,Cabai Rawit Merah,2,"70,850"
2026-04-16,Cabai Rawit Merah,2,"59,600"
2026-04-17,Cabai Rawit Merah,2,"59,600"
2026-04-20,Cabai Rawit Merah,2,"59,600"
2026-04-21,Cabai Rawit Merah,2,"59,600"
2026-04-22,Cabai Rawit Merah,2,"59,350"
2026-04-23,Cabai Rawit Merah,2,"52,900"
2026-04-24,Cabai Rawit Merah,2,"52,900"
2026-04-27,Cabai Rawit Merah,2,"52,900"
2026-04-28,Cabai Rawit Merah,2,"52,900"
2026-04-29,Cabai Rawit Merah,2,"52,800"
2026-04-30,Cabai Rawit Merah,2,"48,650"
2026-04-01,Minyak Goreng,1,"20,050"
2026-04-02,Minyak Goreng,1,"20,250"
2026-04-03,Minyak Goreng,1,"20,250"
2026-04-06,Minyak Goreng,1,"20,250"
2026-04-07,Minyak Goreng,1,"20,250"
2026-04-08,Minyak Goreng,1,"20,250"
2026-04-09,Minyak Goreng,1,"20,400"
2026-04-10,Minyak Goreng,1,"20,400"
2026-04-13,Minyak Goreng,1,"20,400"
2026-04-14,Minyak Goreng,1,"20,400"
2026-04-15,Minyak Goreng,1,"20,400"
2026-04-16,Minyak Goreng,1,"20,550"
2026-04-17,Minyak Goreng,1,"20,550"
2026-04-20,Minyak Goreng,1,"20,550"
2026-04-21,Minyak Goreng,1,"20,550"
2026-04-22,Minyak Goreng,1,"20,600"
2026-04-23,Minyak Goreng,1,"20,700"
2026-04-24,Minyak Goreng,1,"20,700"
2026-04-27,Minyak Goreng,1,"20,700"
2026-04-28,Minyak Goreng,1,"20,700"
2026-04-29,Minyak Goreng,1,"20,700"
2026-04-30,Minyak Goreng,1,"20,800"
2026-04-01,Minyak Goreng Curah,2,"18,400"
2026-04-02,Minyak Goreng Curah,2,"18,600"
2026-04-03,Minyak Goreng Curah,2,"18,600"
2026-04-06,Minyak Goreng Curah,2,"18,600"
2026-04-07,Minyak Goreng Curah,2,"18,600"
2026-04-08,Minyak Goreng Curah,2,"18,650"
2026-04-09,Minyak Goreng Curah,2,"18,750"
2026-04-10,Minyak Goreng Curah,2,"18,750"
2026-04-13,Minyak Goreng Curah,2,"18,750"
2026-04-14,Minyak Goreng Curah,2,"18,750"
2026-04-15,Minyak Goreng Curah,2,"18,750"
2026-04-16,Minyak Goreng Curah,2,"18,850"
2026-04-17,Minyak Goreng Curah,2,"18,850"
2026-04-20,Minyak Goreng Curah,2,"18,850"
2026-04-21,Minyak Goreng Curah,2,"18,850"
2026-04-22,Minyak Goreng Curah,2,"18,850"
2026-04-23,Minyak Goreng Curah,2,"18,850"
2026-04-24,Minyak Goreng Curah,2,"18,850"
2026-04-27,Minyak Goreng Curah,2,"18,850"
2026-04-28,Minyak Goreng Curah,2,"18,850"
2026-04-29,Minyak Goreng Curah,2,"18,900"
2026-04-30,Minyak Goreng Curah,2,"18,950"
2026-04-01,Minyak Goreng Kemasan Bermerk 1,2,"20,800"
2026-04-02,Minyak Goreng Kemasan Bermerk 1,2,"20,900"
2026-04-03,Minyak Goreng Kemasan Bermerk 1,2,"20,900"
2026-04-06,Minyak Goreng Kemasan Bermerk 1,2,"20,900"
2026-04-07,Minyak Goreng Kemasan Bermerk 1,2,"20,900"
2026-04-08,Minyak Goreng Kemasan Bermerk 1,2,"20,900"
2026-04-09,Minyak Goreng Kemasan Bermerk 1,2,"21,050"
2026-04-10,Minyak Goreng Kemasan Bermerk 1,2,"21,050"
2026-04-13,Minyak Goreng Kemasan Bermerk 1,2,"21,050"
2026-04-14,Minyak Goreng Kemasan Bermerk 1,2,"21,050"
2026-04-15,Minyak Goreng Kemasan Bermerk 1,2,"21,050"
2026-04-16,Minyak Goreng Kemasan Bermerk 1,2,"21,200"
2026-04-17,Minyak Goreng Kemasan Bermerk 1,2,"21,200"
2026-04-20,Minyak Goreng Kemasan Bermerk 1,2,"21,200"
2026-04-21,Minyak Goreng Kemasan Bermerk 1,2,"21,200"
2026-04-22,Minyak Goreng Kemasan Bermerk 1,2,"21,250"
2026-04-23,Minyak Goreng Kemasan Bermerk 1,2,"21,400"
2026-04-24,Minyak Goreng Kemasan Bermerk 1,2,"21,400"
2026-04-27,Minyak Goreng Kemasan Bermerk 1,2,"21,400"
2026-04-28,Minyak Goreng Kemasan Bermerk 1,2,"21,400"
2026-04-29,Minyak Goreng Kemasan Bermerk 1,2,"21,400"
2026-04-30,Minyak Goreng Kemasan Bermerk 1,2,"21,450"
2026-04-01,Minyak Goreng Kemasan Bermerk 2,2,"20,400"
2026-04-02,Minyak Goreng Kemasan Bermerk 2,2,"20,550"
2026-04-03,Minyak Goreng Kemasan Bermerk 2,2,"20,650"
2026-04-06,Minyak Goreng Kemasan Bermerk 2,2,"20,650"
2026-04-07,Minyak Goreng Kemasan Bermerk 2,2,"20,650"
2026-04-08,Minyak Goreng Kemasan Bermerk 2,2,"20,650"
2026-04-09,Minyak Goreng Kemasan Bermerk 2,2,"20,750"
2026-04-10,Minyak Goreng Kemasan Bermerk 2,2,"20,750"
2026-04-13,Minyak Goreng Kemasan Bermerk 2,2,"20,750"
2026-04-14,Minyak Goreng Kemasan Bermerk 2,2,"20,750"
2026-04-15,Minyak Goreng Kemasan Bermerk 2,2,"20,750"
2026-04-16,Minyak Goreng Kemasan Bermerk 2,2,"20,950"
2026-04-17,Minyak Goreng Kemasan Bermerk 2,2,"21,050"
2026-04-20,Minyak Goreng Kemasan Bermerk 2,2,"21,050"
2026-04-21,Minyak Goreng Kemasan Bermerk 2,2,"21,050"
2026-04-22,Minyak Goreng Kemasan Bermerk 2,2,"21,100"
2026-04-23,Minyak Goreng Kemasan Bermerk 2,2,"21,300"
2026-04-24,Minyak Goreng Kemasan Bermerk 2,2,"21,300"
2026-04-27,Minyak Goreng Kemasan Bermerk 2,2,"21,300"
2026-04-28,Minyak Goreng Kemasan Bermerk 2,2,"21,300"
2026-04-29,Minyak Goreng Kemasan Bermerk 2,2,"21,300"
2026-04-30,Minyak Goreng Kemasan Bermerk 2,2,"21,400"
2026-04-01,Gula Pasir,1,"17,750"
2026-04-02,Gula Pasir,1,"17,800"
2026-04-03,Gula Pasir,1,"17,800"
2026-04-06,Gula Pasir,1,"17,800"
2026-04-07,Gula Pasir,1,"17,800"
2026-04-08,Gula Pasir,1,"17,800"
2026-04-09,Gula Pasir,1,"17,900"
2026-04-10,Gula Pasir,1,"17,900"
2026-04-13,Gula Pasir,1,"17,900"
2026-04-14,Gula Pasir,1,"17,900"
2026-04-15,Gula Pasir,1,"17,900"
2026-04-16,Gula Pasir,1,"17,950"
2026-04-17,Gula Pasir,1,"17,950"
2026-04-20,Gula Pasir,1,"17,950"
2026-04-21,Gula Pasir,1,"17,950"
2026-04-22,Gula Pasir,1,"17,950"
2026-04-23,Gula Pasir,1,"18,000"
2026-04-24,Gula Pasir,1,"18,000"
2026-04-27,Gula Pasir,1,"18,000"
2026-04-28,Gula Pasir,1,"18,000"
2026-04-29,Gula Pasir,1,"18,000"
2026-04-30,Gula Pasir,1,"18,000"
2026-04-01,Gula Pasir Kualitas Premium,2,"18,300"
2026-04-02,Gula Pasir Kualitas Premium,2,"18,400"
2026-04-03,Gula Pasir Kualitas Premium,2,"18,400"
2026-04-06,Gula Pasir Kualitas Premium,2,"18,400"
2026-04-07,Gula Pasir Kualitas Premium,2,"18,400"
2026-04-08,Gula Pasir Kualitas Premium,2,"18,400"
2026-04-09,Gula Pasir Kualitas Premium,2,"18,450"
2026-04-10,Gula Pasir Kualitas Premium,2,"18,450"
2026-04-13,Gula Pasir Kualitas Premium,2,"18,450"
2026-04-14,Gula Pasir Kualitas Premium,2,"18,450"
2026-04-15,Gula Pasir Kualitas Premium,2,"18,450"
2026-04-16,Gula Pasir Kualitas Premium,2,"18,500"
2026-04-17,Gula Pasir Kualitas Premium,2,"18,500"
2026-04-20,Gula Pasir Kualitas Premium,2,"18,500"
2026-04-21,Gula Pasir Kualitas Premium,2,"18,500"
2026-04-22,Gula Pasir Kualitas Premium,2,"18,500"
2026-04-23,Gula Pasir Kualitas Premium,2,"18,600"
2026-04-24,Gula Pasir Kualitas Premium,2,"18,600"
2026-04-27,Gula Pasir Kualitas Premium,2,"18,600"
2026-04-28,Gula Pasir Kualitas Premium,2,"18,600"
2026-04-29,Gula Pasir Kualitas Premium,2,"18,600"
2026-04-30,Gula Pasir Kualitas Premium,2,"18,600"
2026-04-01,Gula Pasir Lokal,2,"17,350"
2026-04-02,Gula Pasir Lokal,2,"17,450"
2026-04-03,Gula Pasir Lokal,2,"17,450"
2026-04-06,Gula Pasir Lokal,2,"17,450"
2026-04-07,Gula Pasir Lokal,2,"17,450"
2026-04-08,Gula Pasir Lokal,2,"17,450"
2026-04-09,Gula Pasir Lokal,2,"17,550"
2026-04-10,Gula Pasir Lokal,2,"17,550"
2026-04-13,Gula Pasir Lokal,2,"17,550"
2026-04-14,Gula Pasir Lokal,2,"17,550"
2026-04-15,Gula Pasir Lokal,2,"17,550"
2026-04-16,Gula Pasir Lokal,2,"17,600"
2026-04-17,Gula Pasir Lokal,2,"17,600"
2026-04-20,Gula Pasir Lokal,2,"17,600"
2026-04-21,Gula Pasir Lokal,2,"17,600"
2026-04-22,Gula Pasir Lokal,2,"17,600"
2026-04-23,Gula Pasir Lokal,2,"17,550"
2026-04-24,Gula Pasir Lokal,2,"17,550"
2026-04-27,Gula Pasir Lokal,2,"17,550"
2026-04-28,Gula Pasir Lokal,2,"17,550"
2026-04-29,Gula Pasir Lokal,2,"17,550"
2026-04-30,Gula Pasir Lokal,2,"17,550"
2026-05-01,Beras,1,"15,100"
2026-05-04,Beras,1,"15,100"
2026-05-05,Beras,1,"15,100"
2026-05-06,Beras,1,"15,100"
2026-05-07,Beras,1,"15,100"
2026-05-08,Beras,1,"15,100"
2026-05-11,Beras,1,"15,100"
2026-05-12,Beras,1,"15,100"
2026-05-13,Beras,1,"15,100"
2026-05-14,Beras,1,"15,150"
2026-05-15,Beras,1,"15,150"
2026-05-18,Beras,1,"15,150"
2026-05-19,Beras,1,"15,150"
2026-05-20,Beras,1,"15,150"
2026-05-21,Beras,1,"15,150"
2026-05-22,Beras,1,"15,150"
2026-05-25,Beras,1,"15,150"
2026-05-26,Beras,1,"15,150"
2026-05-27,Beras,1,"15,150"
2026-05-28,Beras,1,"15,150"
2026-05-29,Beras,1,"15,100"
2026-05-01,Beras Kualitas Bawah I,2,"14,100"
2026-05-04,Beras Kualitas Bawah I,2,"14,100"
2026-05-05,Beras Kualitas Bawah I,2,"14,100"
2026-05-06,Beras Kualitas Bawah I,2,"14,100"
2026-05-07,Beras Kualitas Bawah I,2,"14,100"
2026-05-08,Beras Kualitas Bawah I,2,"14,100"
2026-05-11,Beras Kualitas Bawah I,2,"14,100"
2026-05-12,Beras Kualitas Bawah I,2,"14,100"
2026-05-13,Beras Kualitas Bawah I,2,"14,100"
2026-05-14,Beras Kualitas Bawah I,2,"14,150"
2026-05-15,Beras Kualitas Bawah I,2,"14,150"
2026-05-18,Beras Kualitas Bawah I,2,"14,150"
2026-05-19,Beras Kualitas Bawah I,2,"14,150"
2026-05-20,Beras Kualitas Bawah I,2,"14,150"
2026-05-21,Beras Kualitas Bawah I,2,"14,100"
2026-05-22,Beras Kualitas Bawah I,2,"14,100"
2026-05-25,Beras Kualitas Bawah I,2,"14,100"
2026-05-26,Beras Kualitas Bawah I,2,"14,100"
2026-05-27,Beras Kualitas Bawah I,2,"14,100"
2026-05-28,Beras Kualitas Bawah I,2,"14,100"
2026-05-29,Beras Kualitas Bawah I,2,"14,100"
2026-05-01,Beras Kualitas Bawah II,2,"13,950"
2026-05-04,Beras Kualitas Bawah II,2,"13,950"
2026-05-05,Beras Kualitas Bawah II,2,"13,950"
2026-05-06,Beras Kualitas Bawah II,2,"13,950"
2026-05-07,Beras Kualitas Bawah II,2,"14,050"
2026-05-08,Beras Kualitas Bawah II,2,"14,050"
2026-05-11,Beras Kualitas Bawah II,2,"14,050"
2026-05-12,Beras Kualitas Bawah II,2,"14,050"
2026-05-13,Beras Kualitas Bawah II,2,"14,050"
2026-05-14,Beras Kualitas Bawah II,2,"14,100"
2026-05-15,Beras Kualitas Bawah II,2,"14,050"
2026-05-18,Beras Kualitas Bawah II,2,"14,050"
2026-05-19,Beras Kualitas Bawah II,2,"14,050"
2026-05-20,Beras Kualitas Bawah II,2,"14,050"
2026-05-21,Beras Kualitas Bawah II,2,"13,950"
2026-05-22,Beras Kualitas Bawah II,2,"13,950"
2026-05-25,Beras Kualitas Bawah II,2,"13,950"
2026-05-26,Beras Kualitas Bawah II,2,"13,950"
2026-05-27,Beras Kualitas Bawah II,2,"13,950"
2026-05-28,Beras Kualitas Bawah II,2,"13,950"
2026-05-29,Beras Kualitas Bawah II,2,"13,900"
2026-05-01,Beras Kualitas Medium I,2,"15,100"
2026-05-04,Beras Kualitas Medium I,2,"15,100"
2026-05-05,Beras Kualitas Medium I,2,"15,100"
2026-05-06,Beras Kualitas Medium I,2,"15,100"
2026-05-07,Beras Kualitas Medium I,2,"15,100"
2026-05-08,Beras Kualitas Medium I,2,"15,100"
2026-05-11,Beras Kualitas Medium I,2,"15,100"
2026-05-12,Beras Kualitas Medium I,2,"15,100"
2026-05-13,Beras Kualitas Medium I,2,"15,100"
2026-05-14,Beras Kualitas Medium I,2,"15,150"
2026-05-15,Beras Kualitas Medium I,2,"15,150"
2026-05-18,Beras Kualitas Medium I,2,"15,150"
2026-05-19,Beras Kualitas Medium I,2,"15,150"
2026-05-20,Beras Kualitas Medium I,2,"15,150"
2026-05-21,Beras Kualitas Medium I,2,"15,150"
2026-05-22,Beras Kualitas Medium I,2,"15,150"
2026-05-25,Beras Kualitas Medium I,2,"15,150"
2026-05-26,Beras Kualitas Medium I,2,"15,150"
2026-05-27,Beras Kualitas Medium I,2,"15,150"
2026-05-28,Beras Kualitas Medium I,2,"15,150"
2026-05-29,Beras Kualitas Medium I,2,"15,100"
2026-05-01,Beras Kualitas Medium II,2,"14,850"
2026-05-04,Beras Kualitas Medium II,2,"14,850"
2026-05-05,Beras Kualitas Medium II,2,"14,850"
2026-05-06,Beras Kualitas Medium II,2,"14,850"
2026-05-07,Beras Kualitas Medium II,2,"14,900"
2026-05-08,Beras Kualitas Medium II,2,"14,900"
2026-05-11,Beras Kualitas Medium II,2,"14,900"
2026-05-12,Beras Kualitas Medium II,2,"14,900"
2026-05-13,Beras Kualitas Medium II,2,"14,900"
2026-05-14,Beras Kualitas Medium II,2,"14,950"
2026-05-15,Beras Kualitas Medium II,2,"14,950"
2026-05-18,Beras Kualitas Medium II,2,"14,950"
2026-05-19,Beras Kualitas Medium II,2,"14,950"
2026-05-20,Beras Kualitas Medium II,2,"14,950"
2026-05-21,Beras Kualitas Medium II,2,"14,950"
2026-05-22,Beras Kualitas Medium II,2,"14,950"
2026-05-25,Beras Kualitas Medium II,2,"14,950"
2026-05-26,Beras Kualitas Medium II,2,"14,950"
2026-05-27,Beras Kualitas Medium II,2,"14,950"
2026-05-28,Beras Kualitas Medium II,2,"14,950"
2026-05-29,Beras Kualitas Medium II,2,"14,950"
2026-05-01,Beras Kualitas Super I,2,"16,450"
2026-05-04,Beras Kualitas Super I,2,"16,450"
2026-05-05,Beras Kualitas Super I,2,"16,450"
2026-05-06,Beras Kualitas Super I,2,"16,450"
2026-05-07,Beras Kualitas Super I,2,"16,450"
2026-05-08,Beras Kualitas Super I,2,"16,450"
2026-05-11,Beras Kualitas Super I,2,"16,450"
2026-05-12,Beras Kualitas Super I,2,"16,450"
2026-05-13,Beras Kualitas Super I,2,"16,450"
2026-05-14,Beras Kualitas Super I,2,"16,500"
2026-05-15,Beras Kualitas Super I,2,"16,500"
2026-05-18,Beras Kualitas Super I,2,"16,500"
2026-05-19,Beras Kualitas Super I,2,"16,500"
2026-05-20,Beras Kualitas Super I,2,"16,500"
2026-05-21,Beras Kualitas Super I,2,"16,500"
2026-05-22,Beras Kualitas Super I,2,"16,500"
2026-05-25,Beras Kualitas Super I,2,"16,500"
2026-05-26,Beras Kualitas Super I,2,"16,500"
2026-05-27,Beras Kualitas Super I,2,"16,500"
2026-05-28,Beras Kualitas Super I,2,"16,500"
2026-05-29,Beras Kualitas Super I,2,"16,550"
2026-05-01,Beras Kualitas Super II,2,"16,000"
2026-05-04,Beras Kualitas Super II,2,"16,000"
2026-05-05,Beras Kualitas Super II,2,"16,000"
2026-05-06,Beras Kualitas Super II,2,"16,000"
2026-05-07,Beras Kualitas Super II,2,"16,000"
2026-05-08,Beras Kualitas Super II,2,"16,000"
2026-05-11,Beras Kualitas Super II,2,"16,000"
2026-05-12,Beras Kualitas Super II,2,"16,000"
2026-05-13,Beras Kualitas Super II,2,"16,000"
2026-05-14,Beras Kualitas Super II,2,"16,050"
2026-05-15,Beras Kualitas Super II,2,"16,050"
2026-05-18,Beras Kualitas Super II,2,"16,050"
2026-05-19,Beras Kualitas Super II,2,"16,050"
2026-05-20,Beras Kualitas Super II,2,"16,050"
2026-05-21,Beras Kualitas Super II,2,"16,050"
2026-05-22,Beras Kualitas Super II,2,"16,050"
2026-05-25,Beras Kualitas Super II,2,"16,050"
2026-05-26,Beras Kualitas Super II,2,"16,050"
2026-05-27,Beras Kualitas Super II,2,"16,050"
2026-05-28,Beras Kualitas Super II,2,"16,050"
2026-05-29,Beras Kualitas Super II,2,"16,100"
2026-05-01,Daging Ayam,1,"32,600"
2026-05-04,Daging Ayam,1,"32,600"
2026-05-05,Daging Ayam,1,"32,600"
2026-05-06,Daging Ayam,1,"32,600"
2026-05-07,Daging Ayam,1,"32,850"
2026-05-08,Daging Ayam,1,"32,850"
2026-05-11,Daging Ayam,1,"32,850"
2026-05-12,Daging Ayam,1,"32,850"
2026-05-13,Daging Ayam,1,"32,850"
2026-05-14,Daging Ayam,1,"32,700"
2026-05-15,Daging Ayam,1,"32,700"
2026-05-18,Daging Ayam,1,"32,700"
2026-05-19,Daging Ayam,1,"32,700"
2026-05-20,Daging Ayam,1,"32,700"
2026-05-21,Daging Ayam,1,"32,200"
2026-05-22,Daging Ayam,1,"32,200"
2026-05-25,Daging Ayam,1,"32,200"
2026-05-26,Daging Ayam,1,"32,200"
2026-05-27,Daging Ayam,1,"32,200"
2026-05-28,Daging Ayam,1,"32,700"
2026-05-29,Daging Ayam,1,"33,050"
2026-05-01,Daging Ayam Ras Segar,2,"32,600"
2026-05-04,Daging Ayam Ras Segar,2,"32,600"
2026-05-05,Daging Ayam Ras Segar,2,"32,600"
2026-05-06,Daging Ayam Ras Segar,2,"32,600"
2026-05-07,Daging Ayam Ras Segar,2,"32,850"
2026-05-08,Daging Ayam Ras Segar,2,"32,850"
2026-05-11,Daging Ayam Ras Segar,2,"32,850"
2026-05-12,Daging Ayam Ras Segar,2,"32,850"
2026-05-13,Daging Ayam Ras Segar,2,"32,850"
2026-05-14,Daging Ayam Ras Segar,2,"32,700"
2026-05-15,Daging Ayam Ras Segar,2,"32,700"
2026-05-18,Daging Ayam Ras Segar,2,"32,700"
2026-05-19,Daging Ayam Ras Segar,2,"32,700"
2026-05-20,Daging Ayam Ras Segar,2,"32,700"
2026-05-21,Daging Ayam Ras Segar,2,"32,200"
2026-05-22,Daging Ayam Ras Segar,2,"32,200"
2026-05-25,Daging Ayam Ras Segar,2,"32,200"
2026-05-26,Daging Ayam Ras Segar,2,"32,200"
2026-05-27,Daging Ayam Ras Segar,2,"32,200"
2026-05-28,Daging Ayam Ras Segar,2,"32,700"
2026-05-29,Daging Ayam Ras Segar,2,"33,050"
2026-05-01,Daging Sapi,1,"136,300"
2026-05-04,Daging Sapi,1,"136,300"
2026-05-05,Daging Sapi,1,"136,300"
2026-05-06,Daging Sapi,1,"136,200"
2026-05-07,Daging Sapi,1,"135,650"
2026-05-08,Daging Sapi,1,"135,650"
2026-05-11,Daging Sapi,1,"135,650"
2026-05-12,Daging Sapi,1,"135,650"
2026-05-13,Daging Sapi,1,"135,650"
2026-05-14,Daging Sapi,1,"135,600"
2026-05-15,Daging Sapi,1,"135,550"
2026-05-18,Daging Sapi,1,"135,550"
2026-05-19,Daging Sapi,1,"135,550"
2026-05-20,Daging Sapi,1,"135,550"
2026-05-21,Daging Sapi,1,"135,800"
2026-05-22,Daging Sapi,1,"135,800"
2026-05-25,Daging Sapi,1,"135,800"
2026-05-26,Daging Sapi,1,"135,800"
2026-05-27,Daging Sapi,1,"135,800"
2026-05-28,Daging Sapi,1,"136,700"
2026-05-29,Daging Sapi,1,"136,400"
2026-05-01,Daging Sapi Kualitas 1,2,"139,200"
2026-05-04,Daging Sapi Kualitas 1,2,"139,200"
2026-05-05,Daging Sapi Kualitas 1,2,"139,200"
2026-05-06,Daging Sapi Kualitas 1,2,"139,150"
2026-05-07,Daging Sapi Kualitas 1,2,"139,200"
2026-05-08,Daging Sapi Kualitas 1,2,"139,200"
2026-05-11,Daging Sapi Kualitas 1,2,"139,200"
2026-05-12,Daging Sapi Kualitas 1,2,"139,200"
2026-05-13,Daging Sapi Kualitas 1,2,"139,200"
2026-05-14,Daging Sapi Kualitas 1,2,"139,250"
2026-05-15,Daging Sapi Kualitas 1,2,"139,250"
2026-05-18,Daging Sapi Kualitas 1,2,"139,250"
2026-05-19,Daging Sapi Kualitas 1,2,"139,250"
2026-05-20,Daging Sapi Kualitas 1,2,"139,250"
2026-05-21,Daging Sapi Kualitas 1,2,"139,300"
2026-05-22,Daging Sapi Kualitas 1,2,"139,300"
2026-05-25,Daging Sapi Kualitas 1,2,"139,300"
2026-05-26,Daging Sapi Kualitas 1,2,"139,300"
2026-05-27,Daging Sapi Kualitas 1,2,"139,300"
2026-05-28,Daging Sapi Kualitas 1,2,"140,400"
2026-05-29,Daging Sapi Kualitas 1,2,"140,150"
2026-05-01,Daging Sapi Kualitas 2,2,"133,300"
2026-05-04,Daging Sapi Kualitas 2,2,"133,300"
2026-05-05,Daging Sapi Kualitas 2,2,"133,300"
2026-05-06,Daging Sapi Kualitas 2,2,"133,150"
2026-05-07,Daging Sapi Kualitas 2,2,"131,900"
2026-05-08,Daging Sapi Kualitas 2,2,"131,900"
2026-05-11,Daging Sapi Kualitas 2,2,"131,900"
2026-05-12,Daging Sapi Kualitas 2,2,"131,900"
2026-05-13,Daging Sapi Kualitas 2,2,"131,900"
2026-05-14,Daging Sapi Kualitas 2,2,"131,750"
2026-05-15,Daging Sapi Kualitas 2,2,"131,750"
2026-05-18,Daging Sapi Kualitas 2,2,"131,750"
2026-05-19,Daging Sapi Kualitas 2,2,"131,750"
2026-05-20,Daging Sapi Kualitas 2,2,"131,750"
2026-05-21,Daging Sapi Kualitas 2,2,"132,000"
2026-05-22,Daging Sapi Kualitas 2,2,"132,000"
2026-05-25,Daging Sapi Kualitas 2,2,"132,000"
2026-05-26,Daging Sapi Kualitas 2,2,"132,000"
2026-05-27,Daging Sapi Kualitas 2,2,"132,000"
2026-05-28,Daging Sapi Kualitas 2,2,"132,750"
2026-05-29,Daging Sapi Kualitas 2,2,"132,700"
2026-05-01,Telur Ayam,1,"28,250"
2026-05-04,Telur Ayam,1,"28,250"
2026-05-05,Telur Ayam,1,"28,250"
2026-05-06,Telur Ayam,1,"28,250"
2026-05-07,Telur Ayam,1,"27,600"
2026-05-08,Telur Ayam,1,"27,600"
2026-05-11,Telur Ayam,1,"27,600"
2026-05-12,Telur Ayam,1,"27,600"
2026-05-13,Telur Ayam,1,"27,600"
2026-05-14,Telur Ayam,1,"27,350"
2026-05-15,Telur Ayam,1,"27,350"
2026-05-18,Telur Ayam,1,"27,350"
2026-05-19,Telur Ayam,1,"27,350"
2026-05-20,Telur Ayam,1,"27,350"
2026-05-21,Telur Ayam,1,"27,050"
2026-05-22,Telur Ayam,1,"27,050"
2026-05-25,Telur Ayam,1,"27,050"
2026-05-26,Telur Ayam,1,"27,050"
2026-05-27,Telur Ayam,1,"27,050"
2026-05-28,Telur Ayam,1,"27,050"
2026-05-29,Telur Ayam,1,"27,050"
2026-05-01,Telur Ayam Ras Segar,2,"28,250"
2026-05-04,Telur Ayam Ras Segar,2,"28,250"
2026-05-05,Telur Ayam Ras Segar,2,"28,250"
2026-05-06,Telur Ayam Ras Segar,2,"28,250"
2026-05-07,Telur Ayam Ras Segar,2,"27,600"
2026-05-08,Telur Ayam Ras Segar,2,"27,600"
2026-05-11,Telur Ayam Ras Segar,2,"27,600"
2026-05-12,Telur Ayam Ras Segar,2,"27,600"
2026-05-13,Telur Ayam Ras Segar,2,"27,600"
2026-05-14,Telur Ayam Ras Segar,2,"27,350"
2026-05-15,Telur Ayam Ras Segar,2,"27,350"
2026-05-18,Telur Ayam Ras Segar,2,"27,350"
2026-05-19,Telur Ayam Ras Segar,2,"27,350"
2026-05-20,Telur Ayam Ras Segar,2,"27,350"
2026-05-21,Telur Ayam Ras Segar,2,"27,050"
2026-05-22,Telur Ayam Ras Segar,2,"27,050"
2026-05-25,Telur Ayam Ras Segar,2,"27,050"
2026-05-26,Telur Ayam Ras Segar,2,"27,050"
2026-05-27,Telur Ayam Ras Segar,2,"27,050"
2026-05-28,Telur Ayam Ras Segar,2,"27,050"
2026-05-29,Telur Ayam Ras Segar,2,"27,050"
2026-05-01,Bawang Merah,1,"37,050"
2026-05-04,Bawang Merah,1,"37,050"
2026-05-05,Bawang Merah,1,"37,050"
2026-05-06,Bawang Merah,1,"37,100"
2026-05-07,Bawang Merah,1,"37,150"
2026-05-08,Bawang Merah,1,"37,150"
2026-05-11,Bawang Merah,1,"37,150"
2026-05-12,Bawang Merah,1,"37,150"
2026-05-13,Bawang Merah,1,"37,150"
2026-05-14,Bawang Merah,1,"37,350"
2026-05-15,Bawang Merah,1,"37,350"
2026-05-18,Bawang Merah,1,"37,350"
2026-05-19,Bawang Merah,1,"37,350"
2026-05-20,Bawang Merah,1,"37,500"
2026-05-21,Bawang Merah,1,"39,300"
2026-05-22,Bawang Merah,1,"39,300"
2026-05-25,Bawang Merah,1,"39,300"
2026-05-26,Bawang Merah,1,"39,300"
2026-05-27,Bawang Merah,1,"39,450"
2026-05-28,Bawang Merah,1,"40,200"
2026-05-29,Bawang Merah,1,"40,200"
2026-05-01,Bawang Merah Ukuran Sedang,2,"37,050"
2026-05-04,Bawang Merah Ukuran Sedang,2,"37,050"
2026-05-05,Bawang Merah Ukuran Sedang,2,"37,050"
2026-05-06,Bawang Merah Ukuran Sedang,2,"37,100"
2026-05-07,Bawang Merah Ukuran Sedang,2,"37,150"
2026-05-08,Bawang Merah Ukuran Sedang,2,"37,150"
2026-05-11,Bawang Merah Ukuran Sedang,2,"37,150"
2026-05-12,Bawang Merah Ukuran Sedang,2,"37,150"
2026-05-13,Bawang Merah Ukuran Sedang,2,"37,150"
2026-05-14,Bawang Merah Ukuran Sedang,2,"37,350"
2026-05-15,Bawang Merah Ukuran Sedang,2,"37,350"
2026-05-18,Bawang Merah Ukuran Sedang,2,"37,350"
2026-05-19,Bawang Merah Ukuran Sedang,2,"37,350"
2026-05-20,Bawang Merah Ukuran Sedang,2,"37,500"
2026-05-21,Bawang Merah Ukuran Sedang,2,"39,300"
2026-05-22,Bawang Merah Ukuran Sedang,2,"39,300"
2026-05-25,Bawang Merah Ukuran Sedang,2,"39,300"
2026-05-26,Bawang Merah Ukuran Sedang,2,"39,300"
2026-05-27,Bawang Merah Ukuran Sedang,2,"39,450"
2026-05-28,Bawang Merah Ukuran Sedang,2,"40,200"
2026-05-29,Bawang Merah Ukuran Sedang,2,"40,200"
2026-05-01,Bawang Putih,1,"30,250"
2026-05-04,Bawang Putih,1,"30,250"
2026-05-05,Bawang Putih,1,"30,250"
2026-05-06,Bawang Putih,1,"30,350"
2026-05-07,Bawang Putih,1,"29,850"
2026-05-08,Bawang Putih,1,"29,850"
2026-05-11,Bawang Putih,1,"29,850"
2026-05-12,Bawang Putih,1,"29,850"
2026-05-13,Bawang Putih,1,"29,700"
2026-05-14,Bawang Putih,1,"29,300"
2026-05-15,Bawang Putih,1,"29,300"
2026-05-18,Bawang Putih,1,"29,300"
2026-05-19,Bawang Putih,1,"29,300"
2026-05-20,Bawang Putih,1,"29,300"
2026-05-21,Bawang Putih,1,"29,050"
2026-05-22,Bawang Putih,1,"29,050"
2026-05-25,Bawang Putih,1,"29,050"
2026-05-26,Bawang Putih,1,"29,050"
2026-05-27,Bawang Putih,1,"28,900"
2026-05-28,Bawang Putih,1,"29,250"
2026-05-29,Bawang Putih,1,"29,200"
2026-05-01,Bawang Putih Ukuran Sedang,2,"30,250"
2026-05-04,Bawang Putih Ukuran Sedang,2,"30,250"
2026-05-05,Bawang Putih Ukuran Sedang,2,"30,250"
2026-05-06,Bawang Putih Ukuran Sedang,2,"30,350"
2026-05-07,Bawang Putih Ukuran Sedang,2,"29,850"
2026-05-08,Bawang Putih Ukuran Sedang,2,"29,850"
2026-05-11,Bawang Putih Ukuran Sedang,2,"29,850"
2026-05-12,Bawang Putih Ukuran Sedang,2,"29,850"
2026-05-13,Bawang Putih Ukuran Sedang,2,"29,700"
2026-05-14,Bawang Putih Ukuran Sedang,2,"29,300"
2026-05-15,Bawang Putih Ukuran Sedang,2,"29,300"
2026-05-18,Bawang Putih Ukuran Sedang,2,"29,300"
2026-05-19,Bawang Putih Ukuran Sedang,2,"29,300"
2026-05-20,Bawang Putih Ukuran Sedang,2,"29,300"
2026-05-21,Bawang Putih Ukuran Sedang,2,"29,050"
2026-05-22,Bawang Putih Ukuran Sedang,2,"29,050"
2026-05-25,Bawang Putih Ukuran Sedang,2,"29,050"
2026-05-26,Bawang Putih Ukuran Sedang,2,"29,050"
2026-05-27,Bawang Putih Ukuran Sedang,2,"28,900"
2026-05-28,Bawang Putih Ukuran Sedang,2,"29,250"
2026-05-29,Bawang Putih Ukuran Sedang,2,"29,200"
2026-05-01,Cabai Merah,1,"38,000"
2026-05-04,Cabai Merah,1,"38,000"
2026-05-05,Cabai Merah,1,"38,000"
2026-05-06,Cabai Merah,1,"38,150"
2026-05-07,Cabai Merah,1,"39,500"
2026-05-08,Cabai Merah,1,"39,500"
2026-05-11,Cabai Merah,1,"39,500"
2026-05-12,Cabai Merah,1,"39,500"
2026-05-13,Cabai Merah,1,"39,500"
2026-05-14,Cabai Merah,1,"41,800"
2026-05-15,Cabai Merah,1,"41,850"
2026-05-18,Cabai Merah,1,"41,850"
2026-05-19,Cabai Merah,1,"41,850"
2026-05-20,Cabai Merah,1,"41,900"
2026-05-21,Cabai Merah,1,"43,450"
2026-05-22,Cabai Merah,1,"43,450"
2026-05-25,Cabai Merah,1,"43,450"
2026-05-26,Cabai Merah,1,"43,450"
2026-05-27,Cabai Merah,1,"43,250"
2026-05-28,Cabai Merah,1,"48,800"
2026-05-29,Cabai Merah,1,"48,700"
2026-05-01,Cabai Merah Besar,2,"40,650"
2026-05-04,Cabai Merah Besar,2,"40,650"
2026-05-05,Cabai Merah Besar,2,"40,650"
2026-05-06,Cabai Merah Besar,2,"40,750"
2026-05-07,Cabai Merah Besar,2,"41,000"
2026-05-08,Cabai Merah Besar,2,"41,000"
2026-05-11,Cabai Merah Besar,2,"41,000"
2026-05-12,Cabai Merah Besar,2,"41,000"
2026-05-13,Cabai Merah Besar,2,"41,050"
2026-05-14,Cabai Merah Besar,2,"44,150"
2026-05-15,Cabai Merah Besar,2,"44,250"
2026-05-18,Cabai Merah Besar,2,"44,250"
2026-05-19,Cabai Merah Besar,2,"44,250"
2026-05-20,Cabai Merah Besar,2,"44,450"
2026-05-21,Cabai Merah Besar,2,"44,800"
2026-05-22,Cabai Merah Besar,2,"44,800"
2026-05-25,Cabai Merah Besar,2,"44,800"
2026-05-26,Cabai Merah Besar,2,"44,800"
2026-05-27,Cabai Merah Besar,2,"44,150"
2026-05-28,Cabai Merah Besar,2,"50,550"
2026-05-29,Cabai Merah Besar,2,"50,550"
2026-05-01,Cabai Merah Keriting ,2,"35,950"
2026-05-04,Cabai Merah Keriting ,2,"35,950"
2026-05-05,Cabai Merah Keriting ,2,"35,950"
2026-05-06,Cabai Merah Keriting ,2,"36,150"
2026-05-07,Cabai Merah Keriting ,2,"38,300"
2026-05-08,Cabai Merah Keriting ,2,"38,300"
2026-05-11,Cabai Merah Keriting ,2,"38,300"
2026-05-12,Cabai Merah Keriting ,2,"38,300"
2026-05-13,Cabai Merah Keriting ,2,"38,200"
2026-05-14,Cabai Merah Keriting ,2,"39,950"
2026-05-15,Cabai Merah Keriting ,2,"39,950"
2026-05-18,Cabai Merah Keriting ,2,"39,950"
2026-05-19,Cabai Merah Keriting ,2,"39,950"
2026-05-20,Cabai Merah Keriting ,2,"39,900"
2026-05-21,Cabai Merah Keriting ,2,"42,200"
2026-05-22,Cabai Merah Keriting ,2,"42,200"
2026-05-25,Cabai Merah Keriting ,2,"42,200"
2026-05-26,Cabai Merah Keriting ,2,"42,200"
2026-05-27,Cabai Merah Keriting ,2,"42,250"
2026-05-28,Cabai Merah Keriting ,2,"47,650"
2026-05-29,Cabai Merah Keriting ,2,"47,500"
2026-05-01,Cabai Rawit,1,"44,800"
2026-05-04,Cabai Rawit,1,"44,800"
2026-05-05,Cabai Rawit,1,"44,800"
2026-05-06,Cabai Rawit,1,"44,900"
2026-05-07,Cabai Rawit,1,"46,000"
2026-05-08,Cabai Rawit,1,"46,000"
2026-05-11,Cabai Rawit,1,"46,000"
2026-05-12,Cabai Rawit,1,"46,000"
2026-05-13,Cabai Rawit,1,"46,200"
2026-05-14,Cabai Rawit,1,"48,300"
2026-05-15,Cabai Rawit,1,"48,300"
2026-05-18,Cabai Rawit,1,"48,300"
2026-05-19,Cabai Rawit,1,"48,300"
2026-05-20,Cabai Rawit,1,"48,500"
2026-05-21,Cabai Rawit,1,"52,100"
2026-05-22,Cabai Rawit,1,"52,100"
2026-05-25,Cabai Rawit,1,"52,100"
2026-05-26,Cabai Rawit,1,"52,100"
2026-05-27,Cabai Rawit,1,"52,000"
2026-05-28,Cabai Rawit,1,"55,350"
2026-05-29,Cabai Rawit,1,"55,100"
2026-05-01,Cabai Rawit Hijau,2,"42,000"
2026-05-04,Cabai Rawit Hijau,2,"42,000"
2026-05-05,Cabai Rawit Hijau,2,"42,000"
2026-05-06,Cabai Rawit Hijau,2,"42,100"
2026-05-07,Cabai Rawit Hijau,2,"42,850"
2026-05-08,Cabai Rawit Hijau,2,"42,850"
2026-05-11,Cabai Rawit Hijau,2,"42,850"
2026-05-12,Cabai Rawit Hijau,2,"42,850"
2026-05-13,Cabai Rawit Hijau,2,"42,800"
2026-05-14,Cabai Rawit Hijau,2,"43,950"
2026-05-15,Cabai Rawit Hijau,2,"44,000"
2026-05-18,Cabai Rawit Hijau,2,"44,000"
2026-05-19,Cabai Rawit Hijau,2,"44,000"
2026-05-20,Cabai Rawit Hijau,2,"44,450"
2026-05-21,Cabai Rawit Hijau,2,"48,400"
2026-05-22,Cabai Rawit Hijau,2,"48,400"
2026-05-25,Cabai Rawit Hijau,2,"48,400"
2026-05-26,Cabai Rawit Hijau,2,"48,400"
2026-05-27,Cabai Rawit Hijau,2,"48,050"
2026-05-28,Cabai Rawit Hijau,2,"49,600"
2026-05-29,Cabai Rawit Hijau,2,"49,150"
2026-05-01,Cabai Rawit Merah,2,"48,650"
2026-05-04,Cabai Rawit Merah,2,"48,650"
2026-05-05,Cabai Rawit Merah,2,"48,650"
2026-05-06,Cabai Rawit Merah,2,"48,700"
2026-05-07,Cabai Rawit Merah,2,"50,500"
2026-05-08,Cabai Rawit Merah,2,"50,500"
2026-05-11,Cabai Rawit Merah,2,"50,500"
2026-05-12,Cabai Rawit Merah,2,"50,500"
2026-05-13,Cabai Rawit Merah,2,"51,050"
2026-05-14,Cabai Rawit Merah,2,"54,950"
2026-05-15,Cabai Rawit Merah,2,"54,900"
2026-05-18,Cabai Rawit Merah,2,"54,900"
2026-05-19,Cabai Rawit Merah,2,"54,900"
2026-05-20,Cabai Rawit Merah,2,"54,900"
2026-05-21,Cabai Rawit Merah,2,"58,000"
2026-05-22,Cabai Rawit Merah,2,"58,000"
2026-05-25,Cabai Rawit Merah,2,"58,000"
2026-05-26,Cabai Rawit Merah,2,"58,000"
2026-05-27,Cabai Rawit Merah,2,"58,100"
2026-05-28,Cabai Rawit Merah,2,"62,800"
2026-05-29,Cabai Rawit Merah,2,"62,850"
2026-05-01,Minyak Goreng,1,"20,800"
2026-05-04,Minyak Goreng,1,"20,800"
2026-05-05,Minyak Goreng,1,"20,800"
2026-05-06,Minyak Goreng,1,"20,800"
2026-05-07,Minyak Goreng,1,"20,750"
2026-05-08,Minyak Goreng,1,"20,750"
2026-05-11,Minyak Goreng,1,"20,750"
2026-05-12,Minyak Goreng,1,"20,750"
2026-05-13,Minyak Goreng,1,"20,750"
2026-05-14,Minyak Goreng,1,"20,750"
2026-05-15,Minyak Goreng,1,"20,750"
2026-05-18,Minyak Goreng,1,"20,750"
2026-05-19,Minyak Goreng,1,"20,750"
2026-05-20,Minyak Goreng,1,"20,750"
2026-05-21,Minyak Goreng,1,"20,850"
2026-05-22,Minyak Goreng,1,"20,850"
2026-05-25,Minyak Goreng,1,"20,850"
2026-05-26,Minyak Goreng,1,"20,850"
2026-05-27,Minyak Goreng,1,"20,850"
2026-05-28,Minyak Goreng,1,"20,900"
2026-05-29,Minyak Goreng,1,"20,900"
2026-05-01,Minyak Goreng Curah,2,"18,950"
2026-05-04,Minyak Goreng Curah,2,"18,950"
2026-05-05,Minyak Goreng Curah,2,"18,950"
2026-05-06,Minyak Goreng Curah,2,"18,950"
2026-05-07,Minyak Goreng Curah,2,"18,950"
2026-05-08,Minyak Goreng Curah,2,"18,950"
2026-05-11,Minyak Goreng Curah,2,"18,950"
2026-05-12,Minyak Goreng Curah,2,"18,950"
2026-05-13,Minyak Goreng Curah,2,"18,950"
2026-05-14,Minyak Goreng Curah,2,"18,900"
2026-05-15,Minyak Goreng Curah,2,"18,900"
2026-05-18,Minyak Goreng Curah,2,"18,900"
2026-05-19,Minyak Goreng Curah,2,"18,900"
2026-05-20,Minyak Goreng Curah,2,"18,900"
2026-05-21,Minyak Goreng Curah,2,"18,900"
2026-05-22,Minyak Goreng Curah,2,"18,900"
2026-05-25,Minyak Goreng Curah,2,"18,900"
2026-05-26,Minyak Goreng Curah,2,"18,900"
2026-05-27,Minyak Goreng Curah,2,"18,900"
2026-05-28,Minyak Goreng Curah,2,"18,950"
2026-05-29,Minyak Goreng Curah,2,"19,000"
2026-05-01,Minyak Goreng Kemasan Bermerk 1,2,"21,450"
2026-05-04,Minyak Goreng Kemasan Bermerk 1,2,"21,450"
2026-05-05,Minyak Goreng Kemasan Bermerk 1,2,"21,450"
2026-05-06,Minyak Goreng Kemasan Bermerk 1,2,"21,450"
2026-05-07,Minyak Goreng Kemasan Bermerk 1,2,"21,450"
2026-05-08,Minyak Goreng Kemasan Bermerk 1,2,"21,450"
2026-05-11,Minyak Goreng Kemasan Bermerk 1,2,"21,450"
2026-05-12,Minyak Goreng Kemasan Bermerk 1,2,"21,450"
2026-05-13,Minyak Goreng Kemasan Bermerk 1,2,"21,450"
2026-05-14,Minyak Goreng Kemasan Bermerk 1,2,"21,500"
2026-05-15,Minyak Goreng Kemasan Bermerk 1,2,"21,500"
2026-05-18,Minyak Goreng Kemasan Bermerk 1,2,"21,500"
2026-05-19,Minyak Goreng Kemasan Bermerk 1,2,"21,500"
2026-05-20,Minyak Goreng Kemasan Bermerk 1,2,"21,500"
2026-05-21,Minyak Goreng Kemasan Bermerk 1,2,"21,650"
2026-05-22,Minyak Goreng Kemasan Bermerk 1,2,"21,650"
2026-05-25,Minyak Goreng Kemasan Bermerk 1,2,"21,650"
2026-05-26,Minyak Goreng Kemasan Bermerk 1,2,"21,650"
2026-05-27,Minyak Goreng Kemasan Bermerk 1,2,"21,650"
2026-05-28,Minyak Goreng Kemasan Bermerk 1,2,"21,800"
2026-05-29,Minyak Goreng Kemasan Bermerk 1,2,"21,800"
2026-05-01,Minyak Goreng Kemasan Bermerk 2,2,"21,400"
2026-05-04,Minyak Goreng Kemasan Bermerk 2,2,"21,400"
2026-05-05,Minyak Goreng Kemasan Bermerk 2,2,"21,400"
2026-05-06,Minyak Goreng Kemasan Bermerk 2,2,"21,400"
2026-05-07,Minyak Goreng Kemasan Bermerk 2,2,"21,300"
2026-05-08,Minyak Goreng Kemasan Bermerk 2,2,"21,300"
2026-05-11,Minyak Goreng Kemasan Bermerk 2,2,"21,300"
2026-05-12,Minyak Goreng Kemasan Bermerk 2,2,"21,300"
2026-05-13,Minyak Goreng Kemasan Bermerk 2,2,"21,300"
2026-05-14,Minyak Goreng Kemasan Bermerk 2,2,"21,350"
2026-05-15,Minyak Goreng Kemasan Bermerk 2,2,"21,350"
2026-05-18,Minyak Goreng Kemasan Bermerk 2,2,"21,350"
2026-05-19,Minyak Goreng Kemasan Bermerk 2,2,"21,350"
2026-05-20,Minyak Goreng Kemasan Bermerk 2,2,"21,350"
2026-05-21,Minyak Goreng Kemasan Bermerk 2,2,"21,400"
2026-05-22,Minyak Goreng Kemasan Bermerk 2,2,"21,450"
2026-05-25,Minyak Goreng Kemasan Bermerk 2,2,"21,450"
2026-05-26,Minyak Goreng Kemasan Bermerk 2,2,"21,450"
2026-05-27,Minyak Goreng Kemasan Bermerk 2,2,"21,450"
2026-05-28,Minyak Goreng Kemasan Bermerk 2,2,"21,450"
2026-05-29,Minyak Goreng Kemasan Bermerk 2,2,"21,500"
2026-05-01,Gula Pasir,1,"18,000"
2026-05-04,Gula Pasir,1,"18,000"
2026-05-05,Gula Pasir,1,"18,000"
2026-05-06,Gula Pasir,1,"18,000"
2026-05-07,Gula Pasir,1,"17,950"
2026-05-08,Gula Pasir,1,"17,950"
2026-05-11,Gula Pasir,1,"17,950"
2026-05-12,Gula Pasir,1,"17,950"
2026-05-13,Gula Pasir,1,"17,950"
2026-05-14,Gula Pasir,1,"17,900"
2026-05-15,Gula Pasir,1,"17,900"
2026-05-18,Gula Pasir,1,"17,900"
2026-05-19,Gula Pasir,1,"17,900"
2026-05-20,Gula Pasir,1,"17,900"
2026-05-21,Gula Pasir,1,"17,850"
2026-05-22,Gula Pasir,1,"17,850"
2026-05-25,Gula Pasir,1,"17,850"
2026-05-26,Gula Pasir,1,"17,850"
2026-05-27,Gula Pasir,1,"17,850"
2026-05-28,Gula Pasir,1,"17,850"
2026-05-29,Gula Pasir,1,"17,900"
2026-05-01,Gula Pasir Kualitas Premium,2,"18,600"
2026-05-04,Gula Pasir Kualitas Premium,2,"18,600"
2026-05-05,Gula Pasir Kualitas Premium,2,"18,600"
2026-05-06,Gula Pasir Kualitas Premium,2,"18,600"
2026-05-07,Gula Pasir Kualitas Premium,2,"18,600"
2026-05-08,Gula Pasir Kualitas Premium,2,"18,600"
2026-05-11,Gula Pasir Kualitas Premium,2,"18,600"
2026-05-12,Gula Pasir Kualitas Premium,2,"18,600"
2026-05-13,Gula Pasir Kualitas Premium,2,"18,600"
2026-05-14,Gula Pasir Kualitas Premium,2,"18,600"
2026-05-15,Gula Pasir Kualitas Premium,2,"18,600"
2026-05-18,Gula Pasir Kualitas Premium,2,"18,600"
2026-05-19,Gula Pasir Kualitas Premium,2,"18,600"
2026-05-20,Gula Pasir Kualitas Premium,2,"18,600"
2026-05-21,Gula Pasir Kualitas Premium,2,"18,600"
2026-05-22,Gula Pasir Kualitas Premium,2,"18,600"
2026-05-25,Gula Pasir Kualitas Premium,2,"18,600"
2026-05-26,Gula Pasir Kualitas Premium,2,"18,600"
2026-05-27,Gula Pasir Kualitas Premium,2,"18,600"
2026-05-28,Gula Pasir Kualitas Premium,2,"18,600"
2026-05-29,Gula Pasir Kualitas Premium,2,"18,700"
2026-05-01,Gula Pasir Lokal,2,"17,550"
2026-05-04,Gula Pasir Lokal,2,"17,550"
2026-05-05,Gula Pasir Lokal,2,"17,550"
2026-05-06,Gula Pasir Lokal,2,"17,550"
2026-05-07,Gula Pasir Lokal,2,"17,500"
2026-05-08,Gula Pasir Lokal,2,"17,500"
2026-05-11,Gula Pasir Lokal,2,"17,500"
2026-05-12,Gula Pasir Lokal,2,"17,500"
2026-05-13,Gula Pasir Lokal,2,"17,500"
2026-05-14,Gula Pasir Lokal,2,"17,450"
2026-05-15,Gula Pasir Lokal,2,"17,450"
2026-05-18,Gula Pasir Lokal,2,"17,450"
2026-05-19,Gula Pasir Lokal,2,"17,450"
2026-05-20,Gula Pasir Lokal,2,"17,450"
2026-05-21,Gula Pasir Lokal,2,"17,350"
2026-05-22,Gula Pasir Lokal,2,"17,350"
2026-05-25,Gula Pasir Lokal,2,"17,350"
2026-05-26,Gula Pasir Lokal,2,"17,350"
2026-05-27,Gula Pasir Lokal,2,"17,350"
2026-05-28,Gula Pasir Lokal,2,"17,350"
2026-05-29,Gula Pasir Lokal,2,"17,400"
2026-06-01,Beras,1,"15,100"
2026-06-02,Beras,1,"15,100"
2026-06-03,Beras,1,"15,100"
2026-06-04,Beras,1,"15,150"
2026-06-05,Beras,1,"15,150"
2026-06-08,Beras,1,"15,150"
2026-06-09,Beras,1,"15,150"
2026-06-10,Beras,1,"15,150"
2026-06-11,Beras,1,"15,200"
2026-06-12,Beras,1,"15,200"
2026-06-15,Beras,1,"15,200"
2026-06-16,Beras,1,"15,200"
2026-06-17,Beras,1,"15,200"
2026-06-18,Beras,1,"15,250"
2026-06-19,Beras,1,"15,250"
2026-06-22,Beras,1,"15,250"
2026-06-23,Beras,1,"15,250"
2026-06-24,Beras,1,"15,250"
2026-06-25,Beras,1,"15,300"
2026-06-26,Beras,1,"15,300"
2026-06-29,Beras,1,"15,300"
2026-06-30,Beras,1,"15,300"
2026-06-01,Beras Kualitas Bawah I,2,"14,100"
2026-06-02,Beras Kualitas Bawah I,2,"14,100"
2026-06-03,Beras Kualitas Bawah I,2,"14,100"
2026-06-04,Beras Kualitas Bawah I,2,"14,150"
2026-06-05,Beras Kualitas Bawah I,2,"14,150"
2026-06-08,Beras Kualitas Bawah I,2,"14,150"
2026-06-09,Beras Kualitas Bawah I,2,"14,150"
2026-06-10,Beras Kualitas Bawah I,2,"14,150"
2026-06-11,Beras Kualitas Bawah I,2,"14,200"
2026-06-12,Beras Kualitas Bawah I,2,"14,200"
2026-06-15,Beras Kualitas Bawah I,2,"14,200"
2026-06-16,Beras Kualitas Bawah I,2,"14,200"
2026-06-17,Beras Kualitas Bawah I,2,"14,200"
2026-06-18,Beras Kualitas Bawah I,2,"14,250"
2026-06-19,Beras Kualitas Bawah I,2,"14,250"
2026-06-22,Beras Kualitas Bawah I,2,"14,250"
2026-06-23,Beras Kualitas Bawah I,2,"14,250"
2026-06-24,Beras Kualitas Bawah I,2,"14,250"
2026-06-25,Beras Kualitas Bawah I,2,"14,300"
2026-06-26,Beras Kualitas Bawah I,2,"14,300"
2026-06-29,Beras Kualitas Bawah I,2,"14,300"
2026-06-30,Beras Kualitas Bawah I,2,"14,300"
2026-06-01,Beras Kualitas Bawah II,2,"13,900"
2026-06-02,Beras Kualitas Bawah II,2,"13,900"
2026-06-03,Beras Kualitas Bawah II,2,"13,900"
2026-06-04,Beras Kualitas Bawah II,2,"13,950"
2026-06-05,Beras Kualitas Bawah II,2,"13,950"
2026-06-08,Beras Kualitas Bawah II,2,"13,950"
2026-06-09,Beras Kualitas Bawah II,2,"13,950"
2026-06-10,Beras Kualitas Bawah II,2,"13,950"
2026-06-11,Beras Kualitas Bawah II,2,"13,900"
2026-06-12,Beras Kualitas Bawah II,2,"13,900"
2026-06-15,Beras Kualitas Bawah II,2,"13,900"
2026-06-16,Beras Kualitas Bawah II,2,"13,900"
2026-06-17,Beras Kualitas Bawah II,2,"13,900"
2026-06-18,Beras Kualitas Bawah II,2,"14,000"
2026-06-19,Beras Kualitas Bawah II,2,"14,000"
2026-06-22,Beras Kualitas Bawah II,2,"14,000"
2026-06-23,Beras Kualitas Bawah II,2,"14,000"
2026-06-24,Beras Kualitas Bawah II,2,"14,000"
2026-06-25,Beras Kualitas Bawah II,2,"14,050"
2026-06-26,Beras Kualitas Bawah II,2,"14,050"
2026-06-29,Beras Kualitas Bawah II,2,"14,050"
2026-06-30,Beras Kualitas Bawah II,2,"14,050"
2026-06-01,Beras Kualitas Medium I,2,"15,100"
2026-06-02,Beras Kualitas Medium I,2,"15,100"
2026-06-03,Beras Kualitas Medium I,2,"15,100"
2026-06-04,Beras Kualitas Medium I,2,"15,200"
2026-06-05,Beras Kualitas Medium I,2,"15,200"
2026-06-08,Beras Kualitas Medium I,2,"15,200"
2026-06-09,Beras Kualitas Medium I,2,"15,200"
2026-06-10,Beras Kualitas Medium I,2,"15,200"
2026-06-11,Beras Kualitas Medium I,2,"15,250"
2026-06-12,Beras Kualitas Medium I,2,"15,250"
2026-06-15,Beras Kualitas Medium I,2,"15,250"
2026-06-16,Beras Kualitas Medium I,2,"15,250"
2026-06-17,Beras Kualitas Medium I,2,"15,250"
2026-06-18,Beras Kualitas Medium I,2,"15,250"
2026-06-19,Beras Kualitas Medium I,2,"15,250"
2026-06-22,Beras Kualitas Medium I,2,"15,250"
2026-06-23,Beras Kualitas Medium I,2,"15,250"
2026-06-24,Beras Kualitas Medium I,2,"15,250"
2026-06-25,Beras Kualitas Medium I,2,"15,350"
2026-06-26,Beras Kualitas Medium I,2,"15,350"
2026-06-29,Beras Kualitas Medium I,2,"15,350"
2026-06-30,Beras Kualitas Medium I,2,"15,350"
2026-06-01,Beras Kualitas Medium II,2,"14,950"
2026-06-02,Beras Kualitas Medium II,2,"14,950"
2026-06-03,Beras Kualitas Medium II,2,"14,950"
2026-06-04,Beras Kualitas Medium II,2,"15,000"
2026-06-05,Beras Kualitas Medium II,2,"15,000"
2026-06-08,Beras Kualitas Medium II,2,"15,000"
2026-06-09,Beras Kualitas Medium II,2,"15,000"
2026-06-10,Beras Kualitas Medium II,2,"15,000"
2026-06-11,Beras Kualitas Medium II,2,"15,100"
2026-06-12,Beras Kualitas Medium II,2,"15,100"
2026-06-15,Beras Kualitas Medium II,2,"15,100"
2026-06-16,Beras Kualitas Medium II,2,"15,100"
2026-06-17,Beras Kualitas Medium II,2,"15,100"
2026-06-18,Beras Kualitas Medium II,2,"15,100"
2026-06-19,Beras Kualitas Medium II,2,"15,100"
2026-06-22,Beras Kualitas Medium II,2,"15,100"
2026-06-23,Beras Kualitas Medium II,2,"15,100"
2026-06-24,Beras Kualitas Medium II,2,"15,100"
2026-06-25,Beras Kualitas Medium II,2,"15,150"
2026-06-26,Beras Kualitas Medium II,2,"15,150"
2026-06-29,Beras Kualitas Medium II,2,"15,150"
2026-06-30,Beras Kualitas Medium II,2,"15,150"
2026-06-01,Beras Kualitas Super I,2,"16,550"
2026-06-02,Beras Kualitas Super I,2,"16,550"
2026-06-03,Beras Kualitas Super I,2,"16,550"
2026-06-04,Beras Kualitas Super I,2,"16,550"
2026-06-05,Beras Kualitas Super I,2,"16,550"
2026-06-08,Beras Kualitas Super I,2,"16,550"
2026-06-09,Beras Kualitas Super I,2,"16,550"
2026-06-10,Beras Kualitas Super I,2,"16,550"
2026-06-11,Beras Kualitas Super I,2,"16,550"
2026-06-12,Beras Kualitas Super I,2,"16,550"
2026-06-15,Beras Kualitas Super I,2,"16,550"
2026-06-16,Beras Kualitas Super I,2,"16,550"
2026-06-17,Beras Kualitas Super I,2,"16,550"
2026-06-18,Beras Kualitas Super I,2,"16,600"
2026-06-19,Beras Kualitas Super I,2,"16,600"
2026-06-22,Beras Kualitas Super I,2,"16,600"
2026-06-23,Beras Kualitas Super I,2,"16,600"
2026-06-24,Beras Kualitas Super I,2,"16,600"
2026-06-25,Beras Kualitas Super I,2,"16,650"
2026-06-26,Beras Kualitas Super I,2,"16,650"
2026-06-29,Beras Kualitas Super I,2,"16,650"
2026-06-30,Beras Kualitas Super I,2,"16,650"
2026-06-01,Beras Kualitas Super II,2,"16,100"
2026-06-02,Beras Kualitas Super II,2,"16,100"
2026-06-03,Beras Kualitas Super II,2,"16,100"
2026-06-04,Beras Kualitas Super II,2,"16,100"
2026-06-05,Beras Kualitas Super II,2,"16,100"
2026-06-08,Beras Kualitas Super II,2,"16,100"
2026-06-09,Beras Kualitas Super II,2,"16,100"
2026-06-10,Beras Kualitas Super II,2,"16,100"
2026-06-11,Beras Kualitas Super II,2,"16,100"
2026-06-12,Beras Kualitas Super II,2,"16,100"
2026-06-15,Beras Kualitas Super II,2,"16,100"
2026-06-16,Beras Kualitas Super II,2,"16,100"
2026-06-17,Beras Kualitas Super II,2,"16,100"
2026-06-18,Beras Kualitas Super II,2,"16,100"
2026-06-19,Beras Kualitas Super II,2,"16,100"
2026-06-22,Beras Kualitas Super II,2,"16,100"
2026-06-23,Beras Kualitas Super II,2,"16,100"
2026-06-24,Beras Kualitas Super II,2,"16,100"
2026-06-25,Beras Kualitas Super II,2,"16,150"
2026-06-26,Beras Kualitas Super II,2,"16,150"
2026-06-29,Beras Kualitas Super II,2,"16,150"
2026-06-30,Beras Kualitas Super II,2,"16,150"
2026-06-01,Daging Ayam,1,"33,050"
2026-06-02,Daging Ayam,1,"33,050"
2026-06-03,Daging Ayam,1,"33,050"
2026-06-04,Daging Ayam,1,"32,150"
2026-06-05,Daging Ayam,1,"32,100"
2026-06-08,Daging Ayam,1,"32,150"
2026-06-09,Daging Ayam,1,"32,150"
2026-06-10,Daging Ayam,1,"32,150"
2026-06-11,Daging Ayam,1,"31,100"
2026-06-12,Daging Ayam,1,"31,100"
2026-06-15,Daging Ayam,1,"31,100"
2026-06-16,Daging Ayam,1,"31,100"
2026-06-17,Daging Ayam,1,"31,100"
2026-06-18,Daging Ayam,1,"31,000"
2026-06-19,Daging Ayam,1,"31,000"
2026-06-22,Daging Ayam,1,"31,000"
2026-06-23,Daging Ayam,1,"31,000"
2026-06-24,Daging Ayam,1,"31,000"
2026-06-25,Daging Ayam,1,"30,900"
2026-06-26,Daging Ayam,1,"30,900"
2026-06-29,Daging Ayam,1,"30,900"
2026-06-30,Daging Ayam,1,"30,900"
2026-06-01,Daging Ayam Ras Segar,2,"33,050"
2026-06-02,Daging Ayam Ras Segar,2,"33,050"
2026-06-03,Daging Ayam Ras Segar,2,"33,050"
2026-06-04,Daging Ayam Ras Segar,2,"32,150"
2026-06-05,Daging Ayam Ras Segar,2,"32,100"
2026-06-08,Daging Ayam Ras Segar,2,"32,150"
2026-06-09,Daging Ayam Ras Segar,2,"32,150"
2026-06-10,Daging Ayam Ras Segar,2,"32,150"
2026-06-11,Daging Ayam Ras Segar,2,"31,100"
2026-06-12,Daging Ayam Ras Segar,2,"31,100"
2026-06-15,Daging Ayam Ras Segar,2,"31,100"
2026-06-16,Daging Ayam Ras Segar,2,"31,100"
2026-06-17,Daging Ayam Ras Segar,2,"31,100"
2026-06-18,Daging Ayam Ras Segar,2,"31,000"
2026-06-19,Daging Ayam Ras Segar,2,"31,000"
2026-06-22,Daging Ayam Ras Segar,2,"31,000"
2026-06-23,Daging Ayam Ras Segar,2,"31,000"
2026-06-24,Daging Ayam Ras Segar,2,"31,000"
2026-06-25,Daging Ayam Ras Segar,2,"30,900"
2026-06-26,Daging Ayam Ras Segar,2,"30,900"
2026-06-29,Daging Ayam Ras Segar,2,"30,900"
2026-06-30,Daging Ayam Ras Segar,2,"30,900"
2026-06-01,Daging Sapi,1,"136,400"
2026-06-02,Daging Sapi,1,"136,400"
2026-06-03,Daging Sapi,1,"136,400"
2026-06-04,Daging Sapi,1,"136,000"
2026-06-05,Daging Sapi,1,"136,000"
2026-06-08,Daging Sapi,1,"136,000"
2026-06-09,Daging Sapi,1,"136,000"
2026-06-10,Daging Sapi,1,"136,000"
2026-06-11,Daging Sapi,1,"136,050"
2026-06-12,Daging Sapi,1,"135,500"
2026-06-15,Daging Sapi,1,"135,500"
2026-06-16,Daging Sapi,1,"135,500"
2026-06-17,Daging Sapi,1,"135,500"
2026-06-18,Daging Sapi,1,"136,150"
2026-06-19,Daging Sapi,1,"136,150"
2026-06-22,Daging Sapi,1,"136,150"
2026-06-23,Daging Sapi,1,"136,150"
2026-06-24,Daging Sapi,1,"136,150"
2026-06-25,Daging Sapi,1,"136,900"
2026-06-26,Daging Sapi,1,"136,900"
2026-06-29,Daging Sapi,1,"136,900"
2026-06-30,Daging Sapi,1,"136,900"
2026-06-01,Daging Sapi Kualitas 1,2,"140,150"
2026-06-02,Daging Sapi Kualitas 1,2,"140,150"
2026-06-03,Daging Sapi Kualitas 1,2,"140,150"
2026-06-04,Daging Sapi Kualitas 1,2,"139,350"
2026-06-05,Daging Sapi Kualitas 1,2,"139,350"
2026-06-08,Daging Sapi Kualitas 1,2,"139,350"
2026-06-09,Daging Sapi Kualitas 1,2,"139,350"
2026-06-10,Daging Sapi Kualitas 1,2,"139,350"
2026-06-11,Daging Sapi Kualitas 1,2,"139,350"
2026-06-12,Daging Sapi Kualitas 1,2,"138,800"
2026-06-15,Daging Sapi Kualitas 1,2,"138,800"
2026-06-16,Daging Sapi Kualitas 1,2,"138,800"
2026-06-17,Daging Sapi Kualitas 1,2,"138,800"
2026-06-18,Daging Sapi Kualitas 1,2,"139,500"
2026-06-19,Daging Sapi Kualitas 1,2,"139,500"
2026-06-22,Daging Sapi Kualitas 1,2,"139,500"
2026-06-23,Daging Sapi Kualitas 1,2,"139,500"
2026-06-24,Daging Sapi Kualitas 1,2,"139,500"
2026-06-25,Daging Sapi Kualitas 1,2,"140,250"
2026-06-26,Daging Sapi Kualitas 1,2,"140,250"
2026-06-29,Daging Sapi Kualitas 1,2,"140,250"
2026-06-30,Daging Sapi Kualitas 1,2,"140,250"
2026-06-01,Daging Sapi Kualitas 2,2,"132,700"
2026-06-02,Daging Sapi Kualitas 2,2,"132,700"
2026-06-03,Daging Sapi Kualitas 2,2,"132,700"
2026-06-04,Daging Sapi Kualitas 2,2,"132,400"
2026-06-05,Daging Sapi Kualitas 2,2,"132,400"
2026-06-08,Daging Sapi Kualitas 2,2,"132,400"
2026-06-09,Daging Sapi Kualitas 2,2,"132,400"
2026-06-10,Daging Sapi Kualitas 2,2,"132,400"
2026-06-11,Daging Sapi Kualitas 2,2,"132,450"
2026-06-12,Daging Sapi Kualitas 2,2,"131,900"
2026-06-15,Daging Sapi Kualitas 2,2,"131,900"
2026-06-16,Daging Sapi Kualitas 2,2,"131,900"
2026-06-17,Daging Sapi Kualitas 2,2,"131,900"
2026-06-18,Daging Sapi Kualitas 2,2,"132,450"
2026-06-19,Daging Sapi Kualitas 2,2,"132,450"
2026-06-22,Daging Sapi Kualitas 2,2,"132,450"
2026-06-23,Daging Sapi Kualitas 2,2,"132,450"
2026-06-24,Daging Sapi Kualitas 2,2,"132,450"
2026-06-25,Daging Sapi Kualitas 2,2,"133,200"
2026-06-26,Daging Sapi Kualitas 2,2,"133,200"
2026-06-29,Daging Sapi Kualitas 2,2,"133,200"
2026-06-30,Daging Sapi Kualitas 2,2,"133,200"
2026-06-01,Telur Ayam,1,"27,050"
2026-06-02,Telur Ayam,1,"27,050"
2026-06-03,Telur Ayam,1,"27,050"
2026-06-04,Telur Ayam,1,"26,750"
2026-06-05,Telur Ayam,1,"26,850"
2026-06-08,Telur Ayam,1,"26,750"
2026-06-09,Telur Ayam,1,"26,750"
2026-06-10,Telur Ayam,1,"26,750"
2026-06-11,Telur Ayam,1,"26,450"
2026-06-12,Telur Ayam,1,"26,450"
2026-06-15,Telur Ayam,1,"26,450"
2026-06-16,Telur Ayam,1,"26,450"
2026-06-17,Telur Ayam,1,"26,450"
2026-06-18,Telur Ayam,1,"26,250"
2026-06-19,Telur Ayam,1,"26,250"
2026-06-22,Telur Ayam,1,"26,250"
2026-06-23,Telur Ayam,1,"26,250"
2026-06-24,Telur Ayam,1,"26,200"
2026-06-25,Telur Ayam,1,"25,950"
2026-06-26,Telur Ayam,1,"25,950"
2026-06-29,Telur Ayam,1,"25,950"
2026-06-30,Telur Ayam,1,"25,950"
2026-06-01,Telur Ayam Ras Segar,2,"27,050"
2026-06-02,Telur Ayam Ras Segar,2,"27,050"
2026-06-03,Telur Ayam Ras Segar,2,"27,050"
2026-06-04,Telur Ayam Ras Segar,2,"26,750"
2026-06-05,Telur Ayam Ras Segar,2,"26,850"
2026-06-08,Telur Ayam Ras Segar,2,"26,750"
2026-06-09,Telur Ayam Ras Segar,2,"26,750"
2026-06-10,Telur Ayam Ras Segar,2,"26,750"
2026-06-11,Telur Ayam Ras Segar,2,"26,450"
2026-06-12,Telur Ayam Ras Segar,2,"26,450"
2026-06-15,Telur Ayam Ras Segar,2,"26,450"
2026-06-16,Telur Ayam Ras Segar,2,"26,450"
2026-06-17,Telur Ayam Ras Segar,2,"26,450"
2026-06-18,Telur Ayam Ras Segar,2,"26,250"
2026-06-19,Telur Ayam Ras Segar,2,"26,250"
2026-06-22,Telur Ayam Ras Segar,2,"26,250"
2026-06-23,Telur Ayam Ras Segar,2,"26,250"
2026-06-24,Telur Ayam Ras Segar,2,"26,200"
2026-06-25,Telur Ayam Ras Segar,2,"25,950"
2026-06-26,Telur Ayam Ras Segar,2,"25,950"
2026-06-29,Telur Ayam Ras Segar,2,"25,950"
2026-06-30,Telur Ayam Ras Segar,2,"25,950"
2026-06-01,Bawang Merah,1,"40,200"
2026-06-02,Bawang Merah,1,"40,200"
2026-06-03,Bawang Merah,1,"40,150"
2026-06-04,Bawang Merah,1,"43,800"
2026-06-05,Bawang Merah,1,"44,000"
2026-06-08,Bawang Merah,1,"43,900"
2026-06-09,Bawang Merah,1,"43,900"
2026-06-10,Bawang Merah,1,"43,900"
2026-06-11,Bawang Merah,1,"44,350"
2026-06-12,Bawang Merah,1,"44,350"
2026-06-15,Bawang Merah,1,"44,350"
2026-06-16,Bawang Merah,1,"44,350"
2026-06-17,Bawang Merah,1,"44,300"
2026-06-18,Bawang Merah,1,"42,600"
2026-06-19,Bawang Merah,1,"42,600"
2026-06-22,Bawang Merah,1,"42,600"
2026-06-23,Bawang Merah,1,"42,600"
2026-06-24,Bawang Merah,1,"42,400"
2026-06-25,Bawang Merah,1,"39,750"
2026-06-26,Bawang Merah,1,"39,750"
2026-06-29,Bawang Merah,1,"39,750"
2026-06-30,Bawang Merah,1,"39,750"
2026-06-01,Bawang Merah Ukuran Sedang,2,"40,200"
2026-06-02,Bawang Merah Ukuran Sedang,2,"40,200"
2026-06-03,Bawang Merah Ukuran Sedang,2,"40,150"
2026-06-04,Bawang Merah Ukuran Sedang,2,"43,800"
2026-06-05,Bawang Merah Ukuran Sedang,2,"44,000"
2026-06-08,Bawang Merah Ukuran Sedang,2,"43,900"
2026-06-09,Bawang Merah Ukuran Sedang,2,"43,900"
2026-06-10,Bawang Merah Ukuran Sedang,2,"43,900"
2026-06-11,Bawang Merah Ukuran Sedang,2,"44,350"
2026-06-12,Bawang Merah Ukuran Sedang,2,"44,350"
2026-06-15,Bawang Merah Ukuran Sedang,2,"44,350"
2026-06-16,Bawang Merah Ukuran Sedang,2,"44,350"
2026-06-17,Bawang Merah Ukuran Sedang,2,"44,300"
2026-06-18,Bawang Merah Ukuran Sedang,2,"42,600"
2026-06-19,Bawang Merah Ukuran Sedang,2,"42,600"
2026-06-22,Bawang Merah Ukuran Sedang,2,"42,600"
2026-06-23,Bawang Merah Ukuran Sedang,2,"42,600"
2026-06-24,Bawang Merah Ukuran Sedang,2,"42,400"
2026-06-25,Bawang Merah Ukuran Sedang,2,"39,750"
2026-06-26,Bawang Merah Ukuran Sedang,2,"39,750"
2026-06-29,Bawang Merah Ukuran Sedang,2,"39,750"
2026-06-30,Bawang Merah Ukuran Sedang,2,"39,750"
2026-06-01,Bawang Putih,1,"29,200"
2026-06-02,Bawang Putih,1,"29,200"
2026-06-03,Bawang Putih,1,"29,200"
2026-06-04,Bawang Putih,1,"29,150"
2026-06-05,Bawang Putih,1,"29,050"
2026-06-08,Bawang Putih,1,"29,150"
2026-06-09,Bawang Putih,1,"29,150"
2026-06-10,Bawang Putih,1,"29,350"
2026-06-11,Bawang Putih,1,"33,250"
2026-06-12,Bawang Putih,1,"33,250"
2026-06-15,Bawang Putih,1,"33,250"
2026-06-16,Bawang Putih,1,"33,250"
2026-06-17,Bawang Putih,1,"33,400"
2026-06-18,Bawang Putih,1,"34,900"
2026-06-19,Bawang Putih,1,"34,900"
2026-06-22,Bawang Putih,1,"34,900"
2026-06-23,Bawang Putih,1,"34,900"
2026-06-24,Bawang Putih,1,"34,850"
2026-06-25,Bawang Putih,1,"35,500"
2026-06-26,Bawang Putih,1,"35,500"
2026-06-29,Bawang Putih,1,"35,500"
2026-06-30,Bawang Putih,1,"35,500"
2026-06-01,Bawang Putih Ukuran Sedang,2,"29,200"
2026-06-02,Bawang Putih Ukuran Sedang,2,"29,200"
2026-06-03,Bawang Putih Ukuran Sedang,2,"29,200"
2026-06-04,Bawang Putih Ukuran Sedang,2,"29,150"
2026-06-05,Bawang Putih Ukuran Sedang,2,"29,050"
2026-06-08,Bawang Putih Ukuran Sedang,2,"29,150"
2026-06-09,Bawang Putih Ukuran Sedang,2,"29,150"
2026-06-10,Bawang Putih Ukuran Sedang,2,"29,350"
2026-06-11,Bawang Putih Ukuran Sedang,2,"33,250"
2026-06-12,Bawang Putih Ukuran Sedang,2,"33,250"
2026-06-15,Bawang Putih Ukuran Sedang,2,"33,250"
2026-06-16,Bawang Putih Ukuran Sedang,2,"33,250"
2026-06-17,Bawang Putih Ukuran Sedang,2,"33,400"
2026-06-18,Bawang Putih Ukuran Sedang,2,"34,900"
2026-06-19,Bawang Putih Ukuran Sedang,2,"34,900"
2026-06-22,Bawang Putih Ukuran Sedang,2,"34,900"
2026-06-23,Bawang Putih Ukuran Sedang,2,"34,900"
2026-06-24,Bawang Putih Ukuran Sedang,2,"34,850"
2026-06-25,Bawang Putih Ukuran Sedang,2,"35,500"
2026-06-26,Bawang Putih Ukuran Sedang,2,"35,500"
2026-06-29,Bawang Putih Ukuran Sedang,2,"35,500"
2026-06-30,Bawang Putih Ukuran Sedang,2,"35,500"
2026-06-01,Cabai Merah,1,"48,700"
2026-06-02,Cabai Merah,1,"48,700"
2026-06-03,Cabai Merah,1,"49,250"
2026-06-04,Cabai Merah,1,"50,050"
2026-06-05,Cabai Merah,1,"50,300"
2026-06-08,Cabai Merah,1,"50,350"
2026-06-09,Cabai Merah,1,"50,350"
2026-06-10,Cabai Merah,1,"50,250"
2026-06-11,Cabai Merah,1,"49,050"
2026-06-12,Cabai Merah,1,"49,050"
2026-06-15,Cabai Merah,1,"49,050"
2026-06-16,Cabai Merah,1,"49,050"
2026-06-17,Cabai Merah,1,"49,000"
2026-06-18,Cabai Merah,1,"46,850"
2026-06-19,Cabai Merah,1,"46,850"
2026-06-22,Cabai Merah,1,"46,850"
2026-06-23,Cabai Merah,1,"46,850"
2026-06-24,Cabai Merah,1,"46,400"
2026-06-25,Cabai Merah,1,"44,450"
2026-06-26,Cabai Merah,1,"44,500"
2026-06-29,Cabai Merah,1,"44,500"
2026-06-30,Cabai Merah,1,"44,500"
2026-06-01,Cabai Merah Besar,2,"50,550"
2026-06-02,Cabai Merah Besar,2,"50,550"
2026-06-03,Cabai Merah Besar,2,"51,750"
2026-06-04,Cabai Merah Besar,2,"50,000"
2026-06-05,Cabai Merah Besar,2,"50,300"
2026-06-08,Cabai Merah Besar,2,"50,350"
2026-06-09,Cabai Merah Besar,2,"50,350"
2026-06-10,Cabai Merah Besar,2,"50,300"
2026-06-11,Cabai Merah Besar,2,"50,550"
2026-06-12,Cabai Merah Besar,2,"50,550"
2026-06-15,Cabai Merah Besar,2,"50,550"
2026-06-16,Cabai Merah Besar,2,"50,550"
2026-06-17,Cabai Merah Besar,2,"50,550"
2026-06-18,Cabai Merah Besar,2,"47,650"
2026-06-19,Cabai Merah Besar,2,"47,650"
2026-06-22,Cabai Merah Besar,2,"47,650"
2026-06-23,Cabai Merah Besar,2,"47,650"
2026-06-24,Cabai Merah Besar,2,"46,900"
2026-06-25,Cabai Merah Besar,2,"43,650"
2026-06-26,Cabai Merah Besar,2,"43,650"
2026-06-29,Cabai Merah Besar,2,"43,650"
2026-06-30,Cabai Merah Besar,2,"43,650"
2026-06-01,Cabai Merah Keriting ,2,"47,500"
2026-06-02,Cabai Merah Keriting ,2,"47,500"
2026-06-03,Cabai Merah Keriting ,2,"47,650"
2026-06-04,Cabai Merah Keriting ,2,"48,800"
2026-06-05,Cabai Merah Keriting ,2,"49,050"
2026-06-08,Cabai Merah Keriting ,2,"49,100"
2026-06-09,Cabai Merah Keriting ,2,"49,100"
2026-06-10,Cabai Merah Keriting ,2,"48,950"
2026-06-11,Cabai Merah Keriting ,2,"46,550"
2026-06-12,Cabai Merah Keriting ,2,"46,550"
2026-06-15,Cabai Merah Keriting ,2,"46,550"
2026-06-16,Cabai Merah Keriting ,2,"46,550"
2026-06-17,Cabai Merah Keriting ,2,"46,400"
2026-06-18,Cabai Merah Keriting ,2,"44,650"
2026-06-19,Cabai Merah Keriting ,2,"44,650"
2026-06-22,Cabai Merah Keriting ,2,"44,650"
2026-06-23,Cabai Merah Keriting ,2,"44,650"
2026-06-24,Cabai Merah Keriting ,2,"44,450"
2026-06-25,Cabai Merah Keriting ,2,"43,150"
2026-06-26,Cabai Merah Keriting ,2,"43,200"
2026-06-29,Cabai Merah Keriting ,2,"43,200"
2026-06-30,Cabai Merah Keriting ,2,"43,200"
2026-06-01,Cabai Rawit,1,"55,100"
2026-06-02,Cabai Rawit,1,"55,100"
2026-06-03,Cabai Rawit,1,"54,900"
2026-06-04,Cabai Rawit,1,"55,700"
2026-06-05,Cabai Rawit,1,"55,400"
2026-06-08,Cabai Rawit,1,"55,600"
2026-06-09,Cabai Rawit,1,"55,600"
2026-06-10,Cabai Rawit,1,"55,450"
2026-06-11,Cabai Rawit,1,"54,400"
2026-06-12,Cabai Rawit,1,"54,400"
2026-06-15,Cabai Rawit,1,"54,400"
2026-06-16,Cabai Rawit,1,"54,400"
2026-06-17,Cabai Rawit,1,"54,400"
2026-06-18,Cabai Rawit,1,"56,400"
2026-06-19,Cabai Rawit,1,"56,700"
2026-06-22,Cabai Rawit,1,"56,700"
2026-06-23,Cabai Rawit,1,"56,700"
2026-06-24,Cabai Rawit,1,"56,400"
2026-06-25,Cabai Rawit,1,"50,800"
2026-06-26,Cabai Rawit,1,"50,800"
2026-06-29,Cabai Rawit,1,"50,800"
2026-06-30,Cabai Rawit,1,"50,800"
2026-06-01,Cabai Rawit Hijau,2,"49,150"
2026-06-02,Cabai Rawit Hijau,2,"49,150"
2026-06-03,Cabai Rawit Hijau,2,"49,000"
2026-06-04,Cabai Rawit Hijau,2,"50,150"
2026-06-05,Cabai Rawit Hijau,2,"49,900"
2026-06-08,Cabai Rawit Hijau,2,"50,050"
2026-06-09,Cabai Rawit Hijau,2,"50,050"
2026-06-10,Cabai Rawit Hijau,2,"49,900"
2026-06-11,Cabai Rawit Hijau,2,"46,400"
2026-06-12,Cabai Rawit Hijau,2,"46,400"
2026-06-15,Cabai Rawit Hijau,2,"46,400"
2026-06-16,Cabai Rawit Hijau,2,"46,400"
2026-06-17,Cabai Rawit Hijau,2,"46,450"
2026-06-18,Cabai Rawit Hijau,2,"47,000"
2026-06-19,Cabai Rawit Hijau,2,"47,700"
2026-06-22,Cabai Rawit Hijau,2,"47,700"
2026-06-23,Cabai Rawit Hijau,2,"47,700"
2026-06-24,Cabai Rawit Hijau,2,"47,400"
2026-06-25,Cabai Rawit Hijau,2,"44,400"
2026-06-26,Cabai Rawit Hijau,2,"44,400"
2026-06-29,Cabai Rawit Hijau,2,"44,400"
2026-06-30,Cabai Rawit Hijau,2,"44,400"
2026-06-01,Cabai Rawit Merah,2,"62,850"
2026-06-02,Cabai Rawit Merah,2,"62,850"
2026-06-03,Cabai Rawit Merah,2,"62,600"
2026-06-04,Cabai Rawit Merah,2,"62,600"
2026-06-05,Cabai Rawit Merah,2,"62,200"
2026-06-08,Cabai Rawit Merah,2,"62,450"
2026-06-09,Cabai Rawit Merah,2,"62,450"
2026-06-10,Cabai Rawit Merah,2,"62,300"
2026-06-11,Cabai Rawit Merah,2,"62,700"
2026-06-12,Cabai Rawit Merah,2,"62,700"
2026-06-15,Cabai Rawit Merah,2,"62,700"
2026-06-16,Cabai Rawit Merah,2,"62,700"
2026-06-17,Cabai Rawit Merah,2,"62,650"
2026-06-18,Cabai Rawit Merah,2,"65,500"
2026-06-19,Cabai Rawit Merah,2,"65,500"
2026-06-22,Cabai Rawit Merah,2,"65,500"
2026-06-23,Cabai Rawit Merah,2,"65,500"
2026-06-24,Cabai Rawit Merah,2,"65,150"
2026-06-25,Cabai Rawit Merah,2,"56,750"
2026-06-26,Cabai Rawit Merah,2,"56,750"
2026-06-29,Cabai Rawit Merah,2,"56,750"
2026-06-30,Cabai Rawit Merah,2,"56,750"
2026-06-01,Minyak Goreng,1,"20,900"
2026-06-02,Minyak Goreng,1,"20,900"
2026-06-03,Minyak Goreng,1,"20,900"
2026-06-04,Minyak Goreng,1,"20,900"
2026-06-05,Minyak Goreng,1,"20,950"
2026-06-08,Minyak Goreng,1,"20,900"
2026-06-09,Minyak Goreng,1,"20,900"
2026-06-10,Minyak Goreng,1,"20,900"
2026-06-11,Minyak Goreng,1,"21,000"
2026-06-12,Minyak Goreng,1,"21,000"
2026-06-15,Minyak Goreng,1,"21,000"
2026-06-16,Minyak Goreng,1,"21,000"
2026-06-17,Minyak Goreng,1,"21,000"
2026-06-18,Minyak Goreng,1,"21,000"
2026-06-19,Minyak Goreng,1,"20,950"
2026-06-22,Minyak Goreng,1,"20,950"
2026-06-23,Minyak Goreng,1,"20,950"
2026-06-24,Minyak Goreng,1,"20,950"
2026-06-25,Minyak Goreng,1,"21,050"
2026-06-26,Minyak Goreng,1,"21,000"
2026-06-29,Minyak Goreng,1,"21,000"
2026-06-30,Minyak Goreng,1,"21,000"
2026-06-01,Minyak Goreng Curah,2,"19,000"
2026-06-02,Minyak Goreng Curah,2,"19,000"
2026-06-03,Minyak Goreng Curah,2,"19,000"
2026-06-04,Minyak Goreng Curah,2,"18,900"
2026-06-05,Minyak Goreng Curah,2,"18,950"
2026-06-08,Minyak Goreng Curah,2,"18,900"
2026-06-09,Minyak Goreng Curah,2,"18,900"
2026-06-10,Minyak Goreng Curah,2,"18,900"
2026-06-11,Minyak Goreng Curah,2,"18,900"
2026-06-12,Minyak Goreng Curah,2,"18,900"
2026-06-15,Minyak Goreng Curah,2,"18,900"
2026-06-16,Minyak Goreng Curah,2,"18,900"
2026-06-17,Minyak Goreng Curah,2,"18,900"
2026-06-18,Minyak Goreng Curah,2,"18,850"
2026-06-19,Minyak Goreng Curah,2,"18,850"
2026-06-22,Minyak Goreng Curah,2,"18,850"
2026-06-23,Minyak Goreng Curah,2,"18,850"
2026-06-24,Minyak Goreng Curah,2,"18,850"
2026-06-25,Minyak Goreng Curah,2,"18,800"
2026-06-26,Minyak Goreng Curah,2,"18,800"
2026-06-29,Minyak Goreng Curah,2,"18,800"
2026-06-30,Minyak Goreng Curah,2,"18,800"
2026-06-01,Minyak Goreng Kemasan Bermerk 1,2,"21,800"
2026-06-02,Minyak Goreng Kemasan Bermerk 1,2,"21,800"
2026-06-03,Minyak Goreng Kemasan Bermerk 1,2,"21,800"
2026-06-04,Minyak Goreng Kemasan Bermerk 1,2,"21,850"
2026-06-05,Minyak Goreng Kemasan Bermerk 1,2,"21,850"
2026-06-08,Minyak Goreng Kemasan Bermerk 1,2,"21,850"
2026-06-09,Minyak Goreng Kemasan Bermerk 1,2,"21,850"
2026-06-10,Minyak Goreng Kemasan Bermerk 1,2,"21,850"
2026-06-11,Minyak Goreng Kemasan Bermerk 1,2,"21,950"
2026-06-12,Minyak Goreng Kemasan Bermerk 1,2,"21,950"
2026-06-15,Minyak Goreng Kemasan Bermerk 1,2,"21,950"
2026-06-16,Minyak Goreng Kemasan Bermerk 1,2,"21,950"
2026-06-17,Minyak Goreng Kemasan Bermerk 1,2,"21,950"
2026-06-18,Minyak Goreng Kemasan Bermerk 1,2,"21,950"
2026-06-19,Minyak Goreng Kemasan Bermerk 1,2,"21,950"
2026-06-22,Minyak Goreng Kemasan Bermerk 1,2,"21,950"
2026-06-23,Minyak Goreng Kemasan Bermerk 1,2,"21,950"
2026-06-24,Minyak Goreng Kemasan Bermerk 1,2,"21,950"
2026-06-25,Minyak Goreng Kemasan Bermerk 1,2,"22,100"
2026-06-26,Minyak Goreng Kemasan Bermerk 1,2,"22,100"
2026-06-29,Minyak Goreng Kemasan Bermerk 1,2,"22,100"
2026-06-30,Minyak Goreng Kemasan Bermerk 1,2,"22,100"
2026-06-01,Minyak Goreng Kemasan Bermerk 2,2,"21,500"
2026-06-02,Minyak Goreng Kemasan Bermerk 2,2,"21,500"
2026-06-03,Minyak Goreng Kemasan Bermerk 2,2,"21,500"
2026-06-04,Minyak Goreng Kemasan Bermerk 2,2,"21,450"
2026-06-05,Minyak Goreng Kemasan Bermerk 2,2,"21,500"
2026-06-08,Minyak Goreng Kemasan Bermerk 2,2,"21,450"
2026-06-09,Minyak Goreng Kemasan Bermerk 2,2,"21,450"
2026-06-10,Minyak Goreng Kemasan Bermerk 2,2,"21,450"
2026-06-11,Minyak Goreng Kemasan Bermerk 2,2,"21,550"
2026-06-12,Minyak Goreng Kemasan Bermerk 2,2,"21,550"
2026-06-15,Minyak Goreng Kemasan Bermerk 2,2,"21,550"
2026-06-16,Minyak Goreng Kemasan Bermerk 2,2,"21,550"
2026-06-17,Minyak Goreng Kemasan Bermerk 2,2,"21,550"
2026-06-18,Minyak Goreng Kemasan Bermerk 2,2,"21,650"
2026-06-19,Minyak Goreng Kemasan Bermerk 2,2,"21,650"
2026-06-22,Minyak Goreng Kemasan Bermerk 2,2,"21,650"
2026-06-23,Minyak Goreng Kemasan Bermerk 2,2,"21,650"
2026-06-24,Minyak Goreng Kemasan Bermerk 2,2,"21,650"
2026-06-25,Minyak Goreng Kemasan Bermerk 2,2,"21,600"
2026-06-26,Minyak Goreng Kemasan Bermerk 2,2,"21,600"
2026-06-29,Minyak Goreng Kemasan Bermerk 2,2,"21,600"
2026-06-30,Minyak Goreng Kemasan Bermerk 2,2,"21,600"
2026-06-01,Gula Pasir,1,"17,900"
2026-06-02,Gula Pasir,1,"17,900"
2026-06-03,Gula Pasir,1,"17,900"
2026-06-04,Gula Pasir,1,"17,850"
2026-06-05,Gula Pasir,1,"17,900"
2026-06-08,Gula Pasir,1,"17,850"
2026-06-09,Gula Pasir,1,"17,850"
2026-06-10,Gula Pasir,1,"17,850"
2026-06-11,Gula Pasir,1,"17,850"
2026-06-12,Gula Pasir,1,"17,850"
2026-06-15,Gula Pasir,1,"17,850"
2026-06-16,Gula Pasir,1,"17,850"
2026-06-17,Gula Pasir,1,"17,850"
2026-06-18,Gula Pasir,1,"17,850"
2026-06-19,Gula Pasir,1,"17,850"
2026-06-22,Gula Pasir,1,"17,850"
2026-06-23,Gula Pasir,1,"17,850"
2026-06-24,Gula Pasir,1,"17,850"
2026-06-25,Gula Pasir,1,"17,850"
2026-06-26,Gula Pasir,1,"17,850"
2026-06-29,Gula Pasir,1,"17,850"
2026-06-30,Gula Pasir,1,"17,850"
2026-06-01,Gula Pasir Kualitas Premium,2,"18,700"
2026-06-02,Gula Pasir Kualitas Premium,2,"18,700"
2026-06-03,Gula Pasir Kualitas Premium,2,"18,700"
2026-06-04,Gula Pasir Kualitas Premium,2,"18,650"
2026-06-05,Gula Pasir Kualitas Premium,2,"18,650"
2026-06-08,Gula Pasir Kualitas Premium,2,"18,650"
2026-06-09,Gula Pasir Kualitas Premium,2,"18,650"
2026-06-10,Gula Pasir Kualitas Premium,2,"18,650"
2026-06-11,Gula Pasir Kualitas Premium,2,"18,600"
2026-06-12,Gula Pasir Kualitas Premium,2,"18,600"
2026-06-15,Gula Pasir Kualitas Premium,2,"18,600"
2026-06-16,Gula Pasir Kualitas Premium,2,"18,600"
2026-06-17,Gula Pasir Kualitas Premium,2,"18,600"
2026-06-18,Gula Pasir Kualitas Premium,2,"18,650"
2026-06-19,Gula Pasir Kualitas Premium,2,"18,650"
2026-06-22,Gula Pasir Kualitas Premium,2,"18,650"
2026-06-23,Gula Pasir Kualitas Premium,2,"18,650"
2026-06-24,Gula Pasir Kualitas Premium,2,"18,650"
2026-06-25,Gula Pasir Kualitas Premium,2,"18,650"
2026-06-26,Gula Pasir Kualitas Premium,2,"18,650"
2026-06-29,Gula Pasir Kualitas Premium,2,"18,650"
2026-06-30,Gula Pasir Kualitas Premium,2,"18,650"
2026-06-01,Gula Pasir Lokal,2,"17,400"
2026-06-02,Gula Pasir Lokal,2,"17,400"
2026-06-03,Gula Pasir Lokal,2,"17,400"
2026-06-04,Gula Pasir Lokal,2,"17,350"
2026-06-05,Gula Pasir Lokal,2,"17,350"
2026-06-08,Gula Pasir Lokal,2,"17,350"
2026-06-09,Gula Pasir Lokal,2,"17,350"
2026-06-10,Gula Pasir Lokal,2,"17,350"
2026-06-11,Gula Pasir Lokal,2,"17,350"
2026-06-12,Gula Pasir Lokal,2,"17,350"
2026-06-15,Gula Pasir Lokal,2,"17,350"
2026-06-16,Gula Pasir Lokal,2,"17,350"
2026-06-17,Gula Pasir Lokal,2,"17,350"
2026-06-18,Gula Pasir Lokal,2,"17,350"
2026-06-19,Gula Pasir Lokal,2,"17,350"
2026-06-22,Gula Pasir Lokal,2,"17,350"
2026-06-23,Gula Pasir Lokal,2,"17,350"
2026-06-24,Gula Pasir Lokal,2,"17,350"
2026-06-25,Gula Pasir Lokal,2,"17,350"
2026-06-26,Gula Pasir Lokal,2,"17,350"
2026-06-29,Gula Pasir Lokal,2,"17,350"
2026-06-30,Gula Pasir Lokal,2,"17,350"
2026-07-01,Beras,1,"15,300"
2026-07-02,Beras,1,"15,350"
2026-07-03,Beras,1,"15,350"
2026-07-06,Beras,1,"15,350"
2026-07-07,Beras,1,"15,350"
2026-07-08,Beras,1,"15,350"
2026-07-09,Beras,1,"15,350"
2026-07-10,Beras,1,"15,350"
2026-07-13,Beras,1,"15,350"
2026-07-14,Beras,1,"15,350"
2026-07-15,Beras,1,"15,350"
2026-07-16,Beras,1,"15,350"
2026-07-17,Beras,1,"15,350"
2026-07-20,Beras,1,"15,350"
2026-07-21,Beras,1,"15,350"
2026-07-22,Beras,1,"15,350"
2026-07-23,Beras,1,"15,350"
2026-07-24,Beras,1,"15,350"
2026-07-27,Beras,1,"15,350"
2026-07-28,Beras,1,"15,350"
2026-07-29,Beras,1,"15,350"
2026-07-30,Beras,1,"15,400"
2026-07-31,Beras,1,"15,400"
2026-07-01,Beras Kualitas Bawah I,2,"14,300"
2026-07-02,Beras Kualitas Bawah I,2,"14,350"
2026-07-03,Beras Kualitas Bawah I,2,"14,350"
2026-07-06,Beras Kualitas Bawah I,2,"14,350"
2026-07-07,Beras Kualitas Bawah I,2,"14,350"
2026-07-08,Beras Kualitas Bawah I,2,"14,350"
2026-07-09,Beras Kualitas Bawah I,2,"14,350"
2026-07-10,Beras Kualitas Bawah I,2,"14,350"
2026-07-13,Beras Kualitas Bawah I,2,"14,350"
2026-07-14,Beras Kualitas Bawah I,2,"14,350"
2026-07-15,Beras Kualitas Bawah I,2,"14,350"
2026-07-16,Beras Kualitas Bawah I,2,"14,350"
2026-07-17,Beras Kualitas Bawah I,2,"14,350"
2026-07-20,Beras Kualitas Bawah I,2,"14,350"
2026-07-21,Beras Kualitas Bawah I,2,"14,350"
2026-07-22,Beras Kualitas Bawah I,2,"14,350"
2026-07-23,Beras Kualitas Bawah I,2,"14,400"
2026-07-24,Beras Kualitas Bawah I,2,"14,400"
2026-07-27,Beras Kualitas Bawah I,2,"14,400"
2026-07-28,Beras Kualitas Bawah I,2,"14,400"
2026-07-29,Beras Kualitas Bawah I,2,"14,400"
2026-07-30,Beras Kualitas Bawah I,2,"14,350"
2026-07-31,Beras Kualitas Bawah I,2,"14,350"
2026-07-01,Beras Kualitas Bawah II,2,"14,050"
2026-07-02,Beras Kualitas Bawah II,2,"14,100"
2026-07-03,Beras Kualitas Bawah II,2,"14,100"
2026-07-06,Beras Kualitas Bawah II,2,"14,100"
2026-07-07,Beras Kualitas Bawah II,2,"14,100"
2026-07-08,Beras Kualitas Bawah II,2,"14,100"
2026-07-09,Beras Kualitas Bawah II,2,"14,050"
2026-07-10,Beras Kualitas Bawah II,2,"14,050"
2026-07-13,Beras Kualitas Bawah II,2,"14,050"
2026-07-14,Beras Kualitas Bawah II,2,"14,050"
2026-07-15,Beras Kualitas Bawah II,2,"14,050"
2026-07-16,Beras Kualitas Bawah II,2,"14,050"
2026-07-17,Beras Kualitas Bawah II,2,"14,050"
2026-07-20,Beras Kualitas Bawah II,2,"14,050"
2026-07-21,Beras Kualitas Bawah II,2,"14,050"
2026-07-22,Beras Kualitas Bawah II,2,"14,050"
2026-07-23,Beras Kualitas Bawah II,2,"14,100"
2026-07-24,Beras Kualitas Bawah II,2,"14,100"
2026-07-27,Beras Kualitas Bawah II,2,"14,100"
2026-07-28,Beras Kualitas Bawah II,2,"14,100"
2026-07-29,Beras Kualitas Bawah II,2,"14,100"
2026-07-30,Beras Kualitas Bawah II,2,"14,100"
2026-07-31,Beras Kualitas Bawah II,2,"14,100"
2026-07-01,Beras Kualitas Medium I,2,"15,350"
2026-07-02,Beras Kualitas Medium I,2,"15,350"
2026-07-03,Beras Kualitas Medium I,2,"15,350"
2026-07-06,Beras Kualitas Medium I,2,"15,350"
2026-07-07,Beras Kualitas Medium I,2,"15,350"
2026-07-08,Beras Kualitas Medium I,2,"15,350"
2026-07-09,Beras Kualitas Medium I,2,"15,400"
2026-07-10,Beras Kualitas Medium I,2,"15,400"
2026-07-13,Beras Kualitas Medium I,2,"15,400"
2026-07-14,Beras Kualitas Medium I,2,"15,400"
2026-07-15,Beras Kualitas Medium I,2,"15,400"
2026-07-16,Beras Kualitas Medium I,2,"15,400"
2026-07-17,Beras Kualitas Medium I,2,"15,400"
2026-07-20,Beras Kualitas Medium I,2,"15,400"
2026-07-21,Beras Kualitas Medium I,2,"15,400"
2026-07-22,Beras Kualitas Medium I,2,"15,400"
2026-07-23,Beras Kualitas Medium I,2,"15,400"
2026-07-24,Beras Kualitas Medium I,2,"15,400"
2026-07-27,Beras Kualitas Medium I,2,"15,400"
2026-07-28,Beras Kualitas Medium I,2,"15,400"
2026-07-29,Beras Kualitas Medium I,2,"15,400"
2026-07-30,Beras Kualitas Medium I,2,"15,450"
2026-07-31,Beras Kualitas Medium I,2,"15,450"
2026-07-01,Beras Kualitas Medium II,2,"15,150"
2026-07-02,Beras Kualitas Medium II,2,"15,200"
2026-07-03,Beras Kualitas Medium II,2,"15,200"
2026-07-06,Beras Kualitas Medium II,2,"15,200"
2026-07-07,Beras Kualitas Medium II,2,"15,200"
2026-07-08,Beras Kualitas Medium II,2,"15,200"
2026-07-09,Beras Kualitas Medium II,2,"15,200"
2026-07-10,Beras Kualitas Medium II,2,"15,200"
2026-07-13,Beras Kualitas Medium II,2,"15,200"
2026-07-14,Beras Kualitas Medium II,2,"15,200"
2026-07-15,Beras Kualitas Medium II,2,"15,200"
2026-07-16,Beras Kualitas Medium II,2,"15,200"
2026-07-17,Beras Kualitas Medium II,2,"15,200"
2026-07-20,Beras Kualitas Medium II,2,"15,200"
2026-07-21,Beras Kualitas Medium II,2,"15,200"
2026-07-22,Beras Kualitas Medium II,2,"15,200"
2026-07-23,Beras Kualitas Medium II,2,"15,200"
2026-07-24,Beras Kualitas Medium II,2,"15,200"
2026-07-27,Beras Kualitas Medium II,2,"15,200"
2026-07-28,Beras Kualitas Medium II,2,"15,200"
2026-07-29,Beras Kualitas Medium II,2,"15,200"
2026-07-30,Beras Kualitas Medium II,2,"15,200"
2026-07-31,Beras Kualitas Medium II,2,"15,200"
2026-07-01,Beras Kualitas Super I,2,"16,650"
2026-07-02,Beras Kualitas Super I,2,"16,650"
2026-07-03,Beras Kualitas Super I,2,"16,650"
2026-07-06,Beras Kualitas Super I,2,"16,650"
2026-07-07,Beras Kualitas Super I,2,"16,650"
2026-07-08,Beras Kualitas Super I,2,"16,650"
2026-07-09,Beras Kualitas Super I,2,"16,650"
2026-07-10,Beras Kualitas Super I,2,"16,650"
2026-07-13,Beras Kualitas Super I,2,"16,650"
2026-07-14,Beras Kualitas Super I,2,"16,650"
2026-07-15,Beras Kualitas Super I,2,"16,650"
2026-07-16,Beras Kualitas Super I,2,"16,650"
2026-07-17,Beras Kualitas Super I,2,"16,650"
2026-07-20,Beras Kualitas Super I,2,"16,650"
2026-07-21,Beras Kualitas Super I,2,"16,650"
2026-07-22,Beras Kualitas Super I,2,"16,650"
2026-07-23,Beras Kualitas Super I,2,"16,650"
2026-07-24,Beras Kualitas Super I,2,"16,650"
2026-07-27,Beras Kualitas Super I,2,"16,650"
2026-07-28,Beras Kualitas Super I,2,"16,650"
2026-07-29,Beras Kualitas Super I,2,"16,650"
2026-07-30,Beras Kualitas Super I,2,"16,700"
2026-07-31,Beras Kualitas Super I,2,"16,700"
2026-07-01,Beras Kualitas Super II,2,"16,200"
2026-07-02,Beras Kualitas Super II,2,"16,200"
2026-07-03,Beras Kualitas Super II,2,"16,200"
2026-07-06,Beras Kualitas Super II,2,"16,200"
2026-07-07,Beras Kualitas Super II,2,"16,200"
2026-07-08,Beras Kualitas Super II,2,"16,200"
2026-07-09,Beras Kualitas Super II,2,"16,200"
2026-07-10,Beras Kualitas Super II,2,"16,200"
2026-07-13,Beras Kualitas Super II,2,"16,200"
2026-07-14,Beras Kualitas Super II,2,"16,200"
2026-07-15,Beras Kualitas Super II,2,"16,200"
2026-07-16,Beras Kualitas Super II,2,"16,200"
2026-07-17,Beras Kualitas Super II,2,"16,200"
2026-07-20,Beras Kualitas Super II,2,"16,200"
2026-07-21,Beras Kualitas Super II,2,"16,200"
2026-07-22,Beras Kualitas Super II,2,"16,200"
2026-07-23,Beras Kualitas Super II,2,"16,200"
2026-07-24,Beras Kualitas Super II,2,"16,200"
2026-07-27,Beras Kualitas Super II,2,"16,200"
2026-07-28,Beras Kualitas Super II,2,"16,200"
2026-07-29,Beras Kualitas Super II,2,"16,200"
2026-07-30,Beras Kualitas Super II,2,"16,200"
2026-07-31,Beras Kualitas Super II,2,"16,200"
2026-07-01,Daging Ayam,1,"30,900"
2026-07-02,Daging Ayam,1,"30,200"
2026-07-03,Daging Ayam,1,"30,200"
2026-07-06,Daging Ayam,1,"30,200"
2026-07-07,Daging Ayam,1,"30,200"
2026-07-08,Daging Ayam,1,"30,200"
2026-07-09,Daging Ayam,1,"30,450"
2026-07-10,Daging Ayam,1,"30,450"
2026-07-13,Daging Ayam,1,"30,450"
2026-07-14,Daging Ayam,1,"30,450"
2026-07-15,Daging Ayam,1,"30,450"
2026-07-16,Daging Ayam,1,"31,650"
2026-07-17,Daging Ayam,1,"31,700"
2026-07-20,Daging Ayam,1,"31,700"
2026-07-21,Daging Ayam,1,"31,700"
2026-07-22,Daging Ayam,1,"31,700"
2026-07-23,Daging Ayam,1,"32,350"
2026-07-24,Daging Ayam,1,"32,350"
2026-07-27,Daging Ayam,1,"32,350"
2026-07-28,Daging Ayam,1,"32,350"
2026-07-29,Daging Ayam,1,"32,350"
2026-07-30,Daging Ayam,1,"32,600"
2026-07-31,Daging Ayam,1,"32,600"
2026-07-01,Daging Ayam Ras Segar,2,"30,900"
2026-07-02,Daging Ayam Ras Segar,2,"30,200"
2026-07-03,Daging Ayam Ras Segar,2,"30,200"
2026-07-06,Daging Ayam Ras Segar,2,"30,200"
2026-07-07,Daging Ayam Ras Segar,2,"30,200"
2026-07-08,Daging Ayam Ras Segar,2,"30,200"
2026-07-09,Daging Ayam Ras Segar,2,"30,450"
2026-07-10,Daging Ayam Ras Segar,2,"30,450"
2026-07-13,Daging Ayam Ras Segar,2,"30,450"
2026-07-14,Daging Ayam Ras Segar,2,"30,450"
2026-07-15,Daging Ayam Ras Segar,2,"30,450"
2026-07-16,Daging Ayam Ras Segar,2,"31,650"
2026-07-17,Daging Ayam Ras Segar,2,"31,700"
2026-07-20,Daging Ayam Ras Segar,2,"31,700"
2026-07-21,Daging Ayam Ras Segar,2,"31,700"
2026-07-22,Daging Ayam Ras Segar,2,"31,700"
2026-07-23,Daging Ayam Ras Segar,2,"32,350"
2026-07-24,Daging Ayam Ras Segar,2,"32,350"
2026-07-27,Daging Ayam Ras Segar,2,"32,350"
2026-07-28,Daging Ayam Ras Segar,2,"32,350"
2026-07-29,Daging Ayam Ras Segar,2,"32,350"
2026-07-30,Daging Ayam Ras Segar,2,"32,600"
2026-07-31,Daging Ayam Ras Segar,2,"32,600"
2026-07-01,Daging Sapi,1,"137,200"
2026-07-02,Daging Sapi,1,"137,750"
2026-07-03,Daging Sapi,1,"137,750"
2026-07-06,Daging Sapi,1,"137,750"
2026-07-07,Daging Sapi,1,"137,750"
2026-07-08,Daging Sapi,1,"137,750"
2026-07-09,Daging Sapi,1,"137,900"
2026-07-10,Daging Sapi,1,"137,900"
2026-07-13,Daging Sapi,1,"137,900"
2026-07-14,Daging Sapi,1,"137,900"
2026-07-15,Daging Sapi,1,"137,900"
2026-07-16,Daging Sapi,1,"138,150"
2026-07-17,Daging Sapi,1,"138,150"
2026-07-20,Daging Sapi,1,"138,150"
2026-07-21,Daging Sapi,1,"138,150"
2026-07-22,Daging Sapi,1,"138,150"
2026-07-23,Daging Sapi,1,"138,350"
2026-07-24,Daging Sapi,1,"138,350"
2026-07-27,Daging Sapi,1,"138,350"
2026-07-28,Daging Sapi,1,"138,350"
2026-07-29,Daging Sapi,1,"138,350"
2026-07-30,Daging Sapi,1,"138,600"
2026-07-31,Daging Sapi,1,"138,450"
2026-07-01,Daging Sapi Kualitas 1,2,"140,500"
2026-07-02,Daging Sapi Kualitas 1,2,"141,300"
2026-07-03,Daging Sapi Kualitas 1,2,"141,300"
2026-07-06,Daging Sapi Kualitas 1,2,"141,300"
2026-07-07,Daging Sapi Kualitas 1,2,"141,300"
2026-07-08,Daging Sapi Kualitas 1,2,"141,300"
2026-07-09,Daging Sapi Kualitas 1,2,"141,550"
2026-07-10,Daging Sapi Kualitas 1,2,"141,550"
2026-07-13,Daging Sapi Kualitas 1,2,"141,550"
2026-07-14,Daging Sapi Kualitas 1,2,"141,550"
2026-07-15,Daging Sapi Kualitas 1,2,"141,550"
2026-07-16,Daging Sapi Kualitas 1,2,"141,850"
2026-07-17,Daging Sapi Kualitas 1,2,"141,850"
2026-07-20,Daging Sapi Kualitas 1,2,"141,850"
2026-07-21,Daging Sapi Kualitas 1,2,"141,850"
2026-07-22,Daging Sapi Kualitas 1,2,"141,850"
2026-07-23,Daging Sapi Kualitas 1,2,"142,150"
2026-07-24,Daging Sapi Kualitas 1,2,"142,150"
2026-07-27,Daging Sapi Kualitas 1,2,"142,150"
2026-07-28,Daging Sapi Kualitas 1,2,"142,150"
2026-07-29,Daging Sapi Kualitas 1,2,"142,150"
2026-07-30,Daging Sapi Kualitas 1,2,"142,400"
2026-07-31,Daging Sapi Kualitas 1,2,"142,400"
2026-07-01,Daging Sapi Kualitas 2,2,"133,550"
2026-07-02,Daging Sapi Kualitas 2,2,"133,750"
2026-07-03,Daging Sapi Kualitas 2,2,"133,750"
2026-07-06,Daging Sapi Kualitas 2,2,"133,750"
2026-07-07,Daging Sapi Kualitas 2,2,"133,750"
2026-07-08,Daging Sapi Kualitas 2,2,"133,750"
2026-07-09,Daging Sapi Kualitas 2,2,"133,800"
2026-07-10,Daging Sapi Kualitas 2,2,"133,800"
2026-07-13,Daging Sapi Kualitas 2,2,"133,800"
2026-07-14,Daging Sapi Kualitas 2,2,"133,800"
2026-07-15,Daging Sapi Kualitas 2,2,"133,800"
2026-07-16,Daging Sapi Kualitas 2,2,"134,100"
2026-07-17,Daging Sapi Kualitas 2,2,"134,100"
2026-07-20,Daging Sapi Kualitas 2,2,"134,100"
2026-07-21,Daging Sapi Kualitas 2,2,"134,100"
2026-07-22,Daging Sapi Kualitas 2,2,"134,100"
2026-07-23,Daging Sapi Kualitas 2,2,"134,250"
2026-07-24,Daging Sapi Kualitas 2,2,"134,250"
2026-07-27,Daging Sapi Kualitas 2,2,"134,250"
2026-07-28,Daging Sapi Kualitas 2,2,"134,250"
2026-07-29,Daging Sapi Kualitas 2,2,"134,250"
2026-07-30,Daging Sapi Kualitas 2,2,"134,600"
2026-07-31,Daging Sapi Kualitas 2,2,"134,250"
2026-07-01,Telur Ayam,1,"25,900"
2026-07-02,Telur Ayam,1,"25,050"
2026-07-03,Telur Ayam,1,"25,050"
2026-07-06,Telur Ayam,1,"25,050"
2026-07-07,Telur Ayam,1,"25,050"
2026-07-08,Telur Ayam,1,"25,050"
2026-07-09,Telur Ayam,1,"24,850"
2026-07-10,Telur Ayam,1,"24,850"
2026-07-13,Telur Ayam,1,"24,850"
2026-07-14,Telur Ayam,1,"24,850"
2026-07-15,Telur Ayam,1,"24,850"
2026-07-16,Telur Ayam,1,"25,000"
2026-07-17,Telur Ayam,1,"24,950"
2026-07-20,Telur Ayam,1,"24,950"
2026-07-21,Telur Ayam,1,"24,950"
2026-07-22,Telur Ayam,1,"25,050"
2026-07-23,Telur Ayam,1,"25,800"
2026-07-24,Telur Ayam,1,"25,800"
2026-07-27,Telur Ayam,1,"25,800"
2026-07-28,Telur Ayam,1,"25,800"
2026-07-29,Telur Ayam,1,"25,800"
2026-07-30,Telur Ayam,1,"25,850"
2026-07-31,Telur Ayam,1,"25,850"
2026-07-01,Telur Ayam Ras Segar,2,"25,900"
2026-07-02,Telur Ayam Ras Segar,2,"25,050"
2026-07-03,Telur Ayam Ras Segar,2,"25,050"
2026-07-06,Telur Ayam Ras Segar,2,"25,050"
2026-07-07,Telur Ayam Ras Segar,2,"25,050"
2026-07-08,Telur Ayam Ras Segar,2,"25,050"
2026-07-09,Telur Ayam Ras Segar,2,"24,850"
2026-07-10,Telur Ayam Ras Segar,2,"24,850"
2026-07-13,Telur Ayam Ras Segar,2,"24,850"
2026-07-14,Telur Ayam Ras Segar,2,"24,850"
2026-07-15,Telur Ayam Ras Segar,2,"24,850"
2026-07-16,Telur Ayam Ras Segar,2,"25,000"
2026-07-17,Telur Ayam Ras Segar,2,"25,000"
2026-07-20,Telur Ayam Ras Segar,2,"24,950"
2026-07-21,Telur Ayam Ras Segar,2,"24,950"
2026-07-22,Telur Ayam Ras Segar,2,"25,050"
2026-07-23,Telur Ayam Ras Segar,2,"25,800"
2026-07-24,Telur Ayam Ras Segar,2,"25,800"
2026-07-27,Telur Ayam Ras Segar,2,"25,800"
2026-07-28,Telur Ayam Ras Segar,2,"25,800"
2026-07-29,Telur Ayam Ras Segar,2,"25,800"
2026-07-30,Telur Ayam Ras Segar,2,"25,850"
2026-07-31,Telur Ayam Ras Segar,2,"25,850"
2026-07-01,Bawang Merah,1,"39,850"
2026-07-02,Bawang Merah,1,"37,800"
2026-07-03,Bawang Merah,1,"37,800"
2026-07-06,Bawang Merah,1,"37,800"
2026-07-07,Bawang Merah,1,"37,800"
2026-07-08,Bawang Merah,1,"37,750"
2026-07-09,Bawang Merah,1,"35,950"
2026-07-10,Bawang Merah,1,"35,950"
2026-07-13,Bawang Merah,1,"35,950"
2026-07-14,Bawang Merah,1,"35,950"
2026-07-15,Bawang Merah,1,"35,950"
2026-07-16,Bawang Merah,1,"34,650"
2026-07-17,Bawang Merah,1,"34,650"
2026-07-20,Bawang Merah,1,"34,650"
2026-07-21,Bawang Merah,1,"34,650"
2026-07-22,Bawang Merah,1,"34,600"
2026-07-23,Bawang Merah,1,"32,500"
2026-07-24,Bawang Merah,1,"32,500"
2026-07-27,Bawang Merah,1,"32,500"
2026-07-28,Bawang Merah,1,"32,500"
2026-07-29,Bawang Merah,1,"32,350"
2026-07-30,Bawang Merah,1,"30,700"
2026-07-31,Bawang Merah,1,"30,700"
2026-07-01,Bawang Merah Ukuran Sedang,2,"39,850"
2026-07-02,Bawang Merah Ukuran Sedang,2,"37,800"
2026-07-03,Bawang Merah Ukuran Sedang,2,"37,800"
2026-07-06,Bawang Merah Ukuran Sedang,2,"37,800"
2026-07-07,Bawang Merah Ukuran Sedang,2,"37,800"
2026-07-08,Bawang Merah Ukuran Sedang,2,"37,750"
2026-07-09,Bawang Merah Ukuran Sedang,2,"35,950"
2026-07-10,Bawang Merah Ukuran Sedang,2,"35,950"
2026-07-13,Bawang Merah Ukuran Sedang,2,"35,950"
2026-07-14,Bawang Merah Ukuran Sedang,2,"35,950"
2026-07-15,Bawang Merah Ukuran Sedang,2,"35,950"
2026-07-16,Bawang Merah Ukuran Sedang,2,"34,650"
2026-07-17,Bawang Merah Ukuran Sedang,2,"34,650"
2026-07-20,Bawang Merah Ukuran Sedang,2,"34,650"
2026-07-21,Bawang Merah Ukuran Sedang,2,"34,650"
2026-07-22,Bawang Merah Ukuran Sedang,2,"34,600"
2026-07-23,Bawang Merah Ukuran Sedang,2,"32,500"
2026-07-24,Bawang Merah Ukuran Sedang,2,"32,500"
2026-07-27,Bawang Merah Ukuran Sedang,2,"32,500"
2026-07-28,Bawang Merah Ukuran Sedang,2,"32,500"
2026-07-29,Bawang Merah Ukuran Sedang,2,"32,350"
2026-07-30,Bawang Merah Ukuran Sedang,2,"30,700"
2026-07-31,Bawang Merah Ukuran Sedang,2,"30,700"
2026-07-01,Bawang Putih,1,"35,500"
2026-07-02,Bawang Putih,1,"35,450"
2026-07-03,Bawang Putih,1,"35,350"
2026-07-06,Bawang Putih,1,"35,350"
2026-07-07,Bawang Putih,1,"35,350"
2026-07-08,Bawang Putih,1,"35,350"
2026-07-09,Bawang Putih,1,"35,250"
2026-07-10,Bawang Putih,1,"35,250"
2026-07-13,Bawang Putih,1,"35,250"
2026-07-14,Bawang Putih,1,"35,250"
2026-07-15,Bawang Putih,1,"35,250"
2026-07-16,Bawang Putih,1,"34,300"
2026-07-17,Bawang Putih,1,"34,300"
2026-07-20,Bawang Putih,1,"34,300"
2026-07-21,Bawang Putih,1,"34,300"
2026-07-22,Bawang Putih,1,"34,200"
2026-07-23,Bawang Putih,1,"32,700"
2026-07-24,Bawang Putih,1,"32,700"
2026-07-27,Bawang Putih,1,"32,700"
2026-07-28,Bawang Putih,1,"32,700"
2026-07-29,Bawang Putih,1,"32,600"
2026-07-30,Bawang Putih,1,"31,700"
2026-07-31,Bawang Putih,1,"31,700"
2026-07-01,Bawang Putih Ukuran Sedang,2,"35,500"
2026-07-02,Bawang Putih Ukuran Sedang,2,"35,450"
2026-07-03,Bawang Putih Ukuran Sedang,2,"35,350"
2026-07-06,Bawang Putih Ukuran Sedang,2,"35,350"
2026-07-07,Bawang Putih Ukuran Sedang,2,"35,350"
2026-07-08,Bawang Putih Ukuran Sedang,2,"35,350"
2026-07-09,Bawang Putih Ukuran Sedang,2,"35,250"
2026-07-10,Bawang Putih Ukuran Sedang,2,"35,250"
2026-07-13,Bawang Putih Ukuran Sedang,2,"35,250"
2026-07-14,Bawang Putih Ukuran Sedang,2,"35,250"
2026-07-15,Bawang Putih Ukuran Sedang,2,"35,250"
2026-07-16,Bawang Putih Ukuran Sedang,2,"34,300"
2026-07-17,Bawang Putih Ukuran Sedang,2,"34,300"
2026-07-20,Bawang Putih Ukuran Sedang,2,"34,300"
2026-07-21,Bawang Putih Ukuran Sedang,2,"34,300"
2026-07-22,Bawang Putih Ukuran Sedang,2,"34,200"
2026-07-23,Bawang Putih Ukuran Sedang,2,"32,700"
2026-07-24,Bawang Putih Ukuran Sedang,2,"32,700"
2026-07-27,Bawang Putih Ukuran Sedang,2,"32,700"
2026-07-28,Bawang Putih Ukuran Sedang,2,"32,700"
2026-07-29,Bawang Putih Ukuran Sedang,2,"32,600"
2026-07-30,Bawang Putih Ukuran Sedang,2,"31,700"
2026-07-31,Bawang Putih Ukuran Sedang,2,"31,700"
2026-07-01,Cabai Merah,1,"44,350"
2026-07-02,Cabai Merah,1,"40,950"
2026-07-03,Cabai Merah,1,"41,000"
2026-07-06,Cabai Merah,1,"41,000"
2026-07-07,Cabai Merah,1,"41,000"
2026-07-08,Cabai Merah,1,"41,000"
2026-07-09,Cabai Merah,1,"39,100"
2026-07-10,Cabai Merah,1,"39,100"
2026-07-13,Cabai Merah,1,"39,100"
2026-07-14,Cabai Merah,1,"39,100"
2026-07-15,Cabai Merah,1,"39,100"
2026-07-16,Cabai Merah,1,"37,250"
2026-07-17,Cabai Merah,1,"37,250"
2026-07-20,Cabai Merah,1,"37,250"
2026-07-21,Cabai Merah,1,"37,250"
2026-07-22,Cabai Merah,1,"37,150"
2026-07-23,Cabai Merah,1,"36,000"
2026-07-24,Cabai Merah,1,"36,000"
2026-07-27,Cabai Merah,1,"36,000"
2026-07-28,Cabai Merah,1,"36,000"
2026-07-29,Cabai Merah,1,"35,950"
2026-07-30,Cabai Merah,1,"38,150"
2026-07-31,Cabai Merah,1,"38,150"
2026-07-01,Cabai Merah Besar,2,"43,350"
2026-07-02,Cabai Merah Besar,2,"41,050"
2026-07-03,Cabai Merah Besar,2,"40,950"
2026-07-06,Cabai Merah Besar,2,"40,950"
2026-07-07,Cabai Merah Besar,2,"40,950"
2026-07-08,Cabai Merah Besar,2,"41,000"
2026-07-09,Cabai Merah Besar,2,"39,350"
2026-07-10,Cabai Merah Besar,2,"39,350"
2026-07-13,Cabai Merah Besar,2,"39,350"
2026-07-14,Cabai Merah Besar,2,"39,350"
2026-07-15,Cabai Merah Besar,2,"39,350"
2026-07-16,Cabai Merah Besar,2,"37,250"
2026-07-17,Cabai Merah Besar,2,"37,250"
2026-07-20,Cabai Merah Besar,2,"37,250"
2026-07-21,Cabai Merah Besar,2,"37,250"
2026-07-22,Cabai Merah Besar,2,"37,100"
2026-07-23,Cabai Merah Besar,2,"38,600"
2026-07-24,Cabai Merah Besar,2,"38,600"
2026-07-27,Cabai Merah Besar,2,"38,600"
2026-07-28,Cabai Merah Besar,2,"38,600"
2026-07-29,Cabai Merah Besar,2,"38,500"
2026-07-30,Cabai Merah Besar,2,"40,350"
2026-07-31,Cabai Merah Besar,2,"40,350"
2026-07-01,Cabai Merah Keriting ,2,"43,150"
2026-07-02,Cabai Merah Keriting ,2,"39,550"
2026-07-03,Cabai Merah Keriting ,2,"39,550"
2026-07-06,Cabai Merah Keriting ,2,"39,550"
2026-07-07,Cabai Merah Keriting ,2,"39,550"
2026-07-08,Cabai Merah Keriting ,2,"39,500"
2026-07-09,Cabai Merah Keriting ,2,"38,450"
2026-07-10,Cabai Merah Keriting ,2,"38,450"
2026-07-13,Cabai Merah Keriting ,2,"38,450"
2026-07-14,Cabai Merah Keriting ,2,"38,450"
2026-07-15,Cabai Merah Keriting ,2,"38,450"
2026-07-16,Cabai Merah Keriting ,2,"36,500"
2026-07-17,Cabai Merah Keriting ,2,"36,500"
2026-07-20,Cabai Merah Keriting ,2,"36,500"
2026-07-21,Cabai Merah Keriting ,2,"36,500"
2026-07-22,Cabai Merah Keriting ,2,"36,500"
2026-07-23,Cabai Merah Keriting ,2,"34,350"
2026-07-24,Cabai Merah Keriting ,2,"34,350"
2026-07-27,Cabai Merah Keriting ,2,"34,350"
2026-07-28,Cabai Merah Keriting ,2,"34,350"
2026-07-29,Cabai Merah Keriting ,2,"34,350"
2026-07-30,Cabai Merah Keriting ,2,"36,150"
2026-07-31,Cabai Merah Keriting ,2,"36,150"
2026-07-01,Cabai Rawit,1,"50,650"
2026-07-02,Cabai Rawit,1,"47,650"
2026-07-03,Cabai Rawit,1,"48,050"
2026-07-06,Cabai Rawit,1,"48,050"
2026-07-07,Cabai Rawit,1,"48,050"
2026-07-08,Cabai Rawit,1,"48,200"
2026-07-09,Cabai Rawit,1,"45,950"
2026-07-10,Cabai Rawit,1,"45,950"
2026-07-13,Cabai Rawit,1,"45,950"
2026-07-14,Cabai Rawit,1,"45,950"
2026-07-15,Cabai Rawit,1,"45,950"
2026-07-16,Cabai Rawit,1,"46,300"
2026-07-17,Cabai Rawit,1,"46,350"
2026-07-20,Cabai Rawit,1,"46,350"
2026-07-21,Cabai Rawit,1,"46,350"
2026-07-22,Cabai Rawit,1,"46,350"
2026-07-23,Cabai Rawit,1,"43,200"
2026-07-24,Cabai Rawit,1,"43,200"
2026-07-27,Cabai Rawit,1,"43,200"
2026-07-28,Cabai Rawit,1,"43,200"
2026-07-29,Cabai Rawit,1,"43,200"
2026-07-30,Cabai Rawit,1,"43,900"
2026-07-31,Cabai Rawit,1,"43,900"
2026-07-01,Cabai Rawit Hijau,2,"44,350"
2026-07-02,Cabai Rawit Hijau,2,"42,600"
2026-07-03,Cabai Rawit Hijau,2,"43,150"
2026-07-06,Cabai Rawit Hijau,2,"43,150"
2026-07-07,Cabai Rawit Hijau,2,"43,150"
2026-07-08,Cabai Rawit Hijau,2,"43,250"
2026-07-09,Cabai Rawit Hijau,2,"43,050"
2026-07-10,Cabai Rawit Hijau,2,"43,050"
2026-07-13,Cabai Rawit Hijau,2,"43,050"
2026-07-14,Cabai Rawit Hijau,2,"43,050"
2026-07-15,Cabai Rawit Hijau,2,"43,050"
2026-07-16,Cabai Rawit Hijau,2,"46,050"
2026-07-17,Cabai Rawit Hijau,2,"46,150"
2026-07-20,Cabai Rawit Hijau,2,"46,150"
2026-07-21,Cabai Rawit Hijau,2,"46,150"
2026-07-22,Cabai Rawit Hijau,2,"46,200"
2026-07-23,Cabai Rawit Hijau,2,"44,850"
2026-07-24,Cabai Rawit Hijau,2,"44,850"
2026-07-27,Cabai Rawit Hijau,2,"44,850"
2026-07-28,Cabai Rawit Hijau,2,"44,850"
2026-07-29,Cabai Rawit Hijau,2,"44,850"
2026-07-30,Cabai Rawit Hijau,2,"44,650"
2026-07-31,Cabai Rawit Hijau,2,"44,650"
2026-07-01,Cabai Rawit Merah,2,"56,500"
2026-07-02,Cabai Rawit Merah,2,"51,800"
2026-07-03,Cabai Rawit Merah,2,"51,800"
2026-07-06,Cabai Rawit Merah,2,"51,800"
2026-07-07,Cabai Rawit Merah,2,"51,800"
2026-07-08,Cabai Rawit Merah,2,"52,050"
2026-07-09,Cabai Rawit Merah,2,"48,800"
2026-07-10,Cabai Rawit Merah,2,"48,800"
2026-07-13,Cabai Rawit Merah,2,"48,800"
2026-07-14,Cabai Rawit Merah,2,"48,800"
2026-07-15,Cabai Rawit Merah,2,"48,800"
2026-07-16,Cabai Rawit Merah,2,"46,950"
2026-07-17,Cabai Rawit Merah,2,"46,950"
2026-07-20,Cabai Rawit Merah,2,"46,950"
2026-07-21,Cabai Rawit Merah,2,"46,950"
2026-07-22,Cabai Rawit Merah,2,"46,850"
2026-07-23,Cabai Rawit Merah,2,"41,950"
2026-07-24,Cabai Rawit Merah,2,"41,950"
2026-07-27,Cabai Rawit Merah,2,"41,950"
2026-07-28,Cabai Rawit Merah,2,"41,950"
2026-07-29,Cabai Rawit Merah,2,"41,900"
2026-07-30,Cabai Rawit Merah,2,"43,700"
2026-07-31,Cabai Rawit Merah,2,"43,700"
2026-07-01,Minyak Goreng,1,"21,000"
2026-07-02,Minyak Goreng,1,"21,050"
2026-07-03,Minyak Goreng,1,"21,050"
2026-07-06,Minyak Goreng,1,"21,050"
2026-07-07,Minyak Goreng,1,"21,050"
2026-07-08,Minyak Goreng,1,"21,050"
2026-07-09,Minyak Goreng,1,"21,050"
2026-07-10,Minyak Goreng,1,"21,050"
2026-07-13,Minyak Goreng,1,"21,050"
2026-07-14,Minyak Goreng,1,"21,050"
2026-07-15,Minyak Goreng,1,"21,050"
2026-07-16,Minyak Goreng,1,"21,100"
2026-07-17,Minyak Goreng,1,"21,100"
2026-07-20,Minyak Goreng,1,"21,100"
2026-07-21,Minyak Goreng,1,"21,100"
2026-07-22,Minyak Goreng,1,"21,100"
2026-07-23,Minyak Goreng,1,"21,050"
2026-07-24,Minyak Goreng,1,"21,000"
2026-07-27,Minyak Goreng,1,"21,000"
2026-07-28,Minyak Goreng,1,"21,000"
2026-07-29,Minyak Goreng,1,"21,000"
2026-07-30,Minyak Goreng,1,"21,050"
2026-07-31,Minyak Goreng,1,"21,050"
2026-07-01,Minyak Goreng Curah,2,"18,800"
2026-07-02,Minyak Goreng Curah,2,"18,750"
2026-07-03,Minyak Goreng Curah,2,"18,750"
2026-07-06,Minyak Goreng Curah,2,"18,750"
2026-07-07,Minyak Goreng Curah,2,"18,750"
2026-07-08,Minyak Goreng Curah,2,"18,750"
2026-07-09,Minyak Goreng Curah,2,"18,800"
2026-07-10,Minyak Goreng Curah,2,"18,800"
2026-07-13,Minyak Goreng Curah,2,"18,800"
2026-07-14,Minyak Goreng Curah,2,"18,800"
2026-07-15,Minyak Goreng Curah,2,"18,800"
2026-07-16,Minyak Goreng Curah,2,"18,800"
2026-07-17,Minyak Goreng Curah,2,"18,800"
2026-07-20,Minyak Goreng Curah,2,"18,800"
2026-07-21,Minyak Goreng Curah,2,"18,800"
2026-07-22,Minyak Goreng Curah,2,"18,800"
2026-07-23,Minyak Goreng Curah,2,"18,750"
2026-07-24,Minyak Goreng Curah,2,"18,750"
2026-07-27,Minyak Goreng Curah,2,"18,750"
2026-07-28,Minyak Goreng Curah,2,"18,750"
2026-07-29,Minyak Goreng Curah,2,"18,750"
2026-07-30,Minyak Goreng Curah,2,"18,750"
2026-07-31,Minyak Goreng Curah,2,"18,750"
2026-07-01,Minyak Goreng Kemasan Bermerk 1,2,"22,100"
2026-07-02,Minyak Goreng Kemasan Bermerk 1,2,"22,150"
2026-07-03,Minyak Goreng Kemasan Bermerk 1,2,"22,150"
2026-07-06,Minyak Goreng Kemasan Bermerk 1,2,"22,150"
2026-07-07,Minyak Goreng Kemasan Bermerk 1,2,"22,150"
2026-07-08,Minyak Goreng Kemasan Bermerk 1,2,"22,150"
2026-07-09,Minyak Goreng Kemasan Bermerk 1,2,"22,150"
2026-07-10,Minyak Goreng Kemasan Bermerk 1,2,"22,150"
2026-07-13,Minyak Goreng Kemasan Bermerk 1,2,"22,150"
2026-07-14,Minyak Goreng Kemasan Bermerk 1,2,"22,150"
2026-07-15,Minyak Goreng Kemasan Bermerk 1,2,"22,150"
2026-07-16,Minyak Goreng Kemasan Bermerk 1,2,"22,150"
2026-07-17,Minyak Goreng Kemasan Bermerk 1,2,"22,150"
2026-07-20,Minyak Goreng Kemasan Bermerk 1,2,"22,150"
2026-07-21,Minyak Goreng Kemasan Bermerk 1,2,"22,150"
2026-07-22,Minyak Goreng Kemasan Bermerk 1,2,"22,150"
2026-07-23,Minyak Goreng Kemasan Bermerk 1,2,"22,100"
2026-07-24,Minyak Goreng Kemasan Bermerk 1,2,"22,100"
2026-07-27,Minyak Goreng Kemasan Bermerk 1,2,"22,100"
2026-07-28,Minyak Goreng Kemasan Bermerk 1,2,"22,100"
2026-07-29,Minyak Goreng Kemasan Bermerk 1,2,"22,100"
2026-07-30,Minyak Goreng Kemasan Bermerk 1,2,"22,100"
2026-07-31,Minyak Goreng Kemasan Bermerk 1,2,"22,100"
2026-07-01,Minyak Goreng Kemasan Bermerk 2,2,"21,600"
2026-07-02,Minyak Goreng Kemasan Bermerk 2,2,"21,650"
2026-07-03,Minyak Goreng Kemasan Bermerk 2,2,"21,650"
2026-07-06,Minyak Goreng Kemasan Bermerk 2,2,"21,650"
2026-07-07,Minyak Goreng Kemasan Bermerk 2,2,"21,650"
2026-07-08,Minyak Goreng Kemasan Bermerk 2,2,"21,650"
2026-07-09,Minyak Goreng Kemasan Bermerk 2,2,"21,700"
2026-07-10,Minyak Goreng Kemasan Bermerk 2,2,"21,700"
2026-07-13,Minyak Goreng Kemasan Bermerk 2,2,"21,700"
2026-07-14,Minyak Goreng Kemasan Bermerk 2,2,"21,700"
2026-07-15,Minyak Goreng Kemasan Bermerk 2,2,"21,700"
2026-07-16,Minyak Goreng Kemasan Bermerk 2,2,"21,700"
2026-07-17,Minyak Goreng Kemasan Bermerk 2,2,"21,700"
2026-07-20,Minyak Goreng Kemasan Bermerk 2,2,"21,700"
2026-07-21,Minyak Goreng Kemasan Bermerk 2,2,"21,700"
2026-07-22,Minyak Goreng Kemasan Bermerk 2,2,"21,700"
2026-07-23,Minyak Goreng Kemasan Bermerk 2,2,"21,650"
2026-07-24,Minyak Goreng Kemasan Bermerk 2,2,"21,650"
2026-07-27,Minyak Goreng Kemasan Bermerk 2,2,"21,650"
2026-07-28,Minyak Goreng Kemasan Bermerk 2,2,"21,650"
2026-07-29,Minyak Goreng Kemasan Bermerk 2,2,"21,650"
2026-07-30,Minyak Goreng Kemasan Bermerk 2,2,"21,600"
2026-07-31,Minyak Goreng Kemasan Bermerk 2,2,"21,600"
2026-07-01,Gula Pasir,1,"17,850"
2026-07-02,Gula Pasir,1,"17,850"
2026-07-03,Gula Pasir,1,"17,850"
2026-07-06,Gula Pasir,1,"17,850"
2026-07-07,Gula Pasir,1,"17,850"
2026-07-08,Gula Pasir,1,"17,850"
2026-07-09,Gula Pasir,1,"17,900"
2026-07-10,Gula Pasir,1,"17,900"
2026-07-13,Gula Pasir,1,"17,900"
2026-07-14,Gula Pasir,1,"17,900"
2026-07-15,Gula Pasir,1,"17,900"
2026-07-16,Gula Pasir,1,"17,850"
2026-07-17,Gula Pasir,1,"17,850"
2026-07-20,Gula Pasir,1,"17,850"
2026-07-21,Gula Pasir,1,"17,850"
2026-07-22,Gula Pasir,1,"17,850"
2026-07-23,Gula Pasir,1,"17,800"
2026-07-24,Gula Pasir,1,"17,800"
2026-07-27,Gula Pasir,1,"17,800"
2026-07-28,Gula Pasir,1,"17,800"
2026-07-29,Gula Pasir,1,"17,800"
2026-07-30,Gula Pasir,1,"17,800"
2026-07-31,Gula Pasir,1,"17,800"
2026-07-01,Gula Pasir Kualitas Premium,2,"18,650"
2026-07-02,Gula Pasir Kualitas Premium,2,"18,650"
2026-07-03,Gula Pasir Kualitas Premium,2,"18,650"
2026-07-06,Gula Pasir Kualitas Premium,2,"18,650"
2026-07-07,Gula Pasir Kualitas Premium,2,"18,650"
2026-07-08,Gula Pasir Kualitas Premium,2,"18,650"
2026-07-09,Gula Pasir Kualitas Premium,2,"18,700"
2026-07-10,Gula Pasir Kualitas Premium,2,"18,700"
2026-07-13,Gula Pasir Kualitas Premium,2,"18,700"
2026-07-14,Gula Pasir Kualitas Premium,2,"18,700"
2026-07-15,Gula Pasir Kualitas Premium,2,"18,700"
2026-07-16,Gula Pasir Kualitas Premium,2,"18,700"
2026-07-17,Gula Pasir Kualitas Premium,2,"18,700"
2026-07-20,Gula Pasir Kualitas Premium,2,"18,700"
2026-07-21,Gula Pasir Kualitas Premium,2,"18,700"
2026-07-22,Gula Pasir Kualitas Premium,2,"18,700"
2026-07-23,Gula Pasir Kualitas Premium,2,"18,700"
2026-07-24,Gula Pasir Kualitas Premium,2,"18,700"
2026-07-27,Gula Pasir Kualitas Premium,2,"18,700"
2026-07-28,Gula Pasir Kualitas Premium,2,"18,700"
2026-07-29,Gula Pasir Kualitas Premium,2,"18,700"
2026-07-30,Gula Pasir Kualitas Premium,2,"18,650"
2026-07-31,Gula Pasir Kualitas Premium,2,"18,650"
2026-07-01,Gula Pasir Lokal,2,"17,350"
2026-07-02,Gula Pasir Lokal,2,"17,300"
2026-07-03,Gula Pasir Lokal,2,"17,300"
2026-07-06,Gula Pasir Lokal,2,"17,300"
2026-07-07,Gula Pasir Lokal,2,"17,300"
2026-07-08,Gula Pasir Lokal,2,"17,300"
2026-07-09,Gula Pasir Lokal,2,"17,350"
2026-07-10,Gula Pasir Lokal,2,"17,350"
2026-07-13,Gula Pasir Lokal,2,"17,350"
2026-07-14,Gula Pasir Lokal,2,"17,350"
2026-07-15,Gula Pasir Lokal,2,"17,350"
2026-07-16,Gula Pasir Lokal,2,"17,350"
2026-07-17,Gula Pasir Lokal,2,"17,350"
2026-07-20,Gula Pasir Lokal,2,"17,350"
2026-07-21,Gula Pasir Lokal,2,"17,350"
2026-07-22,Gula Pasir Lokal,2,"17,350"
2026-07-23,Gula Pasir Lokal,2,"17,250"
2026-07-24,Gula Pasir Lokal,2,"17,250"
2026-07-27,Gula Pasir Lokal,2,"17,250"
2026-07-28,Gula Pasir Lokal,2,"17,250"
2026-07-29,Gula Pasir Lokal,2,"17,250"
2026-07-30,Gula Pasir Lokal,2,"17,250"
2026-07-31,Gula Pasir Lokal,2,"17,250"
2026-08-03,Beras,1,"15,400"
2026-08-04,Beras,1,"15,400"
2026-08-05,Beras,1,"15,400"
2026-08-06,Beras,1,"15,400"
2026-08-07,Beras,1,"15,400"
2026-08-10,Beras,1,"15,400"
2026-08-11,Beras,1,"15,400"
2026-08-12,Beras,1,"15,400"
2026-08-13,Beras,1,"15,400"
2026-08-14,Beras,1,"15,450"
2026-08-17,Beras,1,"15,450"
2026-08-18,Beras,1,"15,450"
2026-08-19,Beras,1,"15,450"
2026-08-20,Beras,1,"15,450"
2026-08-21,Beras,1,"15,450"
2026-08-24,Beras,1,"15,450"
2026-08-25,Beras,1,"15,450"
2026-08-26,Beras,1,"15,450"
2026-08-27,Beras,1,"15,500"
2026-08-28,Beras,1,"15,500"
2026-08-31,Beras,1,"15,500"
2026-08-03,Beras Kualitas Bawah I,2,"14,350"
2026-08-04,Beras Kualitas Bawah I,2,"14,350"
2026-08-05,Beras Kualitas Bawah I,2,"14,350"
2026-08-06,Beras Kualitas Bawah I,2,"14,400"
2026-08-07,Beras Kualitas Bawah I,2,"14,400"
2026-08-10,Beras Kualitas Bawah I,2,"14,400"
2026-08-11,Beras Kualitas Bawah I,2,"14,400"
2026-08-12,Beras Kualitas Bawah I,2,"14,400"
2026-08-13,Beras Kualitas Bawah I,2,"14,400"
2026-08-14,Beras Kualitas Bawah I,2,"14,400"
2026-08-17,Beras Kualitas Bawah I,2,"14,400"
2026-08-18,Beras Kualitas Bawah I,2,"14,400"
2026-08-19,Beras Kualitas Bawah I,2,"14,400"
2026-08-20,Beras Kualitas Bawah I,2,"14,400"
2026-08-21,Beras Kualitas Bawah I,2,"14,400"
2026-08-24,Beras Kualitas Bawah I,2,"14,400"
2026-08-25,Beras Kualitas Bawah I,2,"14,400"
2026-08-26,Beras Kualitas Bawah I,2,"14,400"
2026-08-27,Beras Kualitas Bawah I,2,"14,400"
2026-08-28,Beras Kualitas Bawah I,2,"14,400"
2026-08-31,Beras Kualitas Bawah I,2,"14,400"
2026-08-03,Beras Kualitas Bawah II,2,"14,100"
2026-08-04,Beras Kualitas Bawah II,2,"14,100"
2026-08-05,Beras Kualitas Bawah II,2,"14,100"
2026-08-06,Beras Kualitas Bawah II,2,"14,150"
2026-08-07,Beras Kualitas Bawah II,2,"14,150"
2026-08-10,Beras Kualitas Bawah II,2,"14,150"
2026-08-11,Beras Kualitas Bawah II,2,"14,150"
2026-08-12,Beras Kualitas Bawah II,2,"14,150"
2026-08-13,Beras Kualitas Bawah II,2,"14,100"
2026-08-14,Beras Kualitas Bawah II,2,"14,150"
2026-08-17,Beras Kualitas Bawah II,2,"14,150"
2026-08-18,Beras Kualitas Bawah II,2,"14,150"
2026-08-19,Beras Kualitas Bawah II,2,"14,150"
2026-08-20,Beras Kualitas Bawah II,2,"14,150"
2026-08-21,Beras Kualitas Bawah II,2,"14,100"
2026-08-24,Beras Kualitas Bawah II,2,"14,100"
2026-08-25,Beras Kualitas Bawah II,2,"14,100"
2026-08-26,Beras Kualitas Bawah II,2,"14,100"
2026-08-27,Beras Kualitas Bawah II,2,"14,100"
2026-08-28,Beras Kualitas Bawah II,2,"14,100"
2026-08-31,Beras Kualitas Bawah II,2,"14,100"
2026-08-03,Beras Kualitas Medium I,2,"15,450"
2026-08-04,Beras Kualitas Medium I,2,"15,450"
2026-08-05,Beras Kualitas Medium I,2,"15,450"
2026-08-06,Beras Kualitas Medium I,2,"15,450"
2026-08-07,Beras Kualitas Medium I,2,"15,450"
2026-08-10,Beras Kualitas Medium I,2,"15,450"
2026-08-11,Beras Kualitas Medium I,2,"15,450"
2026-08-12,Beras Kualitas Medium I,2,"15,450"
2026-08-13,Beras Kualitas Medium I,2,"15,450"
2026-08-14,Beras Kualitas Medium I,2,"15,450"
2026-08-17,Beras Kualitas Medium I,2,"15,450"
2026-08-18,Beras Kualitas Medium I,2,"15,450"
2026-08-19,Beras Kualitas Medium I,2,"15,450"
2026-08-20,Beras Kualitas Medium I,2,"15,500"
2026-08-21,Beras Kualitas Medium I,2,"15,500"
2026-08-24,Beras Kualitas Medium I,2,"15,500"
2026-08-25,Beras Kualitas Medium I,2,"15,500"
2026-08-26,Beras Kualitas Medium I,2,"15,500"
2026-08-27,Beras Kualitas Medium I,2,"15,500"
2026-08-28,Beras Kualitas Medium I,2,"15,500"
2026-08-31,Beras Kualitas Medium I,2,"15,500"
2026-08-03,Beras Kualitas Medium II,2,"15,200"
2026-08-04,Beras Kualitas Medium II,2,"15,200"
2026-08-05,Beras Kualitas Medium II,2,"15,200"
2026-08-06,Beras Kualitas Medium II,2,"15,250"
2026-08-07,Beras Kualitas Medium II,2,"15,250"
2026-08-10,Beras Kualitas Medium II,2,"15,250"
2026-08-11,Beras Kualitas Medium II,2,"15,250"
2026-08-12,Beras Kualitas Medium II,2,"15,250"
2026-08-13,Beras Kualitas Medium II,2,"15,300"
2026-08-14,Beras Kualitas Medium II,2,"15,300"
2026-08-17,Beras Kualitas Medium II,2,"15,300"
2026-08-18,Beras Kualitas Medium II,2,"15,300"
2026-08-19,Beras Kualitas Medium II,2,"15,300"
2026-08-20,Beras Kualitas Medium II,2,"15,300"
2026-08-21,Beras Kualitas Medium II,2,"15,300"
2026-08-24,Beras Kualitas Medium II,2,"15,300"
2026-08-25,Beras Kualitas Medium II,2,"15,300"
2026-08-26,Beras Kualitas Medium II,2,"15,300"
2026-08-27,Beras Kualitas Medium II,2,"15,300"
2026-08-28,Beras Kualitas Medium II,2,"15,300"
2026-08-31,Beras Kualitas Medium II,2,"15,300"
2026-08-03,Beras Kualitas Super I,2,"16,700"
2026-08-04,Beras Kualitas Super I,2,"16,700"
2026-08-05,Beras Kualitas Super I,2,"16,700"
2026-08-06,Beras Kualitas Super I,2,"16,700"
2026-08-07,Beras Kualitas Super I,2,"16,700"
2026-08-10,Beras Kualitas Super I,2,"16,700"
2026-08-11,Beras Kualitas Super I,2,"16,700"
2026-08-12,Beras Kualitas Super I,2,"16,700"
2026-08-13,Beras Kualitas Super I,2,"16,750"
2026-08-14,Beras Kualitas Super I,2,"16,750"
2026-08-17,Beras Kualitas Super I,2,"16,750"
2026-08-18,Beras Kualitas Super I,2,"16,750"
2026-08-19,Beras Kualitas Super I,2,"16,750"
2026-08-20,Beras Kualitas Super I,2,"16,750"
2026-08-21,Beras Kualitas Super I,2,"16,750"
2026-08-24,Beras Kualitas Super I,2,"16,750"
2026-08-25,Beras Kualitas Super I,2,"16,750"
2026-08-26,Beras Kualitas Super I,2,"16,750"
2026-08-27,Beras Kualitas Super I,2,"16,850"
2026-08-28,Beras Kualitas Super I,2,"16,850"
2026-08-31,Beras Kualitas Super I,2,"16,850"
2026-08-03,Beras Kualitas Super II,2,"16,200"
2026-08-04,Beras Kualitas Super II,2,"16,200"
2026-08-05,Beras Kualitas Super II,2,"16,200"
2026-08-06,Beras Kualitas Super II,2,"16,250"
2026-08-07,Beras Kualitas Super II,2,"16,250"
2026-08-10,Beras Kualitas Super II,2,"16,250"
2026-08-11,Beras Kualitas Super II,2,"16,250"
2026-08-12,Beras Kualitas Super II,2,"16,250"
2026-08-13,Beras Kualitas Super II,2,"16,300"
2026-08-14,Beras Kualitas Super II,2,"16,300"
2026-08-17,Beras Kualitas Super II,2,"16,300"
2026-08-18,Beras Kualitas Super II,2,"16,300"
2026-08-19,Beras Kualitas Super II,2,"16,300"
2026-08-20,Beras Kualitas Super II,2,"16,300"
2026-08-21,Beras Kualitas Super II,2,"16,300"
2026-08-24,Beras Kualitas Super II,2,"16,300"
2026-08-25,Beras Kualitas Super II,2,"16,300"
2026-08-26,Beras Kualitas Super II,2,"16,300"
2026-08-27,Beras Kualitas Super II,2,"16,350"
2026-08-28,Beras Kualitas Super II,2,"16,350"
2026-08-31,Beras Kualitas Super II,2,"16,350"
2026-08-03,Daging Ayam,1,"32,600"
2026-08-04,Daging Ayam,1,"32,600"
2026-08-05,Daging Ayam,1,"32,600"
2026-08-06,Daging Ayam,1,"32,950"
2026-08-07,Daging Ayam,1,"32,950"
2026-08-10,Daging Ayam,1,"32,950"
2026-08-11,Daging Ayam,1,"32,950"
2026-08-12,Daging Ayam,1,"33,000"
2026-08-13,Daging Ayam,1,"33,950"
2026-08-14,Daging Ayam,1,"33,950"
2026-08-17,Daging Ayam,1,"33,950"
2026-08-18,Daging Ayam,1,"33,950"
2026-08-19,Daging Ayam,1,"33,950"
2026-08-20,Daging Ayam,1,"34,950"
2026-08-21,Daging Ayam,1,"34,950"
2026-08-24,Daging Ayam,1,"34,950"
2026-08-25,Daging Ayam,1,"34,950"
2026-08-26,Daging Ayam,1,"34,950"
2026-08-27,Daging Ayam,1,"35,300"
2026-08-28,Daging Ayam,1,"35,300"
2026-08-31,Daging Ayam,1,"35,300"
2026-08-03,Daging Ayam Ras Segar,2,"32,600"
2026-08-04,Daging Ayam Ras Segar,2,"32,600"
2026-08-05,Daging Ayam Ras Segar,2,"32,600"
2026-08-06,Daging Ayam Ras Segar,2,"32,950"
2026-08-07,Daging Ayam Ras Segar,2,"32,950"
2026-08-10,Daging Ayam Ras Segar,2,"32,950"
2026-08-11,Daging Ayam Ras Segar,2,"32,950"
2026-08-12,Daging Ayam Ras Segar,2,"33,000"
2026-08-13,Daging Ayam Ras Segar,2,"33,950"
2026-08-14,Daging Ayam Ras Segar,2,"33,950"
2026-08-17,Daging Ayam Ras Segar,2,"33,950"
2026-08-18,Daging Ayam Ras Segar,2,"33,950"
2026-08-19,Daging Ayam Ras Segar,2,"33,950"
2026-08-20,Daging Ayam Ras Segar,2,"34,950"
2026-08-21,Daging Ayam Ras Segar,2,"34,950"
2026-08-24,Daging Ayam Ras Segar,2,"34,950"
2026-08-25,Daging Ayam Ras Segar,2,"34,950"
2026-08-26,Daging Ayam Ras Segar,2,"34,950"
2026-08-27,Daging Ayam Ras Segar,2,"35,300"
2026-08-28,Daging Ayam Ras Segar,2,"35,300"
2026-08-31,Daging Ayam Ras Segar,2,"35,300"
2026-08-03,Daging Sapi,1,"138,450"
2026-08-04,Daging Sapi,1,"138,450"
2026-08-05,Daging Sapi,1,"138,450"
2026-08-06,Daging Sapi,1,"138,650"
2026-08-07,Daging Sapi,1,"138,650"
2026-08-10,Daging Sapi,1,"138,650"
2026-08-11,Daging Sapi,1,"138,650"
2026-08-12,Daging Sapi,1,"138,650"
2026-08-13,Daging Sapi,1,"138,400"
2026-08-14,Daging Sapi,1,"138,400"
2026-08-17,Daging Sapi,1,"138,400"
2026-08-18,Daging Sapi,1,"138,400"
2026-08-19,Daging Sapi,1,"138,400"
2026-08-20,Daging Sapi,1,"138,750"
2026-08-21,Daging Sapi,1,"138,750"
2026-08-24,Daging Sapi,1,"138,750"
2026-08-25,Daging Sapi,1,"138,750"
2026-08-26,Daging Sapi,1,"138,750"
2026-08-27,Daging Sapi,1,"139,050"
2026-08-28,Daging Sapi,1,"139,050"
2026-08-31,Daging Sapi,1,"139,050"
2026-08-03,Daging Sapi Kualitas 1,2,"142,400"
2026-08-04,Daging Sapi Kualitas 1,2,"142,400"
2026-08-05,Daging Sapi Kualitas 1,2,"142,400"
2026-08-06,Daging Sapi Kualitas 1,2,"142,700"
2026-08-07,Daging Sapi Kualitas 1,2,"142,700"
2026-08-10,Daging Sapi Kualitas 1,2,"142,700"
2026-08-11,Daging Sapi Kualitas 1,2,"142,700"
2026-08-12,Daging Sapi Kualitas 1,2,"142,700"
2026-08-13,Daging Sapi Kualitas 1,2,"142,750"
2026-08-14,Daging Sapi Kualitas 1,2,"142,750"
2026-08-17,Daging Sapi Kualitas 1,2,"142,750"
2026-08-18,Daging Sapi Kualitas 1,2,"142,750"
2026-08-19,Daging Sapi Kualitas 1,2,"142,750"
2026-08-20,Daging Sapi Kualitas 1,2,"142,850"
2026-08-21,Daging Sapi Kualitas 1,2,"142,850"
2026-08-24,Daging Sapi Kualitas 1,2,"142,850"
2026-08-25,Daging Sapi Kualitas 1,2,"142,850"
2026-08-26,Daging Sapi Kualitas 1,2,"142,850"
2026-08-27,Daging Sapi Kualitas 1,2,"143,050"
2026-08-28,Daging Sapi Kualitas 1,2,"143,050"
2026-08-31,Daging Sapi Kualitas 1,2,"143,050"
2026-08-03,Daging Sapi Kualitas 2,2,"134,250"
2026-08-04,Daging Sapi Kualitas 2,2,"134,250"
2026-08-05,Daging Sapi Kualitas 2,2,"134,250"
2026-08-06,Daging Sapi Kualitas 2,2,"134,250"
2026-08-07,Daging Sapi Kualitas 2,2,"134,250"
2026-08-10,Daging Sapi Kualitas 2,2,"134,250"
2026-08-11,Daging Sapi Kualitas 2,2,"134,250"
2026-08-12,Daging Sapi Kualitas 2,2,"134,250"
2026-08-13,Daging Sapi Kualitas 2,2,"133,650"
2026-08-14,Daging Sapi Kualitas 2,2,"133,650"
2026-08-17,Daging Sapi Kualitas 2,2,"133,650"
2026-08-18,Daging Sapi Kualitas 2,2,"133,650"
2026-08-19,Daging Sapi Kualitas 2,2,"133,650"
2026-08-20,Daging Sapi Kualitas 2,2,"134,250"
2026-08-21,Daging Sapi Kualitas 2,2,"134,250"
2026-08-24,Daging Sapi Kualitas 2,2,"134,250"
2026-08-25,Daging Sapi Kualitas 2,2,"134,250"
2026-08-26,Daging Sapi Kualitas 2,2,"134,250"
2026-08-27,Daging Sapi Kualitas 2,2,"134,500"
2026-08-28,Daging Sapi Kualitas 2,2,"134,500"
2026-08-31,Daging Sapi Kualitas 2,2,"134,500"
2026-08-03,Telur Ayam,1,"25,850"
2026-08-04,Telur Ayam,1,"25,850"
2026-08-05,Telur Ayam,1,"25,850"
2026-08-06,Telur Ayam,1,"25,700"
2026-08-07,Telur Ayam,1,"25,700"
2026-08-10,Telur Ayam,1,"25,700"
2026-08-11,Telur Ayam,1,"25,700"
2026-08-12,Telur Ayam,1,"25,700"
2026-08-13,Telur Ayam,1,"25,750"
2026-08-14,Telur Ayam,1,"25,750"
2026-08-17,Telur Ayam,1,"25,750"
2026-08-18,Telur Ayam,1,"25,750"
2026-08-19,Telur Ayam,1,"25,750"
2026-08-20,Telur Ayam,1,"25,550"
2026-08-21,Telur Ayam,1,"25,550"
2026-08-24,Telur Ayam,1,"25,550"
2026-08-25,Telur Ayam,1,"25,550"
2026-08-26,Telur Ayam,1,"25,550"
2026-08-27,Telur Ayam,1,"25,750"
2026-08-28,Telur Ayam,1,"25,750"
2026-08-31,Telur Ayam,1,"25,750"
2026-08-03,Telur Ayam Ras Segar,2,"25,850"
2026-08-04,Telur Ayam Ras Segar,2,"25,850"
2026-08-05,Telur Ayam Ras Segar,2,"25,850"
2026-08-06,Telur Ayam Ras Segar,2,"25,700"
2026-08-07,Telur Ayam Ras Segar,2,"25,700"
2026-08-10,Telur Ayam Ras Segar,2,"25,700"
2026-08-11,Telur Ayam Ras Segar,2,"25,700"
2026-08-12,Telur Ayam Ras Segar,2,"25,700"
2026-08-13,Telur Ayam Ras Segar,2,"25,750"
2026-08-14,Telur Ayam Ras Segar,2,"25,750"
2026-08-17,Telur Ayam Ras Segar,2,"25,750"
2026-08-18,Telur Ayam Ras Segar,2,"25,750"
2026-08-19,Telur Ayam Ras Segar,2,"25,750"
2026-08-20,Telur Ayam Ras Segar,2,"25,550"
2026-08-21,Telur Ayam Ras Segar,2,"25,550"
2026-08-24,Telur Ayam Ras Segar,2,"25,550"
2026-08-25,Telur Ayam Ras Segar,2,"25,550"
2026-08-26,Telur Ayam Ras Segar,2,"25,550"
2026-08-27,Telur Ayam Ras Segar,2,"25,750"
2026-08-28,Telur Ayam Ras Segar,2,"25,750"
2026-08-31,Telur Ayam Ras Segar,2,"25,750"
2026-08-03,Bawang Merah,1,"30,700"
2026-08-04,Bawang Merah,1,"30,700"
2026-08-05,Bawang Merah,1,"30,700"
2026-08-06,Bawang Merah,1,"30,600"
2026-08-07,Bawang Merah,1,"30,600"
2026-08-10,Bawang Merah,1,"30,600"
2026-08-11,Bawang Merah,1,"30,600"
2026-08-12,Bawang Merah,1,"30,550"
2026-08-13,Bawang Merah,1,"30,250"
2026-08-14,Bawang Merah,1,"30,250"
2026-08-17,Bawang Merah,1,"30,250"
2026-08-18,Bawang Merah,1,"30,250"
2026-08-19,Bawang Merah,1,"30,250"
2026-08-20,Bawang Merah,1,"30,150"
2026-08-21,Bawang Merah,1,"30,150"
2026-08-24,Bawang Merah,1,"30,150"
2026-08-25,Bawang Merah,1,"30,150"
2026-08-26,Bawang Merah,1,"30,150"
2026-08-27,Bawang Merah,1,"30,550"
2026-08-28,Bawang Merah,1,"30,550"
2026-08-31,Bawang Merah,1,"30,550"
2026-08-03,Bawang Merah Ukuran Sedang,2,"30,700"
2026-08-04,Bawang Merah Ukuran Sedang,2,"30,700"
2026-08-05,Bawang Merah Ukuran Sedang,2,"30,700"
2026-08-06,Bawang Merah Ukuran Sedang,2,"30,600"
2026-08-07,Bawang Merah Ukuran Sedang,2,"30,600"
2026-08-10,Bawang Merah Ukuran Sedang,2,"30,600"
2026-08-11,Bawang Merah Ukuran Sedang,2,"30,600"
2026-08-12,Bawang Merah Ukuran Sedang,2,"30,550"
2026-08-13,Bawang Merah Ukuran Sedang,2,"30,250"
2026-08-14,Bawang Merah Ukuran Sedang,2,"30,250"
2026-08-17,Bawang Merah Ukuran Sedang,2,"30,250"
2026-08-18,Bawang Merah Ukuran Sedang,2,"30,250"
2026-08-19,Bawang Merah Ukuran Sedang,2,"30,250"
2026-08-20,Bawang Merah Ukuran Sedang,2,"30,150"
2026-08-21,Bawang Merah Ukuran Sedang,2,"30,150"
2026-08-24,Bawang Merah Ukuran Sedang,2,"30,150"
2026-08-25,Bawang Merah Ukuran Sedang,2,"30,150"
2026-08-26,Bawang Merah Ukuran Sedang,2,"30,150"
2026-08-27,Bawang Merah Ukuran Sedang,2,"30,550"
2026-08-28,Bawang Merah Ukuran Sedang,2,"30,550"
2026-08-31,Bawang Merah Ukuran Sedang,2,"30,550"
2026-08-03,Bawang Putih,1,"31,700"
2026-08-04,Bawang Putih,1,"31,700"
2026-08-05,Bawang Putih,1,"31,700"
2026-08-06,Bawang Putih,1,"31,300"
2026-08-07,Bawang Putih,1,"31,300"
2026-08-10,Bawang Putih,1,"31,300"
2026-08-11,Bawang Putih,1,"31,300"
2026-08-12,Bawang Putih,1,"31,350"
2026-08-13,Bawang Putih,1,"31,150"
2026-08-14,Bawang Putih,1,"31,150"
2026-08-17,Bawang Putih,1,"31,150"
2026-08-18,Bawang Putih,1,"31,150"
2026-08-19,Bawang Putih,1,"31,150"
2026-08-20,Bawang Putih,1,"31,300"
2026-08-21,Bawang Putih,1,"31,400"
2026-08-24,Bawang Putih,1,"31,400"
2026-08-25,Bawang Putih,1,"31,400"
2026-08-26,Bawang Putih,1,"31,350"
2026-08-27,Bawang Putih,1,"31,000"
2026-08-28,Bawang Putih,1,"31,000"
2026-08-31,Bawang Putih,1,"31,000"
2026-08-03,Bawang Putih Ukuran Sedang,2,"31,700"
2026-08-04,Bawang Putih Ukuran Sedang,2,"31,700"
2026-08-05,Bawang Putih Ukuran Sedang,2,"31,700"
2026-08-06,Bawang Putih Ukuran Sedang,2,"31,300"
2026-08-07,Bawang Putih Ukuran Sedang,2,"31,300"
2026-08-10,Bawang Putih Ukuran Sedang,2,"31,300"
2026-08-11,Bawang Putih Ukuran Sedang,2,"31,300"
2026-08-12,Bawang Putih Ukuran Sedang,2,"31,350"
2026-08-13,Bawang Putih Ukuran Sedang,2,"31,150"
2026-08-14,Bawang Putih Ukuran Sedang,2,"31,150"
2026-08-17,Bawang Putih Ukuran Sedang,2,"31,150"
2026-08-18,Bawang Putih Ukuran Sedang,2,"31,150"
2026-08-19,Bawang Putih Ukuran Sedang,2,"31,150"
2026-08-20,Bawang Putih Ukuran Sedang,2,"31,300"
2026-08-21,Bawang Putih Ukuran Sedang,2,"31,400"
2026-08-24,Bawang Putih Ukuran Sedang,2,"31,400"
2026-08-25,Bawang Putih Ukuran Sedang,2,"31,400"
2026-08-26,Bawang Putih Ukuran Sedang,2,"31,350"
2026-08-27,Bawang Putih Ukuran Sedang,2,"31,000"
2026-08-28,Bawang Putih Ukuran Sedang,2,"31,000"
2026-08-31,Bawang Putih Ukuran Sedang,2,"31,000"
2026-08-03,Cabai Merah,1,"38,150"
2026-08-04,Cabai Merah,1,"38,150"
2026-08-05,Cabai Merah,1,"38,200"
2026-08-06,Cabai Merah,1,"38,750"
2026-08-07,Cabai Merah,1,"38,750"
2026-08-10,Cabai Merah,1,"38,750"
2026-08-11,Cabai Merah,1,"38,750"
2026-08-12,Cabai Merah,1,"38,800"
2026-08-13,Cabai Merah,1,"40,350"
2026-08-14,Cabai Merah,1,"40,350"
2026-08-17,Cabai Merah,1,"40,350"
2026-08-18,Cabai Merah,1,"40,350"
2026-08-19,Cabai Merah,1,"40,350"
2026-08-20,Cabai Merah,1,"40,000"
2026-08-21,Cabai Merah,1,"40,000"
2026-08-24,Cabai Merah,1,"40,000"
2026-08-25,Cabai Merah,1,"40,000"
2026-08-26,Cabai Merah,1,"39,900"
2026-08-27,Cabai Merah,1,"41,550"
2026-08-28,Cabai Merah,1,"41,550"
2026-08-31,Cabai Merah,1,"41,550"
2026-08-03,Cabai Merah Besar,2,"40,350"
2026-08-04,Cabai Merah Besar,2,"40,350"
2026-08-05,Cabai Merah Besar,2,"40,450"
2026-08-06,Cabai Merah Besar,2,"39,450"
2026-08-07,Cabai Merah Besar,2,"39,450"
2026-08-10,Cabai Merah Besar,2,"39,450"
2026-08-11,Cabai Merah Besar,2,"39,450"
2026-08-12,Cabai Merah Besar,2,"39,450"
2026-08-13,Cabai Merah Besar,2,"39,400"
2026-08-14,Cabai Merah Besar,2,"39,400"
2026-08-17,Cabai Merah Besar,2,"39,400"
2026-08-18,Cabai Merah Besar,2,"39,400"
2026-08-19,Cabai Merah Besar,2,"39,400"
2026-08-20,Cabai Merah Besar,2,"38,200"
2026-08-21,Cabai Merah Besar,2,"38,200"
2026-08-24,Cabai Merah Besar,2,"38,200"
2026-08-25,Cabai Merah Besar,2,"38,200"
2026-08-26,Cabai Merah Besar,2,"38,200"
2026-08-27,Cabai Merah Besar,2,"37,650"
2026-08-28,Cabai Merah Besar,2,"37,650"
2026-08-31,Cabai Merah Besar,2,"37,650"
2026-08-03,Cabai Merah Keriting ,2,"36,150"
2026-08-04,Cabai Merah Keriting ,2,"36,150"
2026-08-05,Cabai Merah Keriting ,2,"36,200"
2026-08-06,Cabai Merah Keriting ,2,"38,150"
2026-08-07,Cabai Merah Keriting ,2,"38,150"
2026-08-10,Cabai Merah Keriting ,2,"38,150"
2026-08-11,Cabai Merah Keriting ,2,"38,150"
2026-08-12,Cabai Merah Keriting ,2,"38,250"
2026-08-13,Cabai Merah Keriting ,2,"39,750"
2026-08-14,Cabai Merah Keriting ,2,"39,750"
2026-08-17,Cabai Merah Keriting ,2,"39,750"
2026-08-18,Cabai Merah Keriting ,2,"39,750"
2026-08-19,Cabai Merah Keriting ,2,"39,750"
2026-08-20,Cabai Merah Keriting ,2,"39,500"
2026-08-21,Cabai Merah Keriting ,2,"39,500"
2026-08-24,Cabai Merah Keriting ,2,"39,500"
2026-08-25,Cabai Merah Keriting ,2,"39,500"
2026-08-26,Cabai Merah Keriting ,2,"39,350"
2026-08-27,Cabai Merah Keriting ,2,"40,950"
2026-08-28,Cabai Merah Keriting ,2,"40,950"
2026-08-31,Cabai Merah Keriting ,2,"40,950"
2026-08-03,Cabai Rawit,1,"43,900"
2026-08-04,Cabai Rawit,1,"43,900"
2026-08-05,Cabai Rawit,1,"43,950"
2026-08-06,Cabai Rawit,1,"46,250"
2026-08-07,Cabai Rawit,1,"46,250"
2026-08-10,Cabai Rawit,1,"46,250"
2026-08-11,Cabai Rawit,1,"46,250"
2026-08-12,Cabai Rawit,1,"46,200"
2026-08-13,Cabai Rawit,1,"48,700"
2026-08-14,Cabai Rawit,1,"48,700"
2026-08-17,Cabai Rawit,1,"48,700"
2026-08-18,Cabai Rawit,1,"48,700"
2026-08-19,Cabai Rawit,1,"48,700"
2026-08-20,Cabai Rawit,1,"53,750"
2026-08-21,Cabai Rawit,1,"53,800"
2026-08-24,Cabai Rawit,1,"53,800"
2026-08-25,Cabai Rawit,1,"53,800"
2026-08-26,Cabai Rawit,1,"53,850"
2026-08-27,Cabai Rawit,1,"57,500"
2026-08-28,Cabai Rawit,1,"57,500"
2026-08-31,Cabai Rawit,1,"57,500"
2026-08-03,Cabai Rawit Hijau,2,"44,650"
2026-08-04,Cabai Rawit Hijau,2,"44,650"
2026-08-05,Cabai Rawit Hijau,2,"44,600"
2026-08-06,Cabai Rawit Hijau,2,"46,000"
2026-08-07,Cabai Rawit Hijau,2,"46,000"
2026-08-10,Cabai Rawit Hijau,2,"46,000"
2026-08-11,Cabai Rawit Hijau,2,"46,000"
2026-08-12,Cabai Rawit Hijau,2,"46,000"
2026-08-13,Cabai Rawit Hijau,2,"47,150"
2026-08-14,Cabai Rawit Hijau,2,"47,150"
2026-08-17,Cabai Rawit Hijau,2,"47,150"
2026-08-18,Cabai Rawit Hijau,2,"47,150"
2026-08-19,Cabai Rawit Hijau,2,"47,150"
2026-08-20,Cabai Rawit Hijau,2,"49,250"
2026-08-21,Cabai Rawit Hijau,2,"49,300"
2026-08-24,Cabai Rawit Hijau,2,"49,300"
2026-08-25,Cabai Rawit Hijau,2,"49,300"
2026-08-26,Cabai Rawit Hijau,2,"49,400"
2026-08-27,Cabai Rawit Hijau,2,"50,950"
2026-08-28,Cabai Rawit Hijau,2,"50,950"
2026-08-31,Cabai Rawit Hijau,2,"50,950"
2026-08-03,Cabai Rawit Merah,2,"43,700"
2026-08-04,Cabai Rawit Merah,2,"43,700"
2026-08-05,Cabai Rawit Merah,2,"43,850"
2026-08-06,Cabai Rawit Merah,2,"47,400"
2026-08-07,Cabai Rawit Merah,2,"47,400"
2026-08-10,Cabai Rawit Merah,2,"47,400"
2026-08-11,Cabai Rawit Merah,2,"47,400"
2026-08-12,Cabai Rawit Merah,2,"47,300"
2026-08-13,Cabai Rawit Merah,2,"50,550"
2026-08-14,Cabai Rawit Merah,2,"50,550"
2026-08-17,Cabai Rawit Merah,2,"50,550"
2026-08-18,Cabai Rawit Merah,2,"50,550"
2026-08-19,Cabai Rawit Merah,2,"50,500"
2026-08-20,Cabai Rawit Merah,2,"57,350"
2026-08-21,Cabai Rawit Merah,2,"57,350"
2026-08-24,Cabai Rawit Merah,2,"57,350"
2026-08-25,Cabai Rawit Merah,2,"57,350"
2026-08-26,Cabai Rawit Merah,2,"57,400"
2026-08-27,Cabai Rawit Merah,2,"63,000"
2026-08-28,Cabai Rawit Merah,2,"63,000"
2026-08-31,Cabai Rawit Merah,2,"63,000"
2026-08-03,Minyak Goreng,1,"21,050"
2026-08-04,Minyak Goreng,1,"21,050"
2026-08-05,Minyak Goreng,1,"21,050"
2026-08-06,Minyak Goreng,1,"21,000"
2026-08-07,Minyak Goreng,1,"21,000"
2026-08-10,Minyak Goreng,1,"21,000"
2026-08-11,Minyak Goreng,1,"21,000"
2026-08-12,Minyak Goreng,1,"21,000"
2026-08-13,Minyak Goreng,1,"21,050"
2026-08-14,Minyak Goreng,1,"21,050"
2026-08-17,Minyak Goreng,1,"21,050"
2026-08-18,Minyak Goreng,1,"21,050"
2026-08-19,Minyak Goreng,1,"21,050"
2026-08-20,Minyak Goreng,1,"21,050"
2026-08-21,Minyak Goreng,1,"21,050"
2026-08-24,Minyak Goreng,1,"21,050"
2026-08-25,Minyak Goreng,1,"21,050"
2026-08-26,Minyak Goreng,1,"21,050"
2026-08-27,Minyak Goreng,1,"21,100"
2026-08-28,Minyak Goreng,1,"21,100"
2026-08-31,Minyak Goreng,1,"21,100"
2026-08-03,Minyak Goreng Curah,2,"18,750"
2026-08-04,Minyak Goreng Curah,2,"18,750"
2026-08-05,Minyak Goreng Curah,2,"18,750"
2026-08-06,Minyak Goreng Curah,2,"18,700"
2026-08-07,Minyak Goreng Curah,2,"18,700"
2026-08-10,Minyak Goreng Curah,2,"18,700"
2026-08-11,Minyak Goreng Curah,2,"18,700"
2026-08-12,Minyak Goreng Curah,2,"18,700"
2026-08-13,Minyak Goreng Curah,2,"18,700"
2026-08-14,Minyak Goreng Curah,2,"18,700"
2026-08-17,Minyak Goreng Curah,2,"18,700"
2026-08-18,Minyak Goreng Curah,2,"18,700"
2026-08-19,Minyak Goreng Curah,2,"18,700"
2026-08-20,Minyak Goreng Curah,2,"18,750"
2026-08-21,Minyak Goreng Curah,2,"18,750"
2026-08-24,Minyak Goreng Curah,2,"18,750"
2026-08-25,Minyak Goreng Curah,2,"18,750"
2026-08-26,Minyak Goreng Curah,2,"18,750"
2026-08-27,Minyak Goreng Curah,2,"18,850"
2026-08-28,Minyak Goreng Curah,2,"18,850"
2026-08-31,Minyak Goreng Curah,2,"18,850"
2026-08-03,Minyak Goreng Kemasan Bermerk 1,2,"22,100"
2026-08-04,Minyak Goreng Kemasan Bermerk 1,2,"22,100"
2026-08-05,Minyak Goreng Kemasan Bermerk 1,2,"22,100"
2026-08-06,Minyak Goreng Kemasan Bermerk 1,2,"22,050"
2026-08-07,Minyak Goreng Kemasan Bermerk 1,2,"22,050"
2026-08-10,Minyak Goreng Kemasan Bermerk 1,2,"22,050"
2026-08-11,Minyak Goreng Kemasan Bermerk 1,2,"22,050"
2026-08-12,Minyak Goreng Kemasan Bermerk 1,2,"22,050"
2026-08-13,Minyak Goreng Kemasan Bermerk 1,2,"22,150"
2026-08-14,Minyak Goreng Kemasan Bermerk 1,2,"22,150"
2026-08-17,Minyak Goreng Kemasan Bermerk 1,2,"22,150"
2026-08-18,Minyak Goreng Kemasan Bermerk 1,2,"22,150"
2026-08-19,Minyak Goreng Kemasan Bermerk 1,2,"22,150"
2026-08-20,Minyak Goreng Kemasan Bermerk 1,2,"22,150"
2026-08-21,Minyak Goreng Kemasan Bermerk 1,2,"22,150"
2026-08-24,Minyak Goreng Kemasan Bermerk 1,2,"22,150"
2026-08-25,Minyak Goreng Kemasan Bermerk 1,2,"22,150"
2026-08-26,Minyak Goreng Kemasan Bermerk 1,2,"22,150"
2026-08-27,Minyak Goreng Kemasan Bermerk 1,2,"22,150"
2026-08-28,Minyak Goreng Kemasan Bermerk 1,2,"22,150"
2026-08-31,Minyak Goreng Kemasan Bermerk 1,2,"22,150"
2026-08-03,Minyak Goreng Kemasan Bermerk 2,2,"21,600"
2026-08-04,Minyak Goreng Kemasan Bermerk 2,2,"21,600"
2026-08-05,Minyak Goreng Kemasan Bermerk 2,2,"21,600"
2026-08-06,Minyak Goreng Kemasan Bermerk 2,2,"21,600"
2026-08-07,Minyak Goreng Kemasan Bermerk 2,2,"21,650"
2026-08-10,Minyak Goreng Kemasan Bermerk 2,2,"21,650"
2026-08-11,Minyak Goreng Kemasan Bermerk 2,2,"21,650"
2026-08-12,Minyak Goreng Kemasan Bermerk 2,2,"21,650"
2026-08-13,Minyak Goreng Kemasan Bermerk 2,2,"21,550"
2026-08-14,Minyak Goreng Kemasan Bermerk 2,2,"21,550"
2026-08-17,Minyak Goreng Kemasan Bermerk 2,2,"21,550"
2026-08-18,Minyak Goreng Kemasan Bermerk 2,2,"21,550"
2026-08-19,Minyak Goreng Kemasan Bermerk 2,2,"21,550"
2026-08-20,Minyak Goreng Kemasan Bermerk 2,2,"21,600"
2026-08-21,Minyak Goreng Kemasan Bermerk 2,2,"21,600"
2026-08-24,Minyak Goreng Kemasan Bermerk 2,2,"21,600"
2026-08-25,Minyak Goreng Kemasan Bermerk 2,2,"21,600"
2026-08-26,Minyak Goreng Kemasan Bermerk 2,2,"21,600"
2026-08-27,Minyak Goreng Kemasan Bermerk 2,2,"21,600"
2026-08-28,Minyak Goreng Kemasan Bermerk 2,2,"21,650"
2026-08-31,Minyak Goreng Kemasan Bermerk 2,2,"21,650"
2026-08-03,Gula Pasir,1,"17,800"
2026-08-04,Gula Pasir,1,"17,800"
2026-08-05,Gula Pasir,1,"17,800"
2026-08-06,Gula Pasir,1,"17,800"
2026-08-07,Gula Pasir,1,"17,800"
2026-08-10,Gula Pasir,1,"17,800"
2026-08-11,Gula Pasir,1,"17,800"
2026-08-12,Gula Pasir,1,"17,800"
2026-08-13,Gula Pasir,1,"17,800"
2026-08-14,Gula Pasir,1,"17,800"
2026-08-17,Gula Pasir,1,"17,800"
2026-08-18,Gula Pasir,1,"17,800"
2026-08-19,Gula Pasir,1,"17,800"
2026-08-20,Gula Pasir,1,"17,800"
2026-08-21,Gula Pasir,1,"17,800"
2026-08-24,Gula Pasir,1,"17,800"
2026-08-25,Gula Pasir,1,"17,800"
2026-08-26,Gula Pasir,1,"17,800"
2026-08-27,Gula Pasir,1,"17,850"
2026-08-28,Gula Pasir,1,"17,850"
2026-08-31,Gula Pasir,1,"17,850"
2026-08-03,Gula Pasir Kualitas Premium,2,"18,650"
2026-08-04,Gula Pasir Kualitas Premium,2,"18,650"
2026-08-05,Gula Pasir Kualitas Premium,2,"18,650"
2026-08-06,Gula Pasir Kualitas Premium,2,"18,700"
2026-08-07,Gula Pasir Kualitas Premium,2,"18,700"
2026-08-10,Gula Pasir Kualitas Premium,2,"18,700"
2026-08-11,Gula Pasir Kualitas Premium,2,"18,700"
2026-08-12,Gula Pasir Kualitas Premium,2,"18,650"
2026-08-13,Gula Pasir Kualitas Premium,2,"18,600"
2026-08-14,Gula Pasir Kualitas Premium,2,"18,600"
2026-08-17,Gula Pasir Kualitas Premium,2,"18,600"
2026-08-18,Gula Pasir Kualitas Premium,2,"18,600"
2026-08-19,Gula Pasir Kualitas Premium,2,"18,600"
2026-08-20,Gula Pasir Kualitas Premium,2,"18,600"
2026-08-21,Gula Pasir Kualitas Premium,2,"18,600"
2026-08-24,Gula Pasir Kualitas Premium,2,"18,600"
2026-08-25,Gula Pasir Kualitas Premium,2,"18,600"
2026-08-26,Gula Pasir Kualitas Premium,2,"18,600"
2026-08-27,Gula Pasir Kualitas Premium,2,"18,650"
2026-08-28,Gula Pasir Kualitas Premium,2,"18,650"
2026-08-31,Gula Pasir Kualitas Premium,2,"18,650"
2026-08-03,Gula Pasir Lokal,2,"17,250"
2026-08-04,Gula Pasir Lokal,2,"17,250"
2026-08-05,Gula Pasir Lokal,2,"17,250"
2026-08-06,Gula Pasir Lokal,2,"17,250"
2026-08-07,Gula Pasir Lokal,2,"17,250"
2026-08-10,Gula Pasir Lokal,2,"17,250"
2026-08-11,Gula Pasir Lokal,2,"17,250"
2026-08-12,Gula Pasir Lokal,2,"17,250"
2026-08-13,Gula Pasir Lokal,2,"17,250"
2026-08-14,Gula Pasir Lokal,2,"17,250"
2026-08-17,Gula Pasir Lokal,2,"17,250"
2026-08-18,Gula Pasir Lokal,2,"17,250"
2026-08-19,Gula Pasir Lokal,2,"17,250"
2026-08-20,Gula Pasir Lokal,2,"17,300"
2026-08-21,Gula Pasir Lokal,2,"17,300"
2026-08-24,Gula Pasir Lokal,2,"17,300"
2026-08-25,Gula Pasir Lokal,2,"17,300"
2026-08-26,Gula Pasir Lokal,2,"17,300"
2026-08-27,Gula Pasir Lokal,2,"17,300"
2026-08-28,Gula Pasir Lokal,2,"17,300"
2026-08-31,Gula Pasir Lokal,2,"17,300"
2026-09-01,Beras,1,"15,500"
2026-09-02,Beras,1,"15,500"
2026-09-03,Beras,1,"15,500"
2026-09-04,Beras,1,"15,500"
2026-09-07,Beras,1,"15,500"
2026-09-08,Beras,1,"15,500"
2026-09-09,Beras,1,"15,500"
2026-09-10,Beras,1,"15,550"
2026-09-11,Beras,1,"15,550"
2026-09-14,Beras,1,"15,550"
2026-09-15,Beras,1,"15,550"
2026-09-16,Beras,1,"15,550"
2026-09-17,Beras,1,"15,550"
2026-09-18,Beras,1,"15,550"
2026-09-21,Beras,1,"15,550"
2026-09-22,Beras,1,"15,550"
2026-09-23,Beras,1,"15,550"
2026-09-24,Beras,1,"15,550"
2026-09-25,Beras,1,"15,550"
2026-09-28,Beras,1,"15,550"
2026-09-29,Beras,1,"15,550"
2026-09-30,Beras,1,"15,550"
2026-09-01,Beras Kualitas Bawah I,2,"14,400"
2026-09-02,Beras Kualitas Bawah I,2,"14,400"
2026-09-03,Beras Kualitas Bawah I,2,"14,450"
2026-09-04,Beras Kualitas Bawah I,2,"14,450"
2026-09-07,Beras Kualitas Bawah I,2,"14,450"
2026-09-08,Beras Kualitas Bawah I,2,"14,450"
2026-09-09,Beras Kualitas Bawah I,2,"14,450"
2026-09-10,Beras Kualitas Bawah I,2,"14,450"
2026-09-11,Beras Kualitas Bawah I,2,"14,450"
2026-09-14,Beras Kualitas Bawah I,2,"14,450"
2026-09-15,Beras Kualitas Bawah I,2,"14,450"
2026-09-16,Beras Kualitas Bawah I,2,"14,450"
2026-09-17,Beras Kualitas Bawah I,2,"14,500"
2026-09-18,Beras Kualitas Bawah I,2,"14,500"
2026-09-21,Beras Kualitas Bawah I,2,"14,500"
2026-09-22,Beras Kualitas Bawah I,2,"14,500"
2026-09-23,Beras Kualitas Bawah I,2,"14,500"
2026-09-24,Beras Kualitas Bawah I,2,"14,450"
2026-09-25,Beras Kualitas Bawah I,2,"14,450"
2026-09-28,Beras Kualitas Bawah I,2,"14,450"
2026-09-29,Beras Kualitas Bawah I,2,"14,450"
2026-09-30,Beras Kualitas Bawah I,2,"14,450"
2026-09-01,Beras Kualitas Bawah II,2,"14,100"
2026-09-02,Beras Kualitas Bawah II,2,"14,100"
2026-09-03,Beras Kualitas Bawah II,2,"14,150"
2026-09-04,Beras Kualitas Bawah II,2,"14,100"
2026-09-07,Beras Kualitas Bawah II,2,"14,100"
2026-09-08,Beras Kualitas Bawah II,2,"14,100"
2026-09-09,Beras Kualitas Bawah II,2,"14,150"
2026-09-10,Beras Kualitas Bawah II,2,"14,100"
2026-09-11,Beras Kualitas Bawah II,2,"14,100"
2026-09-14,Beras Kualitas Bawah II,2,"14,100"
2026-09-15,Beras Kualitas Bawah II,2,"14,100"
2026-09-16,Beras Kualitas Bawah II,2,"14,100"
2026-09-17,Beras Kualitas Bawah II,2,"14,050"
2026-09-18,Beras Kualitas Bawah II,2,"14,050"
2026-09-21,Beras Kualitas Bawah II,2,"14,050"
2026-09-22,Beras Kualitas Bawah II,2,"14,050"
2026-09-23,Beras Kualitas Bawah II,2,"14,050"
2026-09-24,Beras Kualitas Bawah II,2,"14,050"
2026-09-25,Beras Kualitas Bawah II,2,"14,050"
2026-09-28,Beras Kualitas Bawah II,2,"14,050"
2026-09-29,Beras Kualitas Bawah II,2,"14,050"
2026-09-30,Beras Kualitas Bawah II,2,"14,050"
2026-09-01,Beras Kualitas Medium I,2,"15,500"
2026-09-02,Beras Kualitas Medium I,2,"15,500"
2026-09-03,Beras Kualitas Medium I,2,"15,550"
2026-09-04,Beras Kualitas Medium I,2,"15,550"
2026-09-07,Beras Kualitas Medium I,2,"15,550"
2026-09-08,Beras Kualitas Medium I,2,"15,550"
2026-09-09,Beras Kualitas Medium I,2,"15,550"
2026-09-10,Beras Kualitas Medium I,2,"15,600"
2026-09-11,Beras Kualitas Medium I,2,"15,600"
2026-09-14,Beras Kualitas Medium I,2,"15,600"
2026-09-15,Beras Kualitas Medium I,2,"15,600"
2026-09-16,Beras Kualitas Medium I,2,"15,600"
2026-09-17,Beras Kualitas Medium I,2,"15,600"
2026-09-18,Beras Kualitas Medium I,2,"15,600"
2026-09-21,Beras Kualitas Medium I,2,"15,600"
2026-09-22,Beras Kualitas Medium I,2,"15,600"
2026-09-23,Beras Kualitas Medium I,2,"15,600"
2026-09-24,Beras Kualitas Medium I,2,"15,600"
2026-09-25,Beras Kualitas Medium I,2,"15,600"
2026-09-28,Beras Kualitas Medium I,2,"15,600"
2026-09-29,Beras Kualitas Medium I,2,"15,600"
2026-09-30,Beras Kualitas Medium I,2,"15,600"
2026-09-01,Beras Kualitas Medium II,2,"15,300"
2026-09-02,Beras Kualitas Medium II,2,"15,300"
2026-09-03,Beras Kualitas Medium II,2,"15,350"
2026-09-04,Beras Kualitas Medium II,2,"15,350"
2026-09-07,Beras Kualitas Medium II,2,"15,350"
2026-09-08,Beras Kualitas Medium II,2,"15,350"
2026-09-09,Beras Kualitas Medium II,2,"15,350"
2026-09-10,Beras Kualitas Medium II,2,"15,450"
2026-09-11,Beras Kualitas Medium II,2,"15,450"
2026-09-14,Beras Kualitas Medium II,2,"15,450"
2026-09-15,Beras Kualitas Medium II,2,"15,450"
2026-09-16,Beras Kualitas Medium II,2,"15,450"
2026-09-17,Beras Kualitas Medium II,2,"15,450"
2026-09-18,Beras Kualitas Medium II,2,"15,450"
2026-09-21,Beras Kualitas Medium II,2,"15,450"
2026-09-22,Beras Kualitas Medium II,2,"15,450"
2026-09-23,Beras Kualitas Medium II,2,"15,450"
2026-09-24,Beras Kualitas Medium II,2,"15,450"
2026-09-25,Beras Kualitas Medium II,2,"15,450"
2026-09-28,Beras Kualitas Medium II,2,"15,450"
2026-09-29,Beras Kualitas Medium II,2,"15,450"
2026-09-30,Beras Kualitas Medium II,2,"15,450"
2026-09-01,Beras Kualitas Super I,2,"16,850"
2026-09-02,Beras Kualitas Super I,2,"16,850"
2026-09-03,Beras Kualitas Super I,2,"16,800"
2026-09-04,Beras Kualitas Super I,2,"16,800"
2026-09-07,Beras Kualitas Super I,2,"16,800"
2026-09-08,Beras Kualitas Super I,2,"16,800"
2026-09-09,Beras Kualitas Super I,2,"16,800"
2026-09-10,Beras Kualitas Super I,2,"16,850"
2026-09-11,Beras Kualitas Super I,2,"16,850"
2026-09-14,Beras Kualitas Super I,2,"16,850"
2026-09-15,Beras Kualitas Super I,2,"16,850"
2026-09-16,Beras Kualitas Super I,2,"16,850"
2026-09-17,Beras Kualitas Super I,2,"16,850"
2026-09-18,Beras Kualitas Super I,2,"16,850"
2026-09-21,Beras Kualitas Super I,2,"16,850"
2026-09-22,Beras Kualitas Super I,2,"16,850"
2026-09-23,Beras Kualitas Super I,2,"16,850"
2026-09-24,Beras Kualitas Super I,2,"16,900"
2026-09-25,Beras Kualitas Super I,2,"16,900"
2026-09-28,Beras Kualitas Super I,2,"16,900"
2026-09-29,Beras Kualitas Super I,2,"16,900"
2026-09-30,Beras Kualitas Super I,2,"16,900"
2026-09-01,Beras Kualitas Super II,2,"16,350"
2026-09-02,Beras Kualitas Super II,2,"16,350"
2026-09-03,Beras Kualitas Super II,2,"16,400"
2026-09-04,Beras Kualitas Super II,2,"16,400"
2026-09-07,Beras Kualitas Super II,2,"16,400"
2026-09-08,Beras Kualitas Super II,2,"16,400"
2026-09-09,Beras Kualitas Super II,2,"16,400"
2026-09-10,Beras Kualitas Super II,2,"16,400"
2026-09-11,Beras Kualitas Super II,2,"16,400"
2026-09-14,Beras Kualitas Super II,2,"16,400"
2026-09-15,Beras Kualitas Super II,2,"16,400"
2026-09-16,Beras Kualitas Super II,2,"16,400"
2026-09-17,Beras Kualitas Super II,2,"16,400"
2026-09-18,Beras Kualitas Super II,2,"16,400"
2026-09-21,Beras Kualitas Super II,2,"16,400"
2026-09-22,Beras Kualitas Super II,2,"16,400"
2026-09-23,Beras Kualitas Super II,2,"16,400"
2026-09-24,Beras Kualitas Super II,2,"16,400"
2026-09-25,Beras Kualitas Super II,2,"16,400"
2026-09-28,Beras Kualitas Super II,2,"16,400"
2026-09-29,Beras Kualitas Super II,2,"16,400"
2026-09-30,Beras Kualitas Super II,2,"16,400"
2026-09-01,Daging Ayam,1,"35,300"
2026-09-02,Daging Ayam,1,"35,350"
2026-09-03,Daging Ayam,1,"35,350"
2026-09-04,Daging Ayam,1,"35,350"
2026-09-07,Daging Ayam,1,"35,350"
2026-09-08,Daging Ayam,1,"35,350"
2026-09-09,Daging Ayam,1,"35,350"
2026-09-10,Daging Ayam,1,"35,550"
2026-09-11,Daging Ayam,1,"35,550"
2026-09-14,Daging Ayam,1,"35,550"
2026-09-15,Daging Ayam,1,"35,550"
2026-09-16,Daging Ayam,1,"35,550"
2026-09-17,Daging Ayam,1,"35,600"
2026-09-18,Daging Ayam,1,"35,600"
2026-09-21,Daging Ayam,1,"35,600"
2026-09-22,Daging Ayam,1,"35,600"
2026-09-23,Daging Ayam,1,"35,650"
2026-09-24,Daging Ayam,1,"35,650"
2026-09-25,Daging Ayam,1,"35,650"
2026-09-28,Daging Ayam,1,"35,650"
2026-09-29,Daging Ayam,1,"35,650"
2026-09-30,Daging Ayam,1,"35,650"
2026-09-01,Daging Ayam Ras Segar,2,"35,300"
2026-09-02,Daging Ayam Ras Segar,2,"35,350"
2026-09-03,Daging Ayam Ras Segar,2,"35,350"
2026-09-04,Daging Ayam Ras Segar,2,"35,350"
2026-09-07,Daging Ayam Ras Segar,2,"35,350"
2026-09-08,Daging Ayam Ras Segar,2,"35,350"
2026-09-09,Daging Ayam Ras Segar,2,"35,350"
2026-09-10,Daging Ayam Ras Segar,2,"35,550"
2026-09-11,Daging Ayam Ras Segar,2,"35,550"
2026-09-14,Daging Ayam Ras Segar,2,"35,550"
2026-09-15,Daging Ayam Ras Segar,2,"35,550"
2026-09-16,Daging Ayam Ras Segar,2,"35,550"
2026-09-17,Daging Ayam Ras Segar,2,"35,600"
2026-09-18,Daging Ayam Ras Segar,2,"35,600"
2026-09-21,Daging Ayam Ras Segar,2,"35,600"
2026-09-22,Daging Ayam Ras Segar,2,"35,600"
2026-09-23,Daging Ayam Ras Segar,2,"35,650"
2026-09-24,Daging Ayam Ras Segar,2,"35,650"
2026-09-25,Daging Ayam Ras Segar,2,"35,650"
2026-09-28,Daging Ayam Ras Segar,2,"35,650"
2026-09-29,Daging Ayam Ras Segar,2,"35,650"
2026-09-30,Daging Ayam Ras Segar,2,"35,650"
2026-09-01,Daging Sapi,1,"139,050"
2026-09-02,Daging Sapi,1,"139,050"
2026-09-03,Daging Sapi,1,"139,100"
2026-09-04,Daging Sapi,1,"139,100"
2026-09-07,Daging Sapi,1,"139,100"
2026-09-08,Daging Sapi,1,"139,100"
2026-09-09,Daging Sapi,1,"139,100"
2026-09-10,Daging Sapi,1,"139,300"
2026-09-11,Daging Sapi,1,"139,300"
2026-09-14,Daging Sapi,1,"139,300"
2026-09-15,Daging Sapi,1,"139,300"
2026-09-16,Daging Sapi,1,"139,300"
2026-09-17,Daging Sapi,1,"139,400"
2026-09-18,Daging Sapi,1,"139,400"
2026-09-21,Daging Sapi,1,"139,400"
2026-09-22,Daging Sapi,1,"139,400"
2026-09-23,Daging Sapi,1,"139,400"
2026-09-24,Daging Sapi,1,"139,850"
2026-09-25,Daging Sapi,1,"139,850"
2026-09-28,Daging Sapi,1,"139,850"
2026-09-29,Daging Sapi,1,"139,850"
2026-09-30,Daging Sapi,1,"139,850"
2026-09-01,Daging Sapi Kualitas 1,2,"143,050"
2026-09-02,Daging Sapi Kualitas 1,2,"143,050"
2026-09-03,Daging Sapi Kualitas 1,2,"143,050"
2026-09-04,Daging Sapi Kualitas 1,2,"143,050"
2026-09-07,Daging Sapi Kualitas 1,2,"143,050"
2026-09-08,Daging Sapi Kualitas 1,2,"143,050"
2026-09-09,Daging Sapi Kualitas 1,2,"143,050"
2026-09-10,Daging Sapi Kualitas 1,2,"143,250"
2026-09-11,Daging Sapi Kualitas 1,2,"143,250"
2026-09-14,Daging Sapi Kualitas 1,2,"143,250"
2026-09-15,Daging Sapi Kualitas 1,2,"143,250"
2026-09-16,Daging Sapi Kualitas 1,2,"143,250"
2026-09-17,Daging Sapi Kualitas 1,2,"143,400"
2026-09-18,Daging Sapi Kualitas 1,2,"143,400"
2026-09-21,Daging Sapi Kualitas 1,2,"143,400"
2026-09-22,Daging Sapi Kualitas 1,2,"143,400"
2026-09-23,Daging Sapi Kualitas 1,2,"143,400"
2026-09-24,Daging Sapi Kualitas 1,2,"143,900"
2026-09-25,Daging Sapi Kualitas 1,2,"143,900"
2026-09-28,Daging Sapi Kualitas 1,2,"143,900"
2026-09-29,Daging Sapi Kualitas 1,2,"143,900"
2026-09-30,Daging Sapi Kualitas 1,2,"143,900"
2026-09-01,Daging Sapi Kualitas 2,2,"134,500"
2026-09-02,Daging Sapi Kualitas 2,2,"134,500"
2026-09-03,Daging Sapi Kualitas 2,2,"134,350"
2026-09-04,Daging Sapi Kualitas 2,2,"134,350"
2026-09-07,Daging Sapi Kualitas 2,2,"134,350"
2026-09-08,Daging Sapi Kualitas 2,2,"134,350"
2026-09-09,Daging Sapi Kualitas 2,2,"134,350"
2026-09-10,Daging Sapi Kualitas 2,2,"134,600"
2026-09-11,Daging Sapi Kualitas 2,2,"134,600"
2026-09-14,Daging Sapi Kualitas 2,2,"134,600"
2026-09-15,Daging Sapi Kualitas 2,2,"134,600"
2026-09-16,Daging Sapi Kualitas 2,2,"134,600"
2026-09-17,Daging Sapi Kualitas 2,2,"134,650"
2026-09-18,Daging Sapi Kualitas 2,2,"134,650"
2026-09-21,Daging Sapi Kualitas 2,2,"134,650"
2026-09-22,Daging Sapi Kualitas 2,2,"134,650"
2026-09-23,Daging Sapi Kualitas 2,2,"134,650"
2026-09-24,Daging Sapi Kualitas 2,2,"135,100"
2026-09-25,Daging Sapi Kualitas 2,2,"135,100"
2026-09-28,Daging Sapi Kualitas 2,2,"135,100"
2026-09-29,Daging Sapi Kualitas 2,2,"135,100"
2026-09-30,Daging Sapi Kualitas 2,2,"135,100"
2026-09-01,Telur Ayam,1,"25,750"
2026-09-02,Telur Ayam,1,"25,750"
2026-09-03,Telur Ayam,1,"26,000"
2026-09-04,Telur Ayam,1,"26,000"
2026-09-07,Telur Ayam,1,"26,000"
2026-09-08,Telur Ayam,1,"26,000"
2026-09-09,Telur Ayam,1,"26,000"
2026-09-10,Telur Ayam,1,"26,050"
2026-09-11,Telur Ayam,1,"26,050"
2026-09-14,Telur Ayam,1,"26,050"
2026-09-15,Telur Ayam,1,"26,050"
2026-09-16,Telur Ayam,1,"26,100"
2026-09-17,Telur Ayam,1,"26,200"
2026-09-18,Telur Ayam,1,"26,200"
2026-09-21,Telur Ayam,1,"26,200"
2026-09-22,Telur Ayam,1,"26,200"
2026-09-23,Telur Ayam,1,"26,200"
2026-09-24,Telur Ayam,1,"26,300"
2026-09-25,Telur Ayam,1,"26,300"
2026-09-28,Telur Ayam,1,"26,300"
2026-09-29,Telur Ayam,1,"26,300"
2026-09-30,Telur Ayam,1,"26,300"
2026-09-01,Telur Ayam Ras Segar,2,"25,750"
2026-09-02,Telur Ayam Ras Segar,2,"25,750"
2026-09-03,Telur Ayam Ras Segar,2,"26,000"
2026-09-04,Telur Ayam Ras Segar,2,"26,000"
2026-09-07,Telur Ayam Ras Segar,2,"26,000"
2026-09-08,Telur Ayam Ras Segar,2,"26,000"
2026-09-09,Telur Ayam Ras Segar,2,"26,000"
2026-09-10,Telur Ayam Ras Segar,2,"26,050"
2026-09-11,Telur Ayam Ras Segar,2,"26,050"
2026-09-14,Telur Ayam Ras Segar,2,"26,050"
2026-09-15,Telur Ayam Ras Segar,2,"26,050"
2026-09-16,Telur Ayam Ras Segar,2,"26,100"
2026-09-17,Telur Ayam Ras Segar,2,"26,200"
2026-09-18,Telur Ayam Ras Segar,2,"26,200"
2026-09-21,Telur Ayam Ras Segar,2,"26,200"
2026-09-22,Telur Ayam Ras Segar,2,"26,200"
2026-09-23,Telur Ayam Ras Segar,2,"26,200"
2026-09-24,Telur Ayam Ras Segar,2,"26,300"
2026-09-25,Telur Ayam Ras Segar,2,"26,300"
2026-09-28,Telur Ayam Ras Segar,2,"26,300"
2026-09-29,Telur Ayam Ras Segar,2,"26,300"
2026-09-30,Telur Ayam Ras Segar,2,"26,300"
2026-09-01,Bawang Merah,1,"30,550"
2026-09-02,Bawang Merah,1,"30,550"
2026-09-03,Bawang Merah,1,"30,500"
2026-09-04,Bawang Merah,1,"30,500"
2026-09-07,Bawang Merah,1,"30,500"
2026-09-08,Bawang Merah,1,"30,500"
2026-09-09,Bawang Merah,1,"30,450"
2026-09-10,Bawang Merah,1,"29,950"
2026-09-11,Bawang Merah,1,"29,950"
2026-09-14,Bawang Merah,1,"29,950"
2026-09-15,Bawang Merah,1,"29,950"
2026-09-16,Bawang Merah,1,"29,950"
2026-09-17,Bawang Merah,1,"29,450"
2026-09-18,Bawang Merah,1,"29,450"
2026-09-21,Bawang Merah,1,"29,450"
2026-09-22,Bawang Merah,1,"29,450"
2026-09-23,Bawang Merah,1,"29,550"
2026-09-24,Bawang Merah,1,"29,600"
2026-09-25,Bawang Merah,1,"29,600"
2026-09-28,Bawang Merah,1,"29,600"
2026-09-29,Bawang Merah,1,"29,600"
2026-09-30,Bawang Merah,1,"29,450"
2026-09-01,Bawang Merah Ukuran Sedang,2,"30,550"
2026-09-02,Bawang Merah Ukuran Sedang,2,"30,550"
2026-09-03,Bawang Merah Ukuran Sedang,2,"30,500"
2026-09-04,Bawang Merah Ukuran Sedang,2,"30,500"
2026-09-07,Bawang Merah Ukuran Sedang,2,"30,500"
2026-09-08,Bawang Merah Ukuran Sedang,2,"30,500"
2026-09-09,Bawang Merah Ukuran Sedang,2,"30,450"
2026-09-10,Bawang Merah Ukuran Sedang,2,"29,950"
2026-09-11,Bawang Merah Ukuran Sedang,2,"29,950"
2026-09-14,Bawang Merah Ukuran Sedang,2,"29,950"
2026-09-15,Bawang Merah Ukuran Sedang,2,"29,950"
2026-09-16,Bawang Merah Ukuran Sedang,2,"29,950"
2026-09-17,Bawang Merah Ukuran Sedang,2,"29,450"
2026-09-18,Bawang Merah Ukuran Sedang,2,"29,450"
2026-09-21,Bawang Merah Ukuran Sedang,2,"29,450"
2026-09-22,Bawang Merah Ukuran Sedang,2,"29,450"
2026-09-23,Bawang Merah Ukuran Sedang,2,"29,550"
2026-09-24,Bawang Merah Ukuran Sedang,2,"29,600"
2026-09-25,Bawang Merah Ukuran Sedang,2,"29,600"
2026-09-28,Bawang Merah Ukuran Sedang,2,"29,600"
2026-09-29,Bawang Merah Ukuran Sedang,2,"29,600"
2026-09-30,Bawang Merah Ukuran Sedang,2,"29,450"
2026-09-01,Bawang Putih,1,"31,000"
2026-09-02,Bawang Putih,1,"31,000"
2026-09-03,Bawang Putih,1,"30,900"
2026-09-04,Bawang Putih,1,"30,900"
2026-09-07,Bawang Putih,1,"30,900"
2026-09-08,Bawang Putih,1,"30,900"
2026-09-09,Bawang Putih,1,"30,850"
2026-09-10,Bawang Putih,1,"30,800"
2026-09-11,Bawang Putih,1,"30,800"
2026-09-14,Bawang Putih,1,"30,800"
2026-09-15,Bawang Putih,1,"30,800"
2026-09-16,Bawang Putih,1,"30,800"
2026-09-17,Bawang Putih,1,"30,650"
2026-09-18,Bawang Putih,1,"30,650"
2026-09-21,Bawang Putih,1,"30,650"
2026-09-22,Bawang Putih,1,"30,650"
2026-09-23,Bawang Putih,1,"30,650"
2026-09-24,Bawang Putih,1,"30,500"
2026-09-25,Bawang Putih,1,"30,500"
2026-09-28,Bawang Putih,1,"30,500"
2026-09-29,Bawang Putih,1,"30,500"
2026-09-30,Bawang Putih,1,"30,450"
2026-09-01,Bawang Putih Ukuran Sedang,2,"31,000"
2026-09-02,Bawang Putih Ukuran Sedang,2,"31,000"
2026-09-03,Bawang Putih Ukuran Sedang,2,"30,900"
2026-09-04,Bawang Putih Ukuran Sedang,2,"30,900"
2026-09-07,Bawang Putih Ukuran Sedang,2,"30,900"
2026-09-08,Bawang Putih Ukuran Sedang,2,"30,900"
2026-09-09,Bawang Putih Ukuran Sedang,2,"30,850"
2026-09-10,Bawang Putih Ukuran Sedang,2,"30,800"
2026-09-11,Bawang Putih Ukuran Sedang,2,"30,800"
2026-09-14,Bawang Putih Ukuran Sedang,2,"30,800"
2026-09-15,Bawang Putih Ukuran Sedang,2,"30,800"
2026-09-16,Bawang Putih Ukuran Sedang,2,"30,800"
2026-09-17,Bawang Putih Ukuran Sedang,2,"30,650"
2026-09-18,Bawang Putih Ukuran Sedang,2,"30,650"
2026-09-21,Bawang Putih Ukuran Sedang,2,"30,650"
2026-09-22,Bawang Putih Ukuran Sedang,2,"30,650"
2026-09-23,Bawang Putih Ukuran Sedang,2,"30,650"
2026-09-24,Bawang Putih Ukuran Sedang,2,"30,500"
2026-09-25,Bawang Putih Ukuran Sedang,2,"30,500"
2026-09-28,Bawang Putih Ukuran Sedang,2,"30,500"
2026-09-29,Bawang Putih Ukuran Sedang,2,"30,500"
2026-09-30,Bawang Putih Ukuran Sedang,2,"30,450"
2026-09-01,Cabai Merah,1,"41,550"
2026-09-02,Cabai Merah,1,"41,600"
2026-09-03,Cabai Merah,1,"44,900"
2026-09-04,Cabai Merah,1,"44,900"
2026-09-07,Cabai Merah,1,"44,900"
2026-09-08,Cabai Merah,1,"44,900"
2026-09-09,Cabai Merah,1,"45,050"
2026-09-10,Cabai Merah,1,"49,500"
2026-09-11,Cabai Merah,1,"49,750"
2026-09-14,Cabai Merah,1,"49,750"
2026-09-15,Cabai Merah,1,"49,750"
2026-09-16,Cabai Merah,1,"49,800"
2026-09-17,Cabai Merah,1,"53,450"
2026-09-18,Cabai Merah,1,"53,450"
2026-09-21,Cabai Merah,1,"53,450"
2026-09-22,Cabai Merah,1,"53,450"
2026-09-23,Cabai Merah,1,"53,450"
2026-09-24,Cabai Merah,1,"54,100"
2026-09-25,Cabai Merah,1,"54,100"
2026-09-28,Cabai Merah,1,"54,100"
2026-09-29,Cabai Merah,1,"54,100"
2026-09-30,Cabai Merah,1,"54,150"
2026-09-01,Cabai Merah Besar,2,"37,650"
2026-09-02,Cabai Merah Besar,2,"37,650"
2026-09-03,Cabai Merah Besar,2,"39,150"
2026-09-04,Cabai Merah Besar,2,"39,150"
2026-09-07,Cabai Merah Besar,2,"39,150"
2026-09-08,Cabai Merah Besar,2,"39,150"
2026-09-09,Cabai Merah Besar,2,"39,250"
2026-09-10,Cabai Merah Besar,2,"42,100"
2026-09-11,Cabai Merah Besar,2,"42,100"
2026-09-14,Cabai Merah Besar,2,"42,100"
2026-09-15,Cabai Merah Besar,2,"42,100"
2026-09-16,Cabai Merah Besar,2,"42,200"
2026-09-17,Cabai Merah Besar,2,"44,200"
2026-09-18,Cabai Merah Besar,2,"44,200"
2026-09-21,Cabai Merah Besar,2,"44,200"
2026-09-22,Cabai Merah Besar,2,"44,200"
2026-09-23,Cabai Merah Besar,2,"44,100"
2026-09-24,Cabai Merah Besar,2,"44,650"
2026-09-25,Cabai Merah Besar,2,"44,650"
2026-09-28,Cabai Merah Besar,2,"44,650"
2026-09-29,Cabai Merah Besar,2,"44,650"
2026-09-30,Cabai Merah Besar,2,"44,650"
2026-09-01,Cabai Merah Keriting ,2,"40,950"
2026-09-02,Cabai Merah Keriting ,2,"41,000"
2026-09-03,Cabai Merah Keriting ,2,"45,350"
2026-09-04,Cabai Merah Keriting ,2,"45,350"
2026-09-07,Cabai Merah Keriting ,2,"45,350"
2026-09-08,Cabai Merah Keriting ,2,"45,350"
2026-09-09,Cabai Merah Keriting ,2,"45,600"
2026-09-10,Cabai Merah Keriting ,2,"50,850"
2026-09-11,Cabai Merah Keriting ,2,"51,050"
2026-09-14,Cabai Merah Keriting ,2,"51,050"
2026-09-15,Cabai Merah Keriting ,2,"51,050"
2026-09-16,Cabai Merah Keriting ,2,"51,150"
2026-09-17,Cabai Merah Keriting ,2,"56,250"
2026-09-18,Cabai Merah Keriting ,2,"56,250"
2026-09-21,Cabai Merah Keriting ,2,"56,250"
2026-09-22,Cabai Merah Keriting ,2,"56,250"
2026-09-23,Cabai Merah Keriting ,2,"56,300"
2026-09-24,Cabai Merah Keriting ,2,"56,550"
2026-09-25,Cabai Merah Keriting ,2,"56,550"
2026-09-28,Cabai Merah Keriting ,2,"56,550"
2026-09-29,Cabai Merah Keriting ,2,"56,550"
2026-09-30,Cabai Merah Keriting ,2,"56,700"
2026-09-01,Cabai Rawit,1,"57,500"
2026-09-02,Cabai Rawit,1,"57,600"
2026-09-03,Cabai Rawit,1,"61,700"
2026-09-04,Cabai Rawit,1,"61,700"
2026-09-07,Cabai Rawit,1,"61,700"
2026-09-08,Cabai Rawit,1,"61,700"
2026-09-09,Cabai Rawit,1,"62,100"
2026-09-10,Cabai Rawit,1,"67,250"
2026-09-11,Cabai Rawit,1,"68,050"
2026-09-14,Cabai Rawit,1,"68,050"
2026-09-15,Cabai Rawit,1,"68,050"
2026-09-16,Cabai Rawit,1,"67,950"
2026-09-17,Cabai Rawit,1,"70,150"
2026-09-18,Cabai Rawit,1,"70,150"
2026-09-21,Cabai Rawit,1,"70,150"
2026-09-22,Cabai Rawit,1,"70,150"
2026-09-23,Cabai Rawit,1,"70,300"
2026-09-24,Cabai Rawit,1,"70,300"
2026-09-25,Cabai Rawit,1,"70,300"
2026-09-28,Cabai Rawit,1,"70,300"
2026-09-29,Cabai Rawit,1,"70,300"
2026-09-30,Cabai Rawit,1,"70,400"
2026-09-01,Cabai Rawit Hijau,2,"50,950"
2026-09-02,Cabai Rawit Hijau,2,"50,900"
2026-09-03,Cabai Rawit Hijau,2,"51,900"
2026-09-04,Cabai Rawit Hijau,2,"51,900"
2026-09-07,Cabai Rawit Hijau,2,"51,900"
2026-09-08,Cabai Rawit Hijau,2,"51,900"
2026-09-09,Cabai Rawit Hijau,2,"52,150"
2026-09-10,Cabai Rawit Hijau,2,"55,500"
2026-09-11,Cabai Rawit Hijau,2,"56,000"
2026-09-14,Cabai Rawit Hijau,2,"56,000"
2026-09-15,Cabai Rawit Hijau,2,"56,000"
2026-09-16,Cabai Rawit Hijau,2,"56,300"
2026-09-17,Cabai Rawit Hijau,2,"59,000"
2026-09-18,Cabai Rawit Hijau,2,"59,000"
2026-09-21,Cabai Rawit Hijau,2,"59,000"
2026-09-22,Cabai Rawit Hijau,2,"59,000"
2026-09-23,Cabai Rawit Hijau,2,"58,750"
2026-09-24,Cabai Rawit Hijau,2,"59,400"
2026-09-25,Cabai Rawit Hijau,2,"59,400"
2026-09-28,Cabai Rawit Hijau,2,"59,400"
2026-09-29,Cabai Rawit Hijau,2,"59,400"
2026-09-30,Cabai Rawit Hijau,2,"59,600"
2026-09-01,Cabai Rawit Merah,2,"63,000"
2026-09-02,Cabai Rawit Merah,2,"63,200"
2026-09-03,Cabai Rawit Merah,2,"70,400"
2026-09-04,Cabai Rawit Merah,2,"70,400"
2026-09-07,Cabai Rawit Merah,2,"70,400"
2026-09-08,Cabai Rawit Merah,2,"70,400"
2026-09-09,Cabai Rawit Merah,2,"71,000"
2026-09-10,Cabai Rawit Merah,2,"77,350"
2026-09-11,Cabai Rawit Merah,2,"77,750"
2026-09-14,Cabai Rawit Merah,2,"77,750"
2026-09-15,Cabai Rawit Merah,2,"77,750"
2026-09-16,Cabai Rawit Merah,2,"77,300"
2026-09-17,Cabai Rawit Merah,2,"79,950"
2026-09-18,Cabai Rawit Merah,2,"79,950"
2026-09-21,Cabai Rawit Merah,2,"79,950"
2026-09-22,Cabai Rawit Merah,2,"79,950"
2026-09-23,Cabai Rawit Merah,2,"80,500"
2026-09-24,Cabai Rawit Merah,2,"79,850"
2026-09-25,Cabai Rawit Merah,2,"79,850"
2026-09-28,Cabai Rawit Merah,2,"79,850"
2026-09-29,Cabai Rawit Merah,2,"79,850"
2026-09-30,Cabai Rawit Merah,2,"79,950"
2026-09-01,Minyak Goreng,1,"21,100"
2026-09-02,Minyak Goreng,1,"21,100"
2026-09-03,Minyak Goreng,1,"21,100"
2026-09-04,Minyak Goreng,1,"21,100"
2026-09-07,Minyak Goreng,1,"21,100"
2026-09-08,Minyak Goreng,1,"21,100"
2026-09-09,Minyak Goreng,1,"21,100"
2026-09-10,Minyak Goreng,1,"21,150"
2026-09-11,Minyak Goreng,1,"21,150"
2026-09-14,Minyak Goreng,1,"21,150"
2026-09-15,Minyak Goreng,1,"21,150"
2026-09-16,Minyak Goreng,1,"21,150"
2026-09-17,Minyak Goreng,1,"21,100"
2026-09-18,Minyak Goreng,1,"21,100"
2026-09-21,Minyak Goreng,1,"21,100"
2026-09-22,Minyak Goreng,1,"21,100"
2026-09-23,Minyak Goreng,1,"21,100"
2026-09-24,Minyak Goreng,1,"21,100"
2026-09-25,Minyak Goreng,1,"21,100"
2026-09-28,Minyak Goreng,1,"21,100"
2026-09-29,Minyak Goreng,1,"21,100"
2026-09-30,Minyak Goreng,1,"21,100"
2026-09-01,Minyak Goreng Curah,2,"18,850"
2026-09-02,Minyak Goreng Curah,2,"18,850"
2026-09-03,Minyak Goreng Curah,2,"18,800"
2026-09-04,Minyak Goreng Curah,2,"18,800"
2026-09-07,Minyak Goreng Curah,2,"18,800"
2026-09-08,Minyak Goreng Curah,2,"18,800"
2026-09-09,Minyak Goreng Curah,2,"18,800"
2026-09-10,Minyak Goreng Curah,2,"18,850"
2026-09-11,Minyak Goreng Curah,2,"18,850"
2026-09-14,Minyak Goreng Curah,2,"18,850"
2026-09-15,Minyak Goreng Curah,2,"18,850"
2026-09-16,Minyak Goreng Curah,2,"18,850"
2026-09-17,Minyak Goreng Curah,2,"18,700"
2026-09-18,Minyak Goreng Curah,2,"18,700"
2026-09-21,Minyak Goreng Curah,2,"18,700"
2026-09-22,Minyak Goreng Curah,2,"18,700"
2026-09-23,Minyak Goreng Curah,2,"18,700"
2026-09-24,Minyak Goreng Curah,2,"18,750"
2026-09-25,Minyak Goreng Curah,2,"18,750"
2026-09-28,Minyak Goreng Curah,2,"18,750"
2026-09-29,Minyak Goreng Curah,2,"18,750"
2026-09-30,Minyak Goreng Curah,2,"18,750"
2026-09-01,Minyak Goreng Kemasan Bermerk 1,2,"22,150"
2026-09-02,Minyak Goreng Kemasan Bermerk 1,2,"22,150"
2026-09-03,Minyak Goreng Kemasan Bermerk 1,2,"22,200"
2026-09-04,Minyak Goreng Kemasan Bermerk 1,2,"22,200"
2026-09-07,Minyak Goreng Kemasan Bermerk 1,2,"22,200"
2026-09-08,Minyak Goreng Kemasan Bermerk 1,2,"22,200"
2026-09-09,Minyak Goreng Kemasan Bermerk 1,2,"22,200"
2026-09-10,Minyak Goreng Kemasan Bermerk 1,2,"22,200"
2026-09-11,Minyak Goreng Kemasan Bermerk 1,2,"22,200"
2026-09-14,Minyak Goreng Kemasan Bermerk 1,2,"22,200"
2026-09-15,Minyak Goreng Kemasan Bermerk 1,2,"22,200"
2026-09-16,Minyak Goreng Kemasan Bermerk 1,2,"22,200"
2026-09-17,Minyak Goreng Kemasan Bermerk 1,2,"22,200"
2026-09-18,Minyak Goreng Kemasan Bermerk 1,2,"22,200"
2026-09-21,Minyak Goreng Kemasan Bermerk 1,2,"22,200"
2026-09-22,Minyak Goreng Kemasan Bermerk 1,2,"22,200"
2026-09-23,Minyak Goreng Kemasan Bermerk 1,2,"22,200"
2026-09-24,Minyak Goreng Kemasan Bermerk 1,2,"22,200"
2026-09-25,Minyak Goreng Kemasan Bermerk 1,2,"22,200"
2026-09-28,Minyak Goreng Kemasan Bermerk 1,2,"22,200"
2026-09-29,Minyak Goreng Kemasan Bermerk 1,2,"22,200"
2026-09-30,Minyak Goreng Kemasan Bermerk 1,2,"22,200"
2026-09-01,Minyak Goreng Kemasan Bermerk 2,2,"21,650"
2026-09-02,Minyak Goreng Kemasan Bermerk 2,2,"21,650"
2026-09-03,Minyak Goreng Kemasan Bermerk 2,2,"21,650"
2026-09-04,Minyak Goreng Kemasan Bermerk 2,2,"21,650"
2026-09-07,Minyak Goreng Kemasan Bermerk 2,2,"21,650"
2026-09-08,Minyak Goreng Kemasan Bermerk 2,2,"21,650"
2026-09-09,Minyak Goreng Kemasan Bermerk 2,2,"21,650"
2026-09-10,Minyak Goreng Kemasan Bermerk 2,2,"21,700"
2026-09-11,Minyak Goreng Kemasan Bermerk 2,2,"21,700"
2026-09-14,Minyak Goreng Kemasan Bermerk 2,2,"21,700"
2026-09-15,Minyak Goreng Kemasan Bermerk 2,2,"21,700"
2026-09-16,Minyak Goreng Kemasan Bermerk 2,2,"21,700"
2026-09-17,Minyak Goreng Kemasan Bermerk 2,2,"21,700"
2026-09-18,Minyak Goreng Kemasan Bermerk 2,2,"21,700"
2026-09-21,Minyak Goreng Kemasan Bermerk 2,2,"21,700"
2026-09-22,Minyak Goreng Kemasan Bermerk 2,2,"21,700"
2026-09-23,Minyak Goreng Kemasan Bermerk 2,2,"21,700"
2026-09-24,Minyak Goreng Kemasan Bermerk 2,2,"21,700"
2026-09-25,Minyak Goreng Kemasan Bermerk 2,2,"21,700"
2026-09-28,Minyak Goreng Kemasan Bermerk 2,2,"21,700"
2026-09-29,Minyak Goreng Kemasan Bermerk 2,2,"21,700"
2026-09-30,Minyak Goreng Kemasan Bermerk 2,2,"21,700"
2026-09-01,Gula Pasir,1,"17,850"
2026-09-02,Gula Pasir,1,"17,850"
2026-09-03,Gula Pasir,1,"17,900"
2026-09-04,Gula Pasir,1,"17,900"
2026-09-07,Gula Pasir,1,"17,900"
2026-09-08,Gula Pasir,1,"17,900"
2026-09-09,Gula Pasir,1,"17,900"
2026-09-10,Gula Pasir,1,"17,950"
2026-09-11,Gula Pasir,1,"17,950"
2026-09-14,Gula Pasir,1,"17,950"
2026-09-15,Gula Pasir,1,"17,950"
2026-09-16,Gula Pasir,1,"17,950"
2026-09-17,Gula Pasir,1,"17,950"
2026-09-18,Gula Pasir,1,"17,950"
2026-09-21,Gula Pasir,1,"17,950"
2026-09-22,Gula Pasir,1,"17,950"
2026-09-23,Gula Pasir,1,"17,950"
2026-09-24,Gula Pasir,1,"18,000"
2026-09-25,Gula Pasir,1,"18,000"
2026-09-28,Gula Pasir,1,"18,000"
2026-09-29,Gula Pasir,1,"18,000"
2026-09-30,Gula Pasir,1,"18,000"
2026-09-01,Gula Pasir Kualitas Premium,2,"18,650"
2026-09-02,Gula Pasir Kualitas Premium,2,"18,650"
2026-09-03,Gula Pasir Kualitas Premium,2,"18,650"
2026-09-04,Gula Pasir Kualitas Premium,2,"18,650"
2026-09-07,Gula Pasir Kualitas Premium,2,"18,650"
2026-09-08,Gula Pasir Kualitas Premium,2,"18,650"
2026-09-09,Gula Pasir Kualitas Premium,2,"18,650"
2026-09-10,Gula Pasir Kualitas Premium,2,"18,700"
2026-09-11,Gula Pasir Kualitas Premium,2,"18,700"
2026-09-14,Gula Pasir Kualitas Premium,2,"18,700"
2026-09-15,Gula Pasir Kualitas Premium,2,"18,700"
2026-09-16,Gula Pasir Kualitas Premium,2,"18,700"
2026-09-17,Gula Pasir Kualitas Premium,2,"18,650"
2026-09-18,Gula Pasir Kualitas Premium,2,"18,650"
2026-09-21,Gula Pasir Kualitas Premium,2,"18,650"
2026-09-22,Gula Pasir Kualitas Premium,2,"18,650"
2026-09-23,Gula Pasir Kualitas Premium,2,"18,650"
2026-09-24,Gula Pasir Kualitas Premium,2,"18,700"
2026-09-25,Gula Pasir Kualitas Premium,2,"18,700"
2026-09-28,Gula Pasir Kualitas Premium,2,"18,700"
2026-09-29,Gula Pasir Kualitas Premium,2,"18,700"
2026-09-30,Gula Pasir Kualitas Premium,2,"18,700"
2026-09-01,Gula Pasir Lokal,2,"17,300"
2026-09-02,Gula Pasir Lokal,2,"17,300"
2026-09-03,Gula Pasir Lokal,2,"17,450"
2026-09-04,Gula Pasir Lokal,2,"17,450"
2026-09-07,Gula Pasir Lokal,2,"17,450"
2026-09-08,Gula Pasir Lokal,2,"17,450"
2026-09-09,Gula Pasir Lokal,2,"17,450"
2026-09-10,Gula Pasir Lokal,2,"17,450"
2026-09-11,Gula Pasir Lokal,2,"17,450"
2026-09-14,Gula Pasir Lokal,2,"17,450"
2026-09-15,Gula Pasir Lokal,2,"17,450"
2026-09-16,Gula Pasir Lokal,2,"17,450"
2026-09-17,Gula Pasir Lokal,2,"17,500"
2026-09-18,Gula Pasir Lokal,2,"17,500"
2026-09-21,Gula Pasir Lokal,2,"17,500"
2026-09-22,Gula Pasir Lokal,2,"17,500"
2026-09-23,Gula Pasir Lokal,2,"17,500"
2026-09-24,Gula Pasir Lokal,2,"17,550"
2026-09-25,Gula Pasir Lokal,2,"17,550"
2026-09-28,Gula Pasir Lokal,2,"17,550"
2026-09-29,Gula Pasir Lokal,2,"17,550"
2026-09-30,Gula Pasir Lokal,2,"17,550"
